tile,tile_had_nan,trial,mask_type,mask_ratio,n_bands_masked,mae,rmse,psnr_db,n_values_excluded_nan,n_values_total
PACE_OCI.20240510T002414.L1B.V3_image_055.npy,False,0,contiguous,0.2,58,0.03627111818567304,0.06562678935978368,23.65837684170499,0,534528
PACE_OCI.20240510T002414.L1B.V3_image_055.npy,False,0,scattered,0.2,58,0.0037742181046276223,0.009862650282904707,40.1201273227197,0,534528
PACE_OCI.20240510T002414.L1B.V3_image_055.npy,False,1,contiguous,0.2,58,0.03088636349300565,0.03629585939930346,28.802858321647562,0,534528
PACE_OCI.20240510T002414.L1B.V3_image_055.npy,False,1,scattered,0.2,58,0.017483142201377044,0.08232812350815641,21.689035665616416,0,534528
PACE_OCI.20240510T002414.L1B.V3_image_055.npy,False,2,contiguous,0.2,58,0.06777261496566958,0.08165523190234338,21.760319668999895,0,534528
PACE_OCI.20240510T002414.L1B.V3_image_055.npy,False,2,scattered,0.2,58,0.005169622721289951,0.015758621392116968,36.04963556939687,0,534528
PACE_OCI.20240510T002414.L1B.V3_image_055.npy,False,3,contiguous,0.2,58,0.012628890334405037,0.01880547333221023,34.514314618955595,0,534528
PACE_OCI.20240510T002414.L1B.V3_image_055.npy,False,3,scattered,0.2,58,0.005209164603739373,0.022498709923075805,32.95684767275244,0,534528
PACE_OCI.20240510T002414.L1B.V3_image_055.npy,False,4,contiguous,0.2,58,0.023250196388933456,0.027402640515837424,31.24415173176386,0,534528
PACE_OCI.20240510T002414.L1B.V3_image_055.npy,False,4,scattered,0.2,58,0.006683461556210553,0.026881918478825803,31.41079480534335,0,534528
PACE_OCI.20240510T002414.L1B.V3_image_055.npy,False,5,contiguous,0.2,58,0.04520172421959903,0.05321362998941704,25.47954228980035,0,534528
PACE_OCI.20240510T002414.L1B.V3_image_055.npy,False,5,scattered,0.2,58,0.00405516616426199,0.015571094626132407,36.15361712130422,0,534528
PACE_OCI.20240510T002414.L1B.V3_image_055.npy,False,6,contiguous,0.2,58,0.0169094826030467,0.020884556118250613,33.603495016493355,0,534528
PACE_OCI.20240510T002414.L1B.V3_image_055.npy,False,6,scattered,0.2,58,0.005299848989731787,0.018285415387461777,34.75790338802443,0,534528
PACE_OCI.20240510T002414.L1B.V3_image_055.npy,False,7,contiguous,0.2,58,0.0543546603877248,0.07488227421562728,22.512419486173798,0,534528
PACE_OCI.20240510T002414.L1B.V3_image_055.npy,False,7,scattered,0.2,58,0.004455618838369824,0.017511845965320842,35.13336142979084,0,534528
PACE_OCI.20240510T002414.L1B.V3_image_055.npy,False,8,contiguous,0.2,58,0.031586025325115494,0.06234319201177264,24.104219306628117,0,534528
PACE_OCI.20240510T002414.L1B.V3_image_055.npy,False,8,scattered,0.2,58,0.005538480922430465,0.017196745040744244,35.29107495093927,0,534528
PACE_OCI.20240510T002414.L1B.V3_image_055.npy,False,9,contiguous,0.2,58,0.018813397521844855,0.0239563391430042,32.411590947244356,0,534528
PACE_OCI.20240510T002414.L1B.V3_image_055.npy,False,9,scattered,0.2,58,0.004783350655823406,0.02413719594209343,32.346263680307096,0,534528
PACE_OCI.20240510T003914.L1B.V3_image_087.npy,True,0,contiguous,0.2,58,0.006633062999693623,0.013969542659311072,37.096356235323775,1740,534528
PACE_OCI.20240510T003914.L1B.V3_image_087.npy,True,0,scattered,0.2,58,0.0009110849812592113,0.0028972469217503545,50.76028979779696,217,534528
PACE_OCI.20240510T003914.L1B.V3_image_087.npy,True,1,contiguous,0.2,58,0.012675694682208426,0.01440359652610674,36.83058105195733,0,534528
PACE_OCI.20240510T003914.L1B.V3_image_087.npy,True,1,scattered,0.2,58,0.0023778797266748213,0.014652214465578841,36.68193466319137,163,534528
PACE_OCI.20240510T003914.L1B.V3_image_087.npy,True,2,contiguous,0.2,58,0.008273793709125685,0.013028729852876625,37.701958416023245,2088,534528
PACE_OCI.20240510T003914.L1B.V3_image_087.npy,True,2,scattered,0.2,58,0.0010744056123862295,0.004209883206878762,47.51459904913776,217,534528
PACE_OCI.20240510T003914.L1B.V3_image_087.npy,True,3,contiguous,0.2,58,0.00423695395473678,0.004885586232223803,46.22166633739158,2088,534528
PACE_OCI.20240510T003914.L1B.V3_image_087.npy,True,3,scattered,0.2,58,0.0010537122446514682,0.004588432623954909,46.76671282091418,197,534528
PACE_OCI.20240510T003914.L1B.V3_image_087.npy,True,4,contiguous,0.2,58,0.0027145325386410918,0.003833111112504402,48.32897182859352,1032,534528
PACE_OCI.20240510T003914.L1B.V3_image_087.npy,True,4,scattered,0.2,58,0.001423998321308228,0.006273952587224386,44.0491753524997,166,534528
PACE_OCI.20240510T003914.L1B.V3_image_087.npy,True,5,contiguous,0.2,58,0.00790339955653638,0.008802091107857348,41.108282809906086,1218,534528
PACE_OCI.20240510T003914.L1B.V3_image_087.npy,True,5,scattered,0.2,58,0.0012526709871795362,0.008327172375361326,41.59004890403975,249,534528
PACE_OCI.20240510T003914.L1B.V3_image_087.npy,True,6,contiguous,0.2,58,0.0033775732472929093,0.004664556332260871,46.623793154594324,862,534528
PACE_OCI.20240510T003914.L1B.V3_image_087.npy,True,6,scattered,0.2,58,0.0009861077772513837,0.0030519522986882644,50.30844517173739,157,534528
PACE_OCI.20240510T003914.L1B.V3_image_087.npy,True,7,contiguous,0.2,58,0.006954552266272568,0.014085068902041963,37.024820483392446,371,534528
PACE_OCI.20240510T003914.L1B.V3_image_087.npy,True,7,scattered,0.2,58,0.0006705634816741104,0.003885200557659689,48.21173115200138,197,534528
PACE_OCI.20240510T003914.L1B.V3_image_087.npy,True,8,contiguous,0.2,58,0.007113882775032311,0.013004990369433056,37.71779930150923,522,534528
PACE_OCI.20240510T003914.L1B.V3_image_087.npy,True,8,scattered,0.2,58,0.0012851905082446574,0.005858090406389948,44.644878604971936,172,534528
PACE_OCI.20240510T003914.L1B.V3_image_087.npy,True,9,contiguous,0.2,58,0.0024202233132722176,0.0035480102873237307,49.0003025923561,933,534528
PACE_OCI.20240510T003914.L1B.V3_image_087.npy,True,9,scattered,0.2,58,0.0012368086121352997,0.008258189484543583,41.66230312879626,254,534528
PACE_OCI.20240510T003914.L1B.V3_image_178.npy,True,0,contiguous,0.2,58,0.006954478752935371,0.015114393434476393,36.41218554179824,580,534528
PACE_OCI.20240510T003914.L1B.V3_image_178.npy,True,0,scattered,0.2,58,0.0010992359370334184,0.005877197939549663,44.616593646639195,92,534528
PACE_OCI.20240510T003914.L1B.V3_image_178.npy,True,1,contiguous,0.2,58,0.013275806363845953,0.014512827333181556,36.764959434795145,0,534528
PACE_OCI.20240510T003914.L1B.V3_image_178.npy,True,1,scattered,0.2,58,0.004732454015172923,0.03495875826590483,29.128880037825336,75,534528
PACE_OCI.20240510T003914.L1B.V3_image_178.npy,True,2,contiguous,0.2,58,0.006618798297502364,0.012796511923870503,37.858167886192824,580,534528
PACE_OCI.20240510T003914.L1B.V3_image_178.npy,True,2,scattered,0.2,58,0.0011002431224654903,0.0053205312748095075,45.48089999245185,116,534528
PACE_OCI.20240510T003914.L1B.V3_image_178.npy,True,3,contiguous,0.2,58,0.004565528415907132,0.005520894329492003,45.159811304462984,580,534528
PACE_OCI.20240510T003914.L1B.V3_image_178.npy,True,3,scattered,0.2,58,0.0013821695374917132,0.009039741195688162,40.87688006061099,90,534528
PACE_OCI.20240510T003914.L1B.V3_image_178.npy,True,4,contiguous,0.2,58,0.0028767423625805045,0.004933154378444362,46.137505869725615,444,534528
PACE_OCI.20240510T003914.L1B.V3_image_178.npy,True,4,scattered,0.2,58,0.0017400715431791262,0.01081303931001109,39.321044363220864,74,534528
PACE_OCI.20240510T003914.L1B.V3_image_178.npy,True,5,contiguous,0.2,58,0.007473252578875269,0.008580721097657503,41.32952427665217,580,534528
PACE_OCI.20240510T003914.L1B.V3_image_178.npy,True,5,scattered,0.2,58,0.0008063711357856593,0.005481210104640759,45.222471006404035,105,534528
PACE_OCI.20240510T003914.L1B.V3_image_178.npy,True,6,contiguous,0.2,58,0.004379009041872218,0.007952198722822686,41.9902555119861,444,534528
PACE_OCI.20240510T003914.L1B.V3_image_178.npy,True,6,scattered,0.2,58,0.0010983306463086212,0.004915407856435092,46.16880881421459,57,534528
PACE_OCI.20240510T003914.L1B.V3_image_178.npy,True,7,contiguous,0.2,58,0.005584261168911295,0.014074654649485693,37.03124505303179,322,534528
PACE_OCI.20240510T003914.L1B.V3_image_178.npy,True,7,scattered,0.2,58,0.0007642266666682096,0.005061511121552488,45.91439609096475,94,534528
PACE_OCI.20240510T003914.L1B.V3_image_178.npy,True,8,contiguous,0.2,58,0.00807265541624466,0.014560947573938643,36.73620723570395,464,534528
PACE_OCI.20240510T003914.L1B.V3_image_178.npy,True,8,scattered,0.2,58,0.0012455273311877044,0.006758741243876513,43.40268360111299,88,534528
PACE_OCI.20240510T003914.L1B.V3_image_178.npy,True,9,contiguous,0.2,58,0.0024468404608041193,0.004070262631089865,47.80755134594657,444,534528
PACE_OCI.20240510T003914.L1B.V3_image_178.npy,True,9,scattered,0.2,58,0.0011392341826625748,0.009169819800189905,40.75278397482666,123,534528
PACE_OCI.20240510T003914.L1B.V3_image_200.npy,False,0,contiguous,0.2,58,0.004291670052516525,0.008097923070405093,41.83252706618851,0,534528
PACE_OCI.20240510T003914.L1B.V3_image_200.npy,False,0,scattered,0.2,58,0.0006876313156038217,0.002920226727091155,50.691668570332915,0,534528
PACE_OCI.20240510T003914.L1B.V3_image_200.npy,False,1,contiguous,0.2,58,0.012732258021303122,0.01385217992270629,37.16963752274169,0,534528
PACE_OCI.20240510T003914.L1B.V3_image_200.npy,False,1,scattered,0.2,58,0.0027815515840094187,0.017746205522109516,35.017889862854325,0,534528
PACE_OCI.20240510T003914.L1B.V3_image_200.npy,False,2,contiguous,0.2,58,0.004049376415953429,0.0066869101986998586,43.49549018164576,0,534528
PACE_OCI.20240510T003914.L1B.V3_image_200.npy,False,2,scattered,0.2,58,0.000751305960859644,0.0027989497135519617,51.06009808157407,0,534528
PACE_OCI.20240510T003914.L1B.V3_image_200.npy,False,3,contiguous,0.2,58,0.0038701822705849353,0.004424026052138128,47.08364648458019,0,534528
PACE_OCI.20240510T003914.L1B.V3_image_200.npy,False,3,scattered,0.2,58,0.000896132783694535,0.004665682710284787,46.62169597461653,0,534528
PACE_OCI.20240510T003914.L1B.V3_image_200.npy,False,4,contiguous,0.2,58,0.0018797665499168906,0.002812156995307593,51.01920874919989,0,534528
PACE_OCI.20240510T003914.L1B.V3_image_200.npy,False,4,scattered,0.2,58,0.0010258108754576088,0.005348724155196558,45.43499597990133,0,534528
PACE_OCI.20240510T003914.L1B.V3_image_200.npy,False,5,contiguous,0.2,58,0.006088546473115483,0.006767355525292812,43.39162014221779,0,534528
PACE_OCI.20240510T003914.L1B.V3_image_200.npy,False,5,scattered,0.2,58,0.0004821016950419916,0.0025990564889276473,51.703685625347504,0,534528
PACE_OCI.20240510T003914.L1B.V3_image_200.npy,False,6,contiguous,0.2,58,0.0026711149118819892,0.0042870021590845145,47.35692595526785,0,534528
PACE_OCI.20240510T003914.L1B.V3_image_200.npy,False,6,scattered,0.2,58,0.0007374878522671123,0.0027367860817435414,51.25518294948932,0,534528
PACE_OCI.20240510T003914.L1B.V3_image_200.npy,False,7,contiguous,0.2,58,0.0034630779048735504,0.007386358027193511,42.631392906172884,0,534528
PACE_OCI.20240510T003914.L1B.V3_image_200.npy,False,7,scattered,0.2,58,0.000545434280718803,0.002627257990254638,51.609945569458766,0,534528
PACE_OCI.20240510T003914.L1B.V3_image_200.npy,False,8,contiguous,0.2,58,0.00480590932681051,0.007539310467106153,42.45336744341233,0,534528
PACE_OCI.20240510T003914.L1B.V3_image_200.npy,False,8,scattered,0.2,58,0.0007563598162078644,0.003360345498501596,49.472321354710346,0,534528
PACE_OCI.20240510T003914.L1B.V3_image_200.npy,False,9,contiguous,0.2,58,0.0016022891228518815,0.0022841794952951568,52.825395427497064,0,534528
PACE_OCI.20240510T003914.L1B.V3_image_200.npy,False,9,scattered,0.2,58,0.0006971549920699905,0.004578652948878337,46.785245474495774,0,534528
PACE_OCI.20240510T003914.L1B.V3_image_217.npy,True,0,contiguous,0.2,58,0.007632745183354013,0.019185164149924903,34.34068961177188,12354,534528
PACE_OCI.20240510T003914.L1B.V3_image_217.npy,True,0,scattered,0.2,58,0.0013644715353976046,0.008386655704642925,41.528223712067415,2211,534528
PACE_OCI.20240510T003914.L1B.V3_image_217.npy,True,1,contiguous,0.2,58,0.013035003622503729,0.014436976133356762,36.810475229675845,0,534528
PACE_OCI.20240510T003914.L1B.V3_image_217.npy,True,1,scattered,0.2,58,0.006363617095693022,0.05468844147808835,25.242089061163533,1947,534528
PACE_OCI.20240510T003914.L1B.V3_image_217.npy,True,2,contiguous,0.2,58,0.007385627518121087,0.016723816749207764,35.53329199732351,12528,534528
PACE_OCI.20240510T003914.L1B.V3_image_217.npy,True,2,scattered,0.2,58,0.00138201111978747,0.008609578789446076,41.300361904478564,2949,534528
PACE_OCI.20240510T003914.L1B.V3_image_217.npy,True,3,contiguous,0.2,58,0.004702132743168461,0.006088617591045416,44.30962603808887,12528,534528
PACE_OCI.20240510T003914.L1B.V3_image_217.npy,True,3,scattered,0.2,58,0.0017049645457953612,0.014400984470074629,36.83215635905786,2199,534528
PACE_OCI.20240510T003914.L1B.V3_image_217.npy,True,4,contiguous,0.2,58,0.0033685409066761545,0.006437075048004686,43.82622855054376,11330,534528
PACE_OCI.20240510T003914.L1B.V3_image_217.npy,True,4,scattered,0.2,58,0.002213837477408199,0.016971840467222468,35.40542118379615,2005,534528
PACE_OCI.20240510T003914.L1B.V3_image_217.npy,True,5,contiguous,0.2,58,0.007534081621087809,0.009129453427677547,40.79110445029787,12064,534528
PACE_OCI.20240510T003914.L1B.V3_image_217.npy,True,5,scattered,0.2,58,0.001138931829694471,0.009531483640440885,40.41678986403035,2611,534528
PACE_OCI.20240510T003914.L1B.V3_image_217.npy,True,6,contiguous,0.2,58,0.004777979690890436,0.00995028751838439,40.04328739846496,11274,534528
PACE_OCI.20240510T003914.L1B.V3_image_217.npy,True,6,scattered,0.2,58,0.0013645269883546536,0.007256385467061796,42.78559310283073,1404,534528
PACE_OCI.20240510T003914.L1B.V3_image_217.npy,True,7,contiguous,0.2,58,0.006399285091229188,0.018665710394318195,34.57910953402882,10623,534528
PACE_OCI.20240510T003914.L1B.V3_image_217.npy,True,7,scattered,0.2,58,0.0010052342895312655,0.008325380084664784,41.59191860410969,2384,534528
PACE_OCI.20240510T003914.L1B.V3_image_217.npy,True,8,contiguous,0.2,58,0.009213479160181226,0.019425013384371984,34.232773465720484,11194,534528
PACE_OCI.20240510T003914.L1B.V3_image_217.npy,True,8,scattered,0.2,58,0.0015796013136428805,0.009646485608993213,40.31261758517328,2284,534528
PACE_OCI.20240510T003914.L1B.V3_image_217.npy,True,9,contiguous,0.2,58,0.002654833577022409,0.005013374897453695,45.99739635733946,11301,534528
PACE_OCI.20240510T003914.L1B.V3_image_217.npy,True,9,scattered,0.2,58,0.0015381136882850145,0.01499551453475753,36.48077255771274,2992,534528
PACE_OCI.20240510T004414.L1B.V3_image_006.npy,True,0,contiguous,0.2,58,0.006987759724149527,0.016436759218694877,35.68367613516537,8468,534528
PACE_OCI.20240510T004414.L1B.V3_image_006.npy,True,0,scattered,0.2,58,0.0011606592809907449,0.00737171004433801,42.64863510937541,1427,534528
PACE_OCI.20240510T004414.L1B.V3_image_006.npy,True,1,contiguous,0.2,58,0.011895906387391087,0.013109169719993421,37.64849627671556,0,534528
PACE_OCI.20240510T004414.L1B.V3_image_006.npy,True,1,scattered,0.2,58,0.005270828996154967,0.045078390780342405,26.920631918042854,1227,534528
PACE_OCI.20240510T004414.L1B.V3_image_006.npy,True,2,contiguous,0.2,58,0.006412379126594851,0.01355365505258618,37.35887143141538,8700,534528
PACE_OCI.20240510T004414.L1B.V3_image_006.npy,True,2,scattered,0.2,58,0.0011749421178893456,0.00707828330597673,43.00144117711766,1858,534528
PACE_OCI.20240510T004414.L1B.V3_image_006.npy,True,3,contiguous,0.2,58,0.0042345595528494985,0.00533656823192276,45.45475866860077,8700,534528
PACE_OCI.20240510T004414.L1B.V3_image_006.npy,True,3,scattered,0.2,58,0.0013744269510019618,0.011644660694671979,38.677463230741445,1407,534528
PACE_OCI.20240510T004414.L1B.V3_image_006.npy,True,4,contiguous,0.2,58,0.00286068772784302,0.0056378608590076365,44.9777129322215,7168,534528
PACE_OCI.20240510T004414.L1B.V3_image_006.npy,True,4,scattered,0.2,58,0.001837289195438649,0.014328146567461397,36.87619969182072,1218,534528
PACE_OCI.20240510T004414.L1B.V3_image_006.npy,True,5,contiguous,0.2,58,0.006852435001145672,0.00814982044634021,41.77703918721924,8236,534528
PACE_OCI.20240510T004414.L1B.V3_image_006.npy,True,5,scattered,0.2,58,0.0009524346780790989,0.007907918240374947,42.0387565897408,1687,534528
PACE_OCI.20240510T004414.L1B.V3_image_006.npy,True,6,contiguous,0.2,58,0.004568818934307908,0.00920100682506045,40.723292942994334,7118,534528
PACE_OCI.20240510T004414.L1B.V3_image_006.npy,True,6,scattered,0.2,58,0.001112875278472178,0.0058956112574418225,44.58942321096469,920,534528
PACE_OCI.20240510T004414.L1B.V3_image_006.npy,True,7,contiguous,0.2,58,0.005548063974069056,0.0160318138578637,35.90034676577288,6359,534528
PACE_OCI.20240510T004414.L1B.V3_image_006.npy,True,7,scattered,0.2,58,0.0008810603846960522,0.006885358657594285,43.24146864929676,1520,534528
PACE_OCI.20240510T004414.L1B.V3_image_006.npy,True,8,contiguous,0.2,58,0.00833176883494558,0.016820362991445858,35.483292723103546,6960,534528
PACE_OCI.20240510T004414.L1B.V3_image_006.npy,True,8,scattered,0.2,58,0.0013766122009070657,0.00839878333720158,41.515672441166174,1434,534528
PACE_OCI.20240510T004414.L1B.V3_image_006.npy,True,9,contiguous,0.2,58,0.0024452184690621223,0.004639128177444382,46.671272558300096,7110,534528
PACE_OCI.20240510T004414.L1B.V3_image_006.npy,True,9,scattered,0.2,58,0.0013087775772846093,0.012575293987381716,38.00963706284796,1914,534528
PACE_OCI.20240510T004414.L1B.V3_image_120.npy,True,0,contiguous,0.2,58,0.011235706477969759,0.02050223308173027,33.763976669367295,14094,534528
PACE_OCI.20240510T004414.L1B.V3_image_120.npy,True,0,scattered,0.2,58,0.0017091563412576928,0.008297140958461145,41.621430634085435,2456,534528
PACE_OCI.20240510T004414.L1B.V3_image_120.npy,True,1,contiguous,0.2,58,0.009928035375464628,0.011044866792844478,39.13679035181553,0,534528
PACE_OCI.20240510T004414.L1B.V3_image_120.npy,True,1,scattered,0.2,58,0.008360301532785675,0.05278884627631157,25.54915659188342,2191,534528
PACE_OCI.20240510T004414.L1B.V3_image_120.npy,True,2,contiguous,0.2,58,0.010608382662520769,0.01712611854179642,35.32682108498391,14210,534528
PACE_OCI.20240510T004414.L1B.V3_image_120.npy,True,2,scattered,0.2,58,0.0015998012282325918,0.008115573887477455,41.813615278055785,3305,534528
PACE_OCI.20240510T004414.L1B.V3_image_120.npy,True,3,contiguous,0.2,58,0.004295789720135731,0.005551689161258325,45.111497159887506,14210,534528
PACE_OCI.20240510T004414.L1B.V3_image_120.npy,True,3,scattered,0.2,58,0.00203697580902399,0.013774586713942721,37.218428452858184,2482,534528
PACE_OCI.20240510T004414.L1B.V3_image_120.npy,True,4,contiguous,0.2,58,0.004252033657270709,0.00674053384366028,43.42611412812253,12778,534528
PACE_OCI.20240510T004414.L1B.V3_image_120.npy,True,4,scattered,0.2,58,0.0028746102972678532,0.016368030531311823,35.720071470820265,2199,534528
PACE_OCI.20240510T004414.L1B.V3_image_120.npy,True,5,contiguous,0.2,58,0.007644651665041639,0.008988539784048547,40.92621710023696,13804,534528
PACE_OCI.20240510T004414.L1B.V3_image_120.npy,True,5,scattered,0.2,58,0.0014756582478405579,0.00933452950474297,40.598151344642766,2940,534528
PACE_OCI.20240510T004414.L1B.V3_image_120.npy,True,6,contiguous,0.2,58,0.007465177395892555,0.011256526312546046,38.971912182662415,12670,534528
PACE_OCI.20240510T004414.L1B.V3_image_120.npy,True,6,scattered,0.2,58,0.0015303240636460455,0.006887179295034175,43.239172216203556,1586,534528
PACE_OCI.20240510T004414.L1B.V3_image_120.npy,True,7,contiguous,0.2,58,0.008892816693385777,0.019472976629821385,34.21135314720828,11784,534528
PACE_OCI.20240510T004414.L1B.V3_image_120.npy,True,7,scattered,0.2,58,0.001214388150555708,0.007914912348618137,42.03107780484426,2675,534528
PACE_OCI.20240510T004414.L1B.V3_image_120.npy,True,8,contiguous,0.2,58,0.013590923245722199,0.02031542565658809,33.8434814747546,12470,534528
PACE_OCI.20240510T004414.L1B.V3_image_120.npy,True,8,scattered,0.2,58,0.0021357928257282836,0.00977643563920495,40.19638908906917,2487,534528
PACE_OCI.20240510T004414.L1B.V3_image_120.npy,True,9,contiguous,0.2,58,0.003653517802402892,0.005668593458535178,44.93049377443682,12660,534528
PACE_OCI.20240510T004414.L1B.V3_image_120.npy,True,9,scattered,0.2,58,0.001989562075814118,0.014443881608742475,36.80632159969869,3369,534528
PACE_OCI.20240610T002714.L1B.V3_image_056.npy,False,0,contiguous,0.2,58,0.02348443460923582,0.04593345059125646,26.757418569780857,0,534528
PACE_OCI.20240610T002714.L1B.V3_image_056.npy,False,0,scattered,0.2,58,0.002617630302499828,0.007676166335952636,42.297112460899925,0,534528
PACE_OCI.20240610T002714.L1B.V3_image_056.npy,False,1,contiguous,0.2,58,0.003703556237491854,0.00484759070956709,46.289481110499906,0,534528
PACE_OCI.20240610T002714.L1B.V3_image_056.npy,False,1,scattered,0.2,58,0.01218380584967579,0.054135161609797845,25.330411247655164,0,534528
PACE_OCI.20240610T002714.L1B.V3_image_056.npy,False,2,contiguous,0.2,58,0.0407677090653278,0.04908287126251763,26.181400794616273,0,534528
PACE_OCI.20240610T002714.L1B.V3_image_056.npy,False,2,scattered,0.2,58,0.0036703888919030576,0.01521763093490586,36.35305905640794,0,534528
PACE_OCI.20240610T002714.L1B.V3_image_056.npy,False,3,contiguous,0.2,58,0.004184369917412234,0.005812785956611939,44.71231337425874,0,534528
PACE_OCI.20240610T002714.L1B.V3_image_056.npy,False,3,scattered,0.2,58,0.0041455914212778664,0.01948773031967677,34.20477477951441,0,534528
PACE_OCI.20240610T002714.L1B.V3_image_056.npy,False,4,contiguous,0.2,58,0.009740256423391328,0.012463732913471725,38.08703732219825,0,534528
PACE_OCI.20240610T002714.L1B.V3_image_056.npy,False,4,scattered,0.2,58,0.0056819117955600055,0.025423168989110356,31.895406315054686,0,534528
PACE_OCI.20240610T002714.L1B.V3_image_056.npy,False,5,contiguous,0.2,58,0.01459380699445602,0.016832366141191907,35.47709661116186,0,534528
PACE_OCI.20240610T002714.L1B.V3_image_056.npy,False,5,scattered,0.2,58,0.0043636151438948695,0.020493639819265667,33.767618017884104,0,534528
PACE_OCI.20240610T002714.L1B.V3_image_056.npy,False,6,contiguous,0.2,58,0.009647314581470659,0.01212341029626438,38.32750393257286,0,534528
PACE_OCI.20240610T002714.L1B.V3_image_056.npy,False,6,scattered,0.2,58,0.0027493952181347884,0.008582315611517934,41.32791036977863,0,534528
PACE_OCI.20240610T002714.L1B.V3_image_056.npy,False,7,contiguous,0.2,58,0.03183464242872463,0.048949980138103304,26.20494960159435,0,534528
PACE_OCI.20240610T002714.L1B.V3_image_056.npy,False,7,scattered,0.2,58,0.0029566203202844193,0.015113347960316397,36.41278637221148,0,534528
PACE_OCI.20240610T002714.L1B.V3_image_056.npy,False,8,contiguous,0.2,58,0.0236192180617957,0.04394916612673842,27.140987212710534,0,534528
PACE_OCI.20240610T002714.L1B.V3_image_056.npy,False,8,scattered,0.2,58,0.005393921071300332,0.020449798420345784,33.786219372069674,0,534528
PACE_OCI.20240610T002714.L1B.V3_image_056.npy,False,9,contiguous,0.2,58,0.008191255358410062,0.011774498809699475,38.58115139746643,0,534528
PACE_OCI.20240610T002714.L1B.V3_image_056.npy,False,9,scattered,0.2,58,0.0049338539341138255,0.025396689495887158,31.904457815136702,0,534528
PACE_OCI.20240710T013002.L1B.V3_image_202.npy,True,0,contiguous,0.2,58,0.024076305079961058,0.0419280512212948,27.549906455008276,16298,534528
PACE_OCI.20240710T013002.L1B.V3_image_202.npy,True,0,scattered,0.2,58,0.003688928453522486,0.01625689341805898,35.77924883079855,2518,534528
PACE_OCI.20240710T013002.L1B.V3_image_202.npy,True,1,contiguous,0.2,58,0.009510481863289332,0.01100308277603722,39.16971239674196,0,534528
PACE_OCI.20240710T013002.L1B.V3_image_202.npy,True,1,scattered,0.2,58,0.01950703865484727,0.10286870716690201,19.75433436512544,2135,534528
PACE_OCI.20240710T013002.L1B.V3_image_202.npy,True,2,contiguous,0.2,58,0.024646409304457627,0.03627646320398481,28.807501227094278,16646,534528
PACE_OCI.20240710T013002.L1B.V3_image_202.npy,True,2,scattered,0.2,58,0.003453046465318621,0.0155313651709498,36.17580738233427,3224,534528
PACE_OCI.20240710T013002.L1B.V3_image_202.npy,True,3,contiguous,0.2,58,0.005835536404887664,0.007962163657429385,41.97937800002701,16646,534528
PACE_OCI.20240710T013002.L1B.V3_image_202.npy,True,3,scattered,0.2,58,0.004168568374428777,0.026435402502296538,31.556281453847298,2507,534528
PACE_OCI.20240710T013002.L1B.V3_image_202.npy,True,4,contiguous,0.2,58,0.00908047389407375,0.013164395311679953,37.61198169634163,12609,534528
PACE_OCI.20240710T013002.L1B.V3_image_202.npy,True,4,scattered,0.2,58,0.006421166240665183,0.0322516644029772,29.828957358635286,2049,534528
PACE_OCI.20240710T013002.L1B.V3_image_202.npy,True,5,contiguous,0.2,58,0.012158126379510713,0.014358841453927225,36.85761199639286,15834,534528
PACE_OCI.20240710T013002.L1B.V3_image_202.npy,True,5,scattered,0.2,58,0.003447465020923141,0.01745371002753462,35.16224487182931,2981,534528
PACE_OCI.20240710T013002.L1B.V3_image_202.npy,True,6,contiguous,0.2,58,0.015322788947193675,0.021636998589634363,33.29605966462155,12264,534528
PACE_OCI.20240710T013002.L1B.V3_image_202.npy,True,6,scattered,0.2,58,0.0031762967585377516,0.013219828826862878,37.575483363013895,1651,534528
PACE_OCI.20240710T013002.L1B.V3_image_202.npy,True,7,contiguous,0.2,58,0.021529130790638614,0.04089417037047995,27.76677196033286,9229,534528
PACE_OCI.20240710T013002.L1B.V3_image_202.npy,True,7,scattered,0.2,58,0.002603557268970743,0.015177826970898652,36.37580804984154,2667,534528
PACE_OCI.20240710T013002.L1B.V3_image_202.npy,True,8,contiguous,0.2,58,0.029590660164058865,0.04053495235336951,27.843406662718657,12412,534528
PACE_OCI.20240710T013002.L1B.V3_image_202.npy,True,8,scattered,0.2,58,0.005044909029431239,0.020826520098562874,33.627665804354095,2343,534528
PACE_OCI.20240710T013002.L1B.V3_image_202.npy,True,9,contiguous,0.2,58,0.007775428200632005,0.011379526465229424,38.87751619610667,12029,534528
PACE_OCI.20240710T013002.L1B.V3_image_202.npy,True,9,scattered,0.2,58,0.004653468778743062,0.0285053557458745,30.901470692911992,3430,534528
PACE_OCI.20250219T235538.L1B.V3_image_156.npy,True,0,contiguous,0.2,58,0.01617303332183709,0.033256924193977744,29.562358389974456,25926,534528
PACE_OCI.20250219T235538.L1B.V3_image_156.npy,True,0,scattered,0.2,58,0.0022573363975600296,0.009732474506544268,40.23553450417474,5952,534528
PACE_OCI.20250219T235538.L1B.V3_image_156.npy,True,1,contiguous,0.2,58,0.007199636582110837,0.008636218336975284,41.273527731237564,0,534528
PACE_OCI.20250219T235538.L1B.V3_image_156.npy,True,1,scattered,0.2,58,0.0131715329086828,0.0745759316324372,22.548026251024492,6928,534528
PACE_OCI.20250219T235538.L1B.V3_image_156.npy,True,2,contiguous,0.2,58,0.023058725717454084,0.03441816123899842,29.264246704043337,26216,534528
PACE_OCI.20250219T235538.L1B.V3_image_156.npy,True,2,scattered,0.2,58,0.0024459453529504824,0.01239402269015162,38.13575426216375,6348,534528
PACE_OCI.20250219T235538.L1B.V3_image_156.npy,True,3,contiguous,0.2,58,0.004292742382125621,0.005452049951271906,45.268803476914655,26158,534528
PACE_OCI.20250219T235538.L1B.V3_image_156.npy,True,3,scattered,0.2,58,0.003243024525196636,0.020479000565455943,33.773824840153395,5950,534528
PACE_OCI.20250219T235538.L1B.V3_image_156.npy,True,4,contiguous,0.2,58,0.006548068775228829,0.009373611617739353,40.561860896339574,22186,534528
PACE_OCI.20250219T235538.L1B.V3_image_156.npy,True,4,scattered,0.2,58,0.004591483772202379,0.024667743116480956,32.157411657059704,6253,534528
PACE_OCI.20250219T235538.L1B.V3_image_156.npy,True,5,contiguous,0.2,58,0.01099330450571616,0.012664574264773498,37.94818809941468,24128,534528
PACE_OCI.20250219T235538.L1B.V3_image_156.npy,True,5,scattered,0.2,58,0.002408793423200726,0.013685305371236125,37.27491014766666,7109,534528
PACE_OCI.20250219T235538.L1B.V3_image_156.npy,True,6,contiguous,0.2,58,0.008788248186248604,0.012134761009398438,38.319375451035754,21709,534528
PACE_OCI.20250219T235538.L1B.V3_image_156.npy,True,6,scattered,0.2,58,0.0024000449730302337,0.01026632094941045,39.771703255861,3664,534528
PACE_OCI.20250219T235538.L1B.V3_image_156.npy,True,7,contiguous,0.2,58,0.019593333466064927,0.036177533353733735,28.831220948187052,14861,534528
PACE_OCI.20250219T235538.L1B.V3_image_156.npy,True,7,scattered,0.2,58,0.002098193107915164,0.0123309086455549,38.18009839475093,5265,534528
PACE_OCI.20250219T235538.L1B.V3_image_156.npy,True,8,contiguous,0.2,58,0.019182029741173563,0.03189028342737651,29.926832418277446,21866,534528
PACE_OCI.20250219T235538.L1B.V3_image_156.npy,True,8,scattered,0.2,58,0.003464853988246679,0.0156746430734963,36.09604679364618,7159,534528
PACE_OCI.20250219T235538.L1B.V3_image_156.npy,True,9,contiguous,0.2,58,0.005555843870226426,0.008698994676698853,41.21061869840936,21865,534528
PACE_OCI.20250219T235538.L1B.V3_image_156.npy,True,9,scattered,0.2,58,0.0031906361148509475,0.022054071299521763,33.130224514215726,7875,534528
PACE_OCI.20250220T002538.L1B.V3_image_111.npy,False,0,contiguous,0.2,58,0.10056150067255942,0.16331953293327214,15.739237415146455,0,534528
PACE_OCI.20250220T002538.L1B.V3_image_111.npy,False,0,scattered,0.2,58,0.00945275178075014,0.030540448221652132,30.302491867686427,0,534528
PACE_OCI.20250220T002538.L1B.V3_image_111.npy,False,1,contiguous,0.2,58,0.045440623043085236,0.051548191591414105,25.75573131979011,0,534528
PACE_OCI.20250220T002538.L1B.V3_image_111.npy,False,1,scattered,0.2,58,0.02004351153173698,0.06690598346213542,23.490700823002957,0,534528
PACE_OCI.20250220T002538.L1B.V3_image_111.npy,False,2,contiguous,0.2,58,0.18169066612962392,0.21099492096054767,13.514559977018292,0,534528
PACE_OCI.20250220T002538.L1B.V3_image_111.npy,False,2,scattered,0.2,58,0.010349945042413069,0.026074229285914175,31.67577039576317,0,534528
PACE_OCI.20250220T002538.L1B.V3_image_111.npy,False,3,contiguous,0.2,58,0.01678517081118335,0.024794905568606383,32.112750827603634,0,534528
PACE_OCI.20250220T002538.L1B.V3_image_111.npy,False,3,scattered,0.2,58,0.008498110102945695,0.027466868187929813,31.22381713284061,0,534528
PACE_OCI.20250220T002538.L1B.V3_image_111.npy,False,4,contiguous,0.2,58,0.057114676785831334,0.06766332814489057,23.39293288904141,0,534528
PACE_OCI.20250220T002538.L1B.V3_image_111.npy,False,4,scattered,0.2,58,0.013688208027310906,0.04627208238893683,26.6936191089109,0,534528
PACE_OCI.20250220T002538.L1B.V3_image_111.npy,False,5,contiguous,0.2,58,0.07479902914519175,0.08742807272778565,21.166981902645794,0,534528
PACE_OCI.20250220T002538.L1B.V3_image_111.npy,False,5,scattered,0.2,58,0.008260497413715593,0.0261946619220837,31.635744046875377,0,534528
PACE_OCI.20250220T002538.L1B.V3_image_111.npy,False,6,contiguous,0.2,58,0.05315692618805489,0.06264831328509335,24.06181234522027,0,534528
PACE_OCI.20250220T002538.L1B.V3_image_111.npy,False,6,scattered,0.2,58,0.007843732960832099,0.017378042416230276,35.199982941765086,0,534528
PACE_OCI.20250220T002538.L1B.V3_image_111.npy,False,7,contiguous,0.2,58,0.14521456540557498,0.18939390826640307,14.452679878231784,0,534528
PACE_OCI.20250220T002538.L1B.V3_image_111.npy,False,7,scattered,0.2,58,0.00791857839838504,0.02568518898798548,31.806344689011073,0,534528
PACE_OCI.20250220T002538.L1B.V3_image_111.npy,False,8,contiguous,0.2,58,0.09865378676368211,0.15497689472388654,16.194660906516194,0,534528
PACE_OCI.20250220T002538.L1B.V3_image_111.npy,False,8,scattered,0.2,58,0.011704066770344556,0.02459083412391774,32.18453479385457,0,534528
PACE_OCI.20250220T002538.L1B.V3_image_111.npy,False,9,contiguous,0.2,58,0.04904144430790849,0.06320044632724538,23.98559709360061,0,534528
PACE_OCI.20250220T002538.L1B.V3_image_111.npy,False,9,scattered,0.2,58,0.00807759443117404,0.032270544338984596,29.823874177249788,0,534528
PACE_OCI.20250220T002538.L1B.V3_image_113.npy,False,0,contiguous,0.2,58,0.09815057594068907,0.15987741524236845,15.924257632938499,0,534528
PACE_OCI.20250220T002538.L1B.V3_image_113.npy,False,0,scattered,0.2,58,0.009537048354390369,0.031240433954145646,30.105658841232845,0,534528
PACE_OCI.20250220T002538.L1B.V3_image_113.npy,False,1,contiguous,0.2,58,0.051505263474141215,0.05838981835214643,24.673257516307757,0,534528
PACE_OCI.20250220T002538.L1B.V3_image_113.npy,False,1,scattered,0.2,58,0.019863487826900002,0.06636538413380576,23.5611677498952,0,534528
PACE_OCI.20250220T002538.L1B.V3_image_113.npy,False,2,contiguous,0.2,58,0.17509977529656962,0.20506987219620196,13.761962784835106,0,534528
PACE_OCI.20250220T002538.L1B.V3_image_113.npy,False,2,scattered,0.2,58,0.01038454627048253,0.025537372102284968,31.856475908245997,0,534528
PACE_OCI.20250220T002538.L1B.V3_image_113.npy,False,3,contiguous,0.2,58,0.017678202167420373,0.02652783568746789,31.525963622541376,0,534528
PACE_OCI.20250220T002538.L1B.V3_image_113.npy,False,3,scattered,0.2,58,0.008460176313183647,0.02675805669769099,31.45090860740806,0,534528
PACE_OCI.20250220T002538.L1B.V3_image_113.npy,False,4,contiguous,0.2,58,0.05759322787535445,0.06773864759974715,23.38326956564655,0,534528
PACE_OCI.20250220T002538.L1B.V3_image_113.npy,False,4,scattered,0.2,58,0.01347796360776335,0.04583057982913851,26.776892964202084,0,534528
PACE_OCI.20250220T002538.L1B.V3_image_113.npy,False,5,contiguous,0.2,58,0.0799327508089337,0.09292451733799849,20.637393720165477,0,534528
PACE_OCI.20250220T002538.L1B.V3_image_113.npy,False,5,scattered,0.2,58,0.007871465061575917,0.024769087553338554,32.1217998342493,0,534528
PACE_OCI.20250220T002538.L1B.V3_image_113.npy,False,6,contiguous,0.2,58,0.05383014261580559,0.06309915008824414,23.999529808610667,0,534528
PACE_OCI.20250220T002538.L1B.V3_image_113.npy,False,6,scattered,0.2,58,0.008029382264836292,0.018277049757796777,34.761878116588406,0,534528
PACE_OCI.20250220T002538.L1B.V3_image_113.npy,False,7,contiguous,0.2,58,0.14027697206694234,0.18485457524665552,14.663395918881491,0,534528
PACE_OCI.20250220T002538.L1B.V3_image_113.npy,False,7,scattered,0.2,58,0.008034291298069825,0.025526486858823125,31.860179037102636,0,534528
PACE_OCI.20250220T002538.L1B.V3_image_113.npy,False,8,contiguous,0.2,58,0.09808202953567435,0.1513659037702099,16.39943883385329,0,534528
PACE_OCI.20250220T002538.L1B.V3_image_113.npy,False,8,scattered,0.2,58,0.01156485521875033,0.02392994318869773,32.42116664859575,0,534528
PACE_OCI.20250220T002538.L1B.V3_image_113.npy,False,9,contiguous,0.2,58,0.04922905124101155,0.06277627320934695,24.044089405933203,0,534528
PACE_OCI.20250220T002538.L1B.V3_image_113.npy,False,9,scattered,0.2,58,0.007720742808008926,0.030821243802488917,30.222996783047734,0,534528
PACE_OCI.20250220T002538.L1B.V3_image_115.npy,True,0,contiguous,0.2,58,0.09837425765248566,0.15844239920554368,16.00257179874045,5278,534528
PACE_OCI.20250220T002538.L1B.V3_image_115.npy,True,0,scattered,0.2,58,0.00902447295849848,0.025107682021546753,32.00386760294531,5278,534528
PACE_OCI.20250220T002538.L1B.V3_image_115.npy,True,1,contiguous,0.2,58,0.07204525156969731,0.08179183035282057,21.745801459551053,5278,534528
PACE_OCI.20250220T002538.L1B.V3_image_115.npy,True,1,scattered,0.2,58,0.03266583095907865,0.12948723991585803,17.755460524653447,5278,534528
PACE_OCI.20250220T002538.L1B.V3_image_115.npy,True,2,contiguous,0.2,58,0.17945550046780961,0.2061904516896314,13.714628999722988,5278,534528
PACE_OCI.20250220T002538.L1B.V3_image_115.npy,True,2,scattered,0.2,58,0.010734424401262935,0.02515553704071519,31.98732813140031,5278,534528
PACE_OCI.20250220T002538.L1B.V3_image_115.npy,True,3,contiguous,0.2,58,0.021670261387574843,0.03306195901786398,29.613428335653275,5278,534528
PACE_OCI.20250220T002538.L1B.V3_image_115.npy,True,3,scattered,0.2,58,0.00942128246732266,0.034714943675663384,29.189670700828053,5278,534528
PACE_OCI.20250220T002538.L1B.V3_image_115.npy,True,4,contiguous,0.2,58,0.061326422751716736,0.07172777595101756,22.886252700780453,5278,534528
PACE_OCI.20250220T002538.L1B.V3_image_115.npy,True,4,scattered,0.2,58,0.012997369924442583,0.04442437118892335,27.04757421524263,5278,534528
PACE_OCI.20250220T002538.L1B.V3_image_115.npy,True,5,contiguous,0.2,58,0.09626911428383515,0.11217670619277008,19.00194632366778,5278,534528
PACE_OCI.20250220T002538.L1B.V3_image_115.npy,True,5,scattered,0.2,58,0.007189175106822585,0.022102415881908435,33.111205072145225,5278,534528
PACE_OCI.20250220T002538.L1B.V3_image_115.npy,True,6,contiguous,0.2,58,0.05325514523117424,0.06241548372034769,24.094153187073335,5278,534528
PACE_OCI.20250220T002538.L1B.V3_image_115.npy,True,6,scattered,0.2,58,0.009588608853591111,0.025053583217824034,32.02260303231028,5278,534528
PACE_OCI.20250220T002538.L1B.V3_image_115.npy,True,7,contiguous,0.2,58,0.14775384347619103,0.18794230610818938,14.519508970501263,5278,534528
PACE_OCI.20250220T002538.L1B.V3_image_115.npy,True,7,scattered,0.2,58,0.008435965862366238,0.026180900662950903,31.64030834270188,5278,534528
PACE_OCI.20250220T002538.L1B.V3_image_115.npy,True,8,contiguous,0.2,58,0.09137362525102703,0.14961304567268546,16.500610720789307,5278,534528
PACE_OCI.20250220T002538.L1B.V3_image_115.npy,True,8,scattered,0.2,58,0.011049441785688422,0.022867069411467347,32.81578979923409,5278,534528
PACE_OCI.20250220T002538.L1B.V3_image_115.npy,True,9,contiguous,0.2,58,0.05203548470649375,0.06573187187041579,23.644479999633155,5278,534528
PACE_OCI.20250220T002538.L1B.V3_image_115.npy,True,9,scattered,0.2,58,0.00814040801720701,0.0360283689218632,28.867107976682,5278,534528
PACE_OCI.20250220T002538.L1B.V3_image_118.npy,False,0,contiguous,0.2,58,0.08577802577754919,0.1527040473331711,16.322989041298747,0,534528
PACE_OCI.20250220T002538.L1B.V3_image_118.npy,False,0,scattered,0.2,58,0.007734176418807402,0.026027410556905856,31.691380745988077,0,534528
PACE_OCI.20250220T002538.L1B.V3_image_118.npy,False,1,contiguous,0.2,58,0.047115448175695164,0.054580535898992255,25.259244090496274,0,534528
PACE_OCI.20250220T002538.L1B.V3_image_118.npy,False,1,scattered,0.2,58,0.028610694860563793,0.12316348362335648,18.190360715447518,0,534528
PACE_OCI.20250220T002538.L1B.V3_image_118.npy,False,2,contiguous,0.2,58,0.1570498560398003,0.19094396410648348,14.381881309487394,0,534528
PACE_OCI.20250220T002538.L1B.V3_image_118.npy,False,2,scattered,0.2,58,0.00982543703747018,0.030337771562042055,30.360326462977838,0,534528
PACE_OCI.20250220T002538.L1B.V3_image_118.npy,False,3,contiguous,0.2,58,0.017654745254414822,0.026872876581202174,31.413716848875673,0,534528
PACE_OCI.20250220T002538.L1B.V3_image_118.npy,False,3,scattered,0.2,58,0.009145559615796894,0.03929687119886431,28.112840532013685,0,534528
PACE_OCI.20250220T002538.L1B.V3_image_118.npy,False,4,contiguous,0.2,58,0.04988466159412078,0.060550117558112376,24.35770018673899,0,534528
PACE_OCI.20250220T002538.L1B.V3_image_118.npy,False,4,scattered,0.2,58,0.013237275841343666,0.0531556647933233,25.48900891918781,0,534528
PACE_OCI.20250220T002538.L1B.V3_image_118.npy,False,5,contiguous,0.2,58,0.07403836536004432,0.08766023301307257,21.143947585309654,0,534528
PACE_OCI.20250220T002538.L1B.V3_image_118.npy,False,5,scattered,0.2,58,0.008066464515006795,0.031030694161634252,30.16417018139093,0,534528
PACE_OCI.20250220T002538.L1B.V3_image_118.npy,False,6,contiguous,0.2,58,0.04240433710537652,0.052385450658851786,25.615786312218884,0,534528
PACE_OCI.20250220T002538.L1B.V3_image_118.npy,False,6,scattered,0.2,58,0.007765671987200925,0.020917339492780577,33.58987109693908,0,534528
PACE_OCI.20250220T002538.L1B.V3_image_118.npy,False,7,contiguous,0.2,58,0.12500258975071668,0.17350092873854678,15.213963922367457,0,534528
PACE_OCI.20250220T002538.L1B.V3_image_118.npy,False,7,scattered,0.2,58,0.007947598561938435,0.03062554213211381,30.278324293918637,0,534528
PACE_OCI.20250220T002538.L1B.V3_image_118.npy,False,8,contiguous,0.2,58,0.08198847912724627,0.14458774187647483,16.797370497823884,0,534528
PACE_OCI.20250220T002538.L1B.V3_image_118.npy,False,8,scattered,0.2,58,0.010733290592894686,0.031049525347693258,30.15890068942805,0,534528
PACE_OCI.20250220T002538.L1B.V3_image_118.npy,False,9,contiguous,0.2,58,0.041778691180095646,0.05497347401370355,25.19693634407327,0,534528
PACE_OCI.20250220T002538.L1B.V3_image_118.npy,False,9,scattered,0.2,58,0.008910717936698457,0.04407348056457747,27.116453021886123,0,534528
PACE_OCI.20250220T002538.L1B.V3_image_120.npy,False,0,contiguous,0.2,58,0.11795347066057824,0.20082226852177817,13.943762627362023,0,534528
PACE_OCI.20250220T002538.L1B.V3_image_120.npy,False,0,scattered,0.2,58,0.010726609485501118,0.035983629044685016,28.87790078056367,0,534528
PACE_OCI.20250220T002538.L1B.V3_image_120.npy,False,1,contiguous,0.2,58,0.06034364380911622,0.06909074874915955,23.211602015227527,0,534528
PACE_OCI.20250220T002538.L1B.V3_image_120.npy,False,1,scattered,0.2,58,0.03129673304833782,0.12188211895040366,18.281200081362023,0,534528
PACE_OCI.20250220T002538.L1B.V3_image_120.npy,False,2,contiguous,0.2,58,0.21338833123636208,0.2531740809876004,11.931615156366966,0,534528
PACE_OCI.20250220T002538.L1B.V3_image_120.npy,False,2,scattered,0.2,58,0.012192424101228087,0.0347702446861609,29.175845061528637,0,534528
PACE_OCI.20250220T002538.L1B.V3_image_120.npy,False,3,contiguous,0.2,58,0.021158283987528222,0.031656283464640646,29.990801477118772,0,534528
PACE_OCI.20250220T002538.L1B.V3_image_120.npy,False,3,scattered,0.2,58,0.010849277414446794,0.04166084683184012,27.6054381296006,0,534528
PACE_OCI.20250220T002538.L1B.V3_image_120.npy,False,4,contiguous,0.2,58,0.0686575604221899,0.08107666978845662,21.822081963813325,0,534528
PACE_OCI.20250220T002538.L1B.V3_image_120.npy,False,4,scattered,0.2,58,0.01678389234407788,0.06219817814617685,24.12444672182671,0,534528
PACE_OCI.20250220T002538.L1B.V3_image_120.npy,False,5,contiguous,0.2,58,0.08957740760223681,0.10592519776162,19.50001433002775,0,534528
PACE_OCI.20250220T002538.L1B.V3_image_120.npy,False,5,scattered,0.2,58,0.009838297105817611,0.034779607734954504,29.173506410729036,0,534528
PACE_OCI.20250220T002538.L1B.V3_image_120.npy,False,6,contiguous,0.2,58,0.06094350954759299,0.07228579007585755,22.818941356510255,0,534528
PACE_OCI.20250220T002538.L1B.V3_image_120.npy,False,6,scattered,0.2,58,0.009386706816968082,0.02250392376775123,32.95483504033832,0,534528
PACE_OCI.20250220T002538.L1B.V3_image_120.npy,False,7,contiguous,0.2,58,0.16857361314030522,0.22819357470534812,12.833931765340962,0,534528
PACE_OCI.20250220T002538.L1B.V3_image_120.npy,False,7,scattered,0.2,58,0.009536960442595326,0.03432318997366191,29.288247118344096,0,534528
PACE_OCI.20250220T002538.L1B.V3_image_120.npy,False,8,contiguous,0.2,58,0.1164140315060402,0.18981079572644352,14.433581803286515,0,534528
PACE_OCI.20250220T002538.L1B.V3_image_120.npy,False,8,scattered,0.2,58,0.01367500181399913,0.033509227194650264,29.496711759002785,0,534528
PACE_OCI.20250220T002538.L1B.V3_image_120.npy,False,9,contiguous,0.2,58,0.05798840489463499,0.07383179147208146,22.635131872509582,0,534528
PACE_OCI.20250220T002538.L1B.V3_image_120.npy,False,9,scattered,0.2,58,0.010242205652656503,0.04715021865894452,26.53032577766229,0,534528
PACE_OCI.20250220T002538.L1B.V3_image_122.npy,False,0,contiguous,0.2,58,0.08381468261995569,0.1372532916772545,17.249544625699407,0,534528
PACE_OCI.20250220T002538.L1B.V3_image_122.npy,False,0,scattered,0.2,58,0.007974690225852349,0.0249977070387818,32.041996519418944,0,534528
PACE_OCI.20250220T002538.L1B.V3_image_122.npy,False,1,contiguous,0.2,58,0.04869892537827958,0.05514755892721979,25.16947413152979,0,534528
PACE_OCI.20250220T002538.L1B.V3_image_122.npy,False,1,scattered,0.2,58,0.01679920663411617,0.05719185810384691,24.85331586898309,0,534528
PACE_OCI.20250220T002538.L1B.V3_image_122.npy,False,2,contiguous,0.2,58,0.14875979331395991,0.1749181787802826,15.14330106214745,0,534528
PACE_OCI.20250220T002538.L1B.V3_image_122.npy,False,2,scattered,0.2,58,0.008655078878914126,0.02040081648273404,33.80704901731528,0,534528
PACE_OCI.20250220T002538.L1B.V3_image_122.npy,False,3,contiguous,0.2,58,0.015764413163242355,0.023761114354623133,32.48266391126205,0,534528
PACE_OCI.20250220T002538.L1B.V3_image_122.npy,False,3,scattered,0.2,58,0.006997009119116885,0.021556653629484033,33.328373128561964,0,534528
PACE_OCI.20250220T002538.L1B.V3_image_122.npy,False,4,contiguous,0.2,58,0.05035443695071113,0.059076801294455764,24.571660550808705,0,534528
PACE_OCI.20250220T002538.L1B.V3_image_122.npy,False,4,scattered,0.2,58,0.010968378579909415,0.03631178396540836,28.79904828128462,0,534528
PACE_OCI.20250220T002538.L1B.V3_image_122.npy,False,5,contiguous,0.2,58,0.07125463807588854,0.08298629425139205,21.619872567538188,0,534528
PACE_OCI.20250220T002538.L1B.V3_image_122.npy,False,5,scattered,0.2,58,0.006265860572570542,0.018867201609515064,34.485850195609835,0,534528
PACE_OCI.20250220T002538.L1B.V3_image_122.npy,False,6,contiguous,0.2,58,0.04669471549111247,0.05476823812937758,25.229424598257097,0,534528
PACE_OCI.20250220T002538.L1B.V3_image_122.npy,False,6,scattered,0.2,58,0.006997603344070349,0.01639904518855948,35.70362874808435,0,534528
PACE_OCI.20250220T002538.L1B.V3_image_122.npy,False,7,contiguous,0.2,58,0.11995180749757986,0.15854014067227415,15.997215215880605,0,534528
PACE_OCI.20250220T002538.L1B.V3_image_122.npy,False,7,scattered,0.2,58,0.006701279674984581,0.020665028182963185,33.69527996182204,0,534528
PACE_OCI.20250220T002538.L1B.V3_image_122.npy,False,8,contiguous,0.2,58,0.08317032149462218,0.1295780306508756,17.749372496450512,0,534528
PACE_OCI.20250220T002538.L1B.V3_image_122.npy,False,8,scattered,0.2,58,0.00956804976634023,0.019160169184747975,34.35201320819952,0,534528
PACE_OCI.20250220T002538.L1B.V3_image_122.npy,False,9,contiguous,0.2,58,0.042741539162875694,0.05421786191598444,25.317152256836387,0,534528
PACE_OCI.20250220T002538.L1B.V3_image_122.npy,False,9,scattered,0.2,58,0.006143941726518882,0.02415290260878919,32.34061339660894,0,534528
PACE_OCI.20250220T002538.L1B.V3_image_124.npy,False,0,contiguous,0.2,58,0.10443356111142477,0.1675933306837787,15.514865359086654,0,534528
PACE_OCI.20250220T002538.L1B.V3_image_124.npy,False,0,scattered,0.2,58,0.010349306982836754,0.03416016743844979,29.329600185060777,0,534528
PACE_OCI.20250220T002538.L1B.V3_image_124.npy,False,1,contiguous,0.2,58,0.05153362471118043,0.05843463056428291,24.666593946280152,0,534528
PACE_OCI.20250220T002538.L1B.V3_image_124.npy,False,1,scattered,0.2,58,0.019534653158791184,0.06231543471935392,24.10808741891055,0,534528
PACE_OCI.20250220T002538.L1B.V3_image_124.npy,False,2,contiguous,0.2,58,0.18371309166888095,0.2149438870855918,13.353498030501825,0,534528
PACE_OCI.20250220T002538.L1B.V3_image_124.npy,False,2,scattered,0.2,58,0.010720461284909059,0.025434359860778806,31.891583766848626,0,534528
PACE_OCI.20250220T002538.L1B.V3_image_124.npy,False,3,contiguous,0.2,58,0.01848244433973763,0.027719840053367497,31.144185599631964,0,534528
PACE_OCI.20250220T002538.L1B.V3_image_124.npy,False,3,scattered,0.2,58,0.008559767280422547,0.02584418258860704,31.752743986792783,0,534528
PACE_OCI.20250220T002538.L1B.V3_image_124.npy,False,4,contiguous,0.2,58,0.06177775281609431,0.07176914308875336,22.881244782765577,0,534528
PACE_OCI.20250220T002538.L1B.V3_image_124.npy,False,4,scattered,0.2,58,0.014071738135040696,0.04716873064278751,26.526916217825228,0,534528
PACE_OCI.20250220T002538.L1B.V3_image_124.npy,False,5,contiguous,0.2,58,0.08209642283923985,0.09534850769101569,20.41372199501896,0,534528
PACE_OCI.20250220T002538.L1B.V3_image_124.npy,False,5,scattered,0.2,58,0.008407089896196155,0.025014818558100185,32.03605285741168,0,534528
PACE_OCI.20250220T002538.L1B.V3_image_124.npy,False,6,contiguous,0.2,58,0.05887529364123485,0.06820397681624049,23.323806037956658,0,534528
PACE_OCI.20250220T002538.L1B.V3_image_124.npy,False,6,scattered,0.2,58,0.008352002951003143,0.018830800400622235,34.50262439925683,0,534528
PACE_OCI.20250220T002538.L1B.V3_image_124.npy,False,7,contiguous,0.2,58,0.14566798906927,0.19251017967385187,14.31092601305332,0,534528
PACE_OCI.20250220T002538.L1B.V3_image_124.npy,False,7,scattered,0.2,58,0.008211950253272853,0.02512496009293474,31.997892387593865,0,534528
PACE_OCI.20250220T002538.L1B.V3_image_124.npy,False,8,contiguous,0.2,58,0.10772073252577877,0.15853221096472184,15.997649669180113,0,534528
PACE_OCI.20250220T002538.L1B.V3_image_124.npy,False,8,scattered,0.2,58,0.012427203247928167,0.024449068264052732,32.23475373734367,0,534528
PACE_OCI.20250220T002538.L1B.V3_image_124.npy,False,9,contiguous,0.2,58,0.05282279186390396,0.06611802623374054,23.59360239075636,0,534528
PACE_OCI.20250220T002538.L1B.V3_image_124.npy,False,9,scattered,0.2,58,0.008077031747109456,0.030362521613883926,30.353243260591146,0,534528
PACE_OCI.20250320T000644.L1B.V3_image_131.npy,False,0,contiguous,0.2,58,0.005852433519951937,0.01190922229980424,38.482331960825256,0,534528
PACE_OCI.20250320T000644.L1B.V3_image_131.npy,False,0,scattered,0.2,58,0.0008275512226732487,0.0038552761508679396,48.27889016547587,0,534528
PACE_OCI.20250320T000644.L1B.V3_image_131.npy,False,1,contiguous,0.2,58,0.011976421383151905,0.013134644030115918,37.63163385588522,0,534528
PACE_OCI.20250320T000644.L1B.V3_image_131.npy,False,1,scattered,0.2,58,0.003357647544835747,0.023092785704155384,32.73047349153144,0,534528
PACE_OCI.20250320T000644.L1B.V3_image_131.npy,False,2,contiguous,0.2,58,0.006043399324767044,0.01039595756960281,39.662710034218826,0,534528
PACE_OCI.20250320T000644.L1B.V3_image_131.npy,False,2,scattered,0.2,58,0.0007939769046621132,0.00353150773303664,49.04079676851133,0,534528
PACE_OCI.20250320T000644.L1B.V3_image_131.npy,False,3,contiguous,0.2,58,0.004117631356051155,0.004766192677460286,46.43656809809435,0,534528
PACE_OCI.20250320T000644.L1B.V3_image_131.npy,False,3,scattered,0.2,58,0.0011161885235612442,0.006160038809704208,44.20833103337614,0,534528
PACE_OCI.20250320T000644.L1B.V3_image_131.npy,False,4,contiguous,0.2,58,0.002472029878118094,0.003786302577115048,48.43569365889373,0,534528
PACE_OCI.20250320T000644.L1B.V3_image_131.npy,False,4,scattered,0.2,58,0.0013473312569703092,0.0072505608643434975,42.7925679489437,0,534528
PACE_OCI.20250320T000644.L1B.V3_image_131.npy,False,5,contiguous,0.2,58,0.007339350334592724,0.008196999890419911,41.72690141438332,0,534528
PACE_OCI.20250320T000644.L1B.V3_image_131.npy,False,5,scattered,0.2,58,0.0007018993734060872,0.0040244782127974,47.90580838787263,0,534528
PACE_OCI.20250320T000644.L1B.V3_image_131.npy,False,6,contiguous,0.2,58,0.003525919807665178,0.0058795126847805655,44.61317336650845,0,534528
PACE_OCI.20250320T000644.L1B.V3_image_131.npy,False,6,scattered,0.2,58,0.000894104660345949,0.0035370845033499223,49.02709128942629,0,534528
PACE_OCI.20250320T000644.L1B.V3_image_131.npy,False,7,contiguous,0.2,58,0.005217846362064697,0.01114850676789951,39.0556659633294,0,534528
PACE_OCI.20250320T000644.L1B.V3_image_131.npy,False,7,scattered,0.2,58,0.0005628869044009242,0.0033957276821107297,49.38134289917795,0,534528
PACE_OCI.20250320T000644.L1B.V3_image_131.npy,False,8,contiguous,0.2,58,0.006593001271539243,0.011097002065064643,39.0958866629231,0,534528
PACE_OCI.20250320T000644.L1B.V3_image_131.npy,False,8,scattered,0.2,58,0.0009937784389430038,0.004655457526406512,46.64075262478303,0,534528
PACE_OCI.20250320T000644.L1B.V3_image_131.npy,False,9,contiguous,0.2,58,0.0022115134527065008,0.0033577666873260354,49.478989677521554,0,534528
PACE_OCI.20250320T000644.L1B.V3_image_131.npy,False,9,scattered,0.2,58,0.0009231001452791744,0.006383480666462316,43.89884905239492,0,534528
PACE_OCI.20250320T002144.L1B.V3_image_093.npy,False,0,contiguous,0.2,58,0.0017491294430783543,0.003302645535840416,49.62276070957667,0,534528
PACE_OCI.20250320T002144.L1B.V3_image_093.npy,False,0,scattered,0.2,58,0.00029158564589115867,0.001020708816157536,59.82196268171387,0,534528
PACE_OCI.20250320T002144.L1B.V3_image_093.npy,False,1,contiguous,0.2,58,0.011346820329849003,0.012223134563921092,38.25634814169463,0,534528
PACE_OCI.20250320T002144.L1B.V3_image_093.npy,False,1,scattered,0.2,58,0.000684477716791015,0.0035875009961334717,48.90415939336691,0,534528
PACE_OCI.20250320T002144.L1B.V3_image_093.npy,False,2,contiguous,0.2,58,0.0018196503223732862,0.0028952862222374524,50.766169926510784,0,534528
PACE_OCI.20250320T002144.L1B.V3_image_093.npy,False,2,scattered,0.2,58,0.0003318974298715738,0.0011110061356419607,59.08567085236017,0,534528
PACE_OCI.20250320T002144.L1B.V3_image_093.npy,False,3,contiguous,0.2,58,0.0034706890328568218,0.0038358753477874385,48.32271028575049,0,534528
PACE_OCI.20250320T002144.L1B.V3_image_093.npy,False,3,scattered,0.2,58,0.0005066393675936528,0.0019162767985454632,54.350835172389594,0,534528
PACE_OCI.20250320T002144.L1B.V3_image_093.npy,False,4,contiguous,0.2,58,0.0012531026134490455,0.0015618628543053108,56.12714207541468,0,534528
PACE_OCI.20250320T002144.L1B.V3_image_093.npy,False,4,scattered,0.2,58,0.00039014899599922737,0.0016293956539175836,55.759468928325475,0,534528
PACE_OCI.20250320T002144.L1B.V3_image_093.npy,False,5,contiguous,0.2,58,0.005470783698828572,0.005982003924980217,44.46306612700779,0,534528
PACE_OCI.20250320T002144.L1B.V3_image_093.npy,False,5,scattered,0.2,58,0.00019087780602397713,0.001106079889204902,59.1242700792911,0,534528
PACE_OCI.20250320T002144.L1B.V3_image_093.npy,False,6,contiguous,0.2,58,0.0009305927282363316,0.001216440733043454,58.298180914921495,0,534528
PACE_OCI.20250320T002144.L1B.V3_image_093.npy,False,6,scattered,0.2,58,0.0004364156723646408,0.0015168647788219092,56.381062654917535,0,534528
PACE_OCI.20250320T002144.L1B.V3_image_093.npy,False,7,contiguous,0.2,58,0.00174601443319303,0.0032600995927605098,49.73538264940405,0,534528
PACE_OCI.20250320T002144.L1B.V3_image_093.npy,False,7,scattered,0.2,58,0.000195681955677343,0.00094574226255232,60.4845440627097,0,534528
PACE_OCI.20250320T002144.L1B.V3_image_093.npy,False,8,contiguous,0.2,58,0.0017526537839947696,0.0030086644025314646,50.43252504717289,0,534528
PACE_OCI.20250320T002144.L1B.V3_image_093.npy,False,8,scattered,0.2,58,0.00025679488062896875,0.001125305647043037,58.97459003468726,0,534528
PACE_OCI.20250320T002144.L1B.V3_image_093.npy,False,9,contiguous,0.2,58,0.0011275188624248064,0.001432464836608437,56.87832060123385,0,534528
PACE_OCI.20250320T002144.L1B.V3_image_093.npy,False,9,scattered,0.2,58,0.00025392344195932024,0.0014715481315499192,56.64451056765603,0,534528
PACE_OCI.20250320T002144.L1B.V3_image_116.npy,True,0,contiguous,0.2,58,0.012046737710383443,0.024438276106563923,32.238588655833674,232,534528
PACE_OCI.20250320T002144.L1B.V3_image_116.npy,True,0,scattered,0.2,58,0.0015472317283890785,0.006293003319657835,44.022840783106226,34,534528
PACE_OCI.20250320T002144.L1B.V3_image_116.npy,True,1,contiguous,0.2,58,0.010074970298666226,0.011539841637904278,38.75600301989036,0,534528
PACE_OCI.20250320T002144.L1B.V3_image_116.npy,True,1,scattered,0.2,58,0.006399625727217587,0.04262631802319792,27.406443584574394,31,534528
PACE_OCI.20250320T002144.L1B.V3_image_116.npy,True,2,contiguous,0.2,58,0.016377945119664703,0.023824504540601848,32.45952244549893,232,534528
PACE_OCI.20250320T002144.L1B.V3_image_116.npy,True,2,scattered,0.2,58,0.0017212623402994465,0.006837105605652753,43.302554239068016,44,534528
PACE_OCI.20250320T002144.L1B.V3_image_116.npy,True,3,contiguous,0.2,58,0.005313794972589335,0.006337852893810535,43.96115690641001,232,534528
PACE_OCI.20250320T002144.L1B.V3_image_116.npy,True,3,scattered,0.2,58,0.002023290472004053,0.011490341959594155,38.793340925007385,36,534528
PACE_OCI.20250320T002144.L1B.V3_image_116.npy,True,4,contiguous,0.2,58,0.004833449483928515,0.007150342430131981,42.913463186479916,186,534528
PACE_OCI.20250320T002144.L1B.V3_image_116.npy,True,4,scattered,0.2,58,0.0026769595630531805,0.013358429950117358,37.48489165168457,27,534528
PACE_OCI.20250320T002144.L1B.V3_image_116.npy,True,5,contiguous,0.2,58,0.012163593723635081,0.013641950659701646,37.30247051122432,174,534528
PACE_OCI.20250320T002144.L1B.V3_image_116.npy,True,5,scattered,0.2,58,0.0016194819760516038,0.008611155466508414,41.298771398197815,43,534528
PACE_OCI.20250320T002144.L1B.V3_image_116.npy,True,6,contiguous,0.2,58,0.006582647288242137,0.009703776829036738,40.261184001758735,186,534528
PACE_OCI.20250320T002144.L1B.V3_image_116.npy,True,6,scattered,0.2,58,0.001725030945380505,0.006692195110387961,43.48862811411631,24,534528
PACE_OCI.20250320T002144.L1B.V3_image_116.npy,True,7,contiguous,0.2,58,0.013841645983904036,0.024499651223778025,32.21680196386592,102,534528
PACE_OCI.20250320T002144.L1B.V3_image_116.npy,True,7,scattered,0.2,58,0.0013582859769148798,0.00674353293041123,43.42225034764742,35,534528
PACE_OCI.20250320T002144.L1B.V3_image_116.npy,True,8,contiguous,0.2,58,0.013496080492340645,0.02287571098344749,32.812507981173894,174,534528
PACE_OCI.20250320T002144.L1B.V3_image_116.npy,True,8,scattered,0.2,58,0.0020926929929381993,0.008957049164250105,40.956700839694385,32,534528
PACE_OCI.20250320T002144.L1B.V3_image_116.npy,True,9,contiguous,0.2,58,0.004314700081887256,0.00661390368938379,43.59084267007229,186,534528
PACE_OCI.20250320T002144.L1B.V3_image_116.npy,True,9,scattered,0.2,58,0.0018741792497018782,0.012647437839238546,37.95994892847216,47,534528
PACE_OCI.20250428T063402.L1B.V3_image_123.npy,False,0,contiguous,0.2,58,0.04576286460258457,0.0886043878630133,21.050895409322617,0,534528
PACE_OCI.20250428T063402.L1B.V3_image_123.npy,False,0,scattered,0.2,58,0.0048482113951571985,0.013427503992788156,37.44009419622206,0,534528
PACE_OCI.20250428T063402.L1B.V3_image_123.npy,False,1,contiguous,0.2,58,0.009368539253398754,0.01099417814666655,39.17674460247685,0,534528
PACE_OCI.20250428T063402.L1B.V3_image_123.npy,False,1,scattered,0.2,58,0.008664195518789221,0.03450374191925475,29.24267606562995,0,534528
PACE_OCI.20250428T063402.L1B.V3_image_123.npy,False,2,contiguous,0.2,58,0.08079963535746347,0.09434462669773039,20.505656591905282,0,534528
PACE_OCI.20250428T063402.L1B.V3_image_123.npy,False,2,scattered,0.2,58,0.005237993737679913,0.018480535113488183,34.6657091542333,0,534528
PACE_OCI.20250428T063402.L1B.V3_image_123.npy,False,3,contiguous,0.2,58,0.006234610598702917,0.009275408019374152,40.65333953902345,0,534528
PACE_OCI.20250428T063402.L1B.V3_image_123.npy,False,3,scattered,0.2,58,0.004307831332051016,0.016332462147706107,35.73896679325302,0,534528
PACE_OCI.20250428T063402.L1B.V3_image_123.npy,False,4,contiguous,0.2,58,0.02023775036681709,0.024332790237597112,32.27616175454321,0,534528
PACE_OCI.20250428T063402.L1B.V3_image_123.npy,False,4,scattered,0.2,58,0.008380165478092111,0.028218794201579373,30.98923095464443,0,534528
PACE_OCI.20250428T063402.L1B.V3_image_123.npy,False,5,contiguous,0.2,58,0.02378032467675028,0.027573795945724313,31.190068852855795,0,534528
PACE_OCI.20250428T063402.L1B.V3_image_123.npy,False,5,scattered,0.2,58,0.00688423636559214,0.02992703704367199,30.4787255758467,0,534528
PACE_OCI.20250428T063402.L1B.V3_image_123.npy,False,6,contiguous,0.2,58,0.0171887983677677,0.021912914627439314,33.185997065465244,0,534528
PACE_OCI.20250428T063402.L1B.V3_image_123.npy,False,6,scattered,0.2,58,0.003851313722058747,0.00957616357548288,40.376168882519856,0,534528
PACE_OCI.20250428T063402.L1B.V3_image_123.npy,False,7,contiguous,0.2,58,0.06309935760133109,0.09398295216028874,20.539018343787127,0,534528
PACE_OCI.20250428T063402.L1B.V3_image_123.npy,False,7,scattered,0.2,58,0.004382061930182073,0.018672827370786578,34.57579835600151,0,534528
PACE_OCI.20250428T063402.L1B.V3_image_123.npy,False,8,contiguous,0.2,58,0.04490405005279924,0.08468882085002175,21.44347827829097,0,534528
PACE_OCI.20250428T063402.L1B.V3_image_123.npy,False,8,scattered,0.2,58,0.006782674223558995,0.02162240930017723,33.3019183191482,0,534528
PACE_OCI.20250428T063402.L1B.V3_image_123.npy,False,9,contiguous,0.2,58,0.016741737943677993,0.022464240807967988,32.97016508113117,0,534528
PACE_OCI.20250428T063402.L1B.V3_image_123.npy,False,9,scattered,0.2,58,0.005858086776804028,0.0278871603777008,31.09191411416291,0,534528
