tile,mask_type,trial,method,mae,rmse,o2a_zone_mae
PACE_OCI.20240710T013002.L1B.V3_image_202,contiguous,0,index,0.009909527479384377,0.011641043437658425,
PACE_OCI.20240710T013002.L1B.V3_image_202,contiguous,0,wavelength,0.010126531613653011,0.011890660314264523,
PACE_OCI.20240710T013002.L1B.V3_image_202,contiguous,1,index,0.021419008237605713,0.036950712290216126,0.0728097529134214
PACE_OCI.20240710T013002.L1B.V3_image_202,contiguous,1,wavelength,0.021463285031933007,0.03685071200094314,0.07254866790705089
PACE_OCI.20240710T013002.L1B.V3_image_202,contiguous,2,index,0.01677569571618416,0.02790719091171341,
PACE_OCI.20240710T013002.L1B.V3_image_202,contiguous,2,wavelength,0.016690135579777964,0.02764814350737908,
PACE_OCI.20240710T013002.L1B.V3_image_202,contiguous,3,index,0.010715657302810754,0.012839890703041581,
PACE_OCI.20240710T013002.L1B.V3_image_202,contiguous,3,wavelength,0.009923696715576937,0.012323038086271085,
PACE_OCI.20240710T013002.L1B.V3_image_202,contiguous,4,index,0.01137242132729494,0.013524008355127997,
PACE_OCI.20240710T013002.L1B.V3_image_202,contiguous,4,wavelength,0.010441921613288744,0.012865179502796517,
PACE_OCI.20240710T013002.L1B.V3_image_202,contiguous,5,index,0.033888000467816606,0.04677922639248381,0.049127020918449955
PACE_OCI.20240710T013002.L1B.V3_image_202,contiguous,5,wavelength,0.03475325046909479,0.047539135849048564,0.04632320224716369
PACE_OCI.20240710T013002.L1B.V3_image_202,contiguous,6,index,0.009909527479384377,0.011641043437658425,
PACE_OCI.20240710T013002.L1B.V3_image_202,contiguous,6,wavelength,0.010126531613653011,0.011890660314264523,
PACE_OCI.20240710T013002.L1B.V3_image_202,contiguous,7,index,0.02331388176255129,0.036264357576793575,
PACE_OCI.20240710T013002.L1B.V3_image_202,contiguous,7,wavelength,0.02333205613564165,0.036815468841437625,
PACE_OCI.20240710T013002.L1B.V3_image_202,contiguous,8,index,0.007267704285251026,0.008918189861199965,
PACE_OCI.20240710T013002.L1B.V3_image_202,contiguous,8,wavelength,0.0074220063556314185,0.009087535533074178,
PACE_OCI.20240710T013002.L1B.V3_image_202,contiguous,9,index,0.009264527345981372,0.011058393961482439,
PACE_OCI.20240710T013002.L1B.V3_image_202,contiguous,9,wavelength,0.009471292317825238,0.01129370206695468,
PACE_OCI.20240710T013002.L1B.V3_image_202,scattered,0,index,0.0042652356885646125,0.017491113233841164,0.009781381091266262
PACE_OCI.20240710T013002.L1B.V3_image_202,scattered,0,wavelength,0.00417275771203974,0.01688982627734602,0.009766134130888572
PACE_OCI.20240710T013002.L1B.V3_image_202,scattered,1,index,0.004019151999808593,0.01659716927192141,0.005247450799894675
PACE_OCI.20240710T013002.L1B.V3_image_202,scattered,1,wavelength,0.002152253019992328,0.005328311878137494,0.005238021957875827
PACE_OCI.20240710T013002.L1B.V3_image_202,scattered,2,index,0.006181750762309359,0.027045215027512552,
PACE_OCI.20240710T013002.L1B.V3_image_202,scattered,2,wavelength,0.007010907303775064,0.029252061747563618,
PACE_OCI.20240710T013002.L1B.V3_image_202,scattered,3,index,0.0030566091026064724,0.015334404787432282,0.004795966559716665
PACE_OCI.20240710T013002.L1B.V3_image_202,scattered,3,wavelength,0.0017064383676944346,0.00402910128776013,0.0047935195168550245
PACE_OCI.20240710T013002.L1B.V3_image_202,scattered,4,index,0.0032088813961646937,0.01468444536548246,0.0005571293355488807
PACE_OCI.20240710T013002.L1B.V3_image_202,scattered,4,wavelength,0.0030457951196579524,0.015344212611489081,0.0005392930692327715
PACE_OCI.20240710T013002.L1B.V3_image_202,scattered,5,index,0.0036198966723804673,0.01517872550086631,0.0012233690879131448
PACE_OCI.20240710T013002.L1B.V3_image_202,scattered,5,wavelength,0.003450736336169353,0.015709189453105003,0.0012095701827495025
PACE_OCI.20240710T013002.L1B.V3_image_202,scattered,6,index,0.001983773233564812,0.006288369829725974,0.005247450799894675
PACE_OCI.20240710T013002.L1B.V3_image_202,scattered,6,wavelength,0.0019623769317084084,0.005060804604857756,0.005238021957875827
PACE_OCI.20240710T013002.L1B.V3_image_202,scattered,7,index,0.0050405048151457915,0.018007060904731958,0.00785325259645712
PACE_OCI.20240710T013002.L1B.V3_image_202,scattered,7,wavelength,0.0029473052483049013,0.0060754638798433775,0.007910469131725809
PACE_OCI.20240710T013002.L1B.V3_image_202,scattered,8,index,0.004131463394032951,0.02109697404465678,0.018659793702176505
PACE_OCI.20240710T013002.L1B.V3_image_202,scattered,8,wavelength,0.004150072492869344,0.020398604891674662,0.018661985580764883
PACE_OCI.20240710T013002.L1B.V3_image_202,scattered,9,index,0.0035556693327090144,0.013074048125758533,0.008878412610910245
PACE_OCI.20240710T013002.L1B.V3_image_202,scattered,9,wavelength,0.002448041423608239,0.006364078613389158,0.008877129248846967
PACE_OCI.20250320T002144.L1B.V3_image_116,contiguous,0,index,0.0038882737524808014,0.006734929000019685,
PACE_OCI.20250320T002144.L1B.V3_image_116,contiguous,0,wavelength,0.003888463509895367,0.006735846688554757,
PACE_OCI.20250320T002144.L1B.V3_image_116,contiguous,1,index,0.010150097892157681,0.01450696226764256,
PACE_OCI.20250320T002144.L1B.V3_image_116,contiguous,1,wavelength,0.011404988642035083,0.015448706904815281,
PACE_OCI.20250320T002144.L1B.V3_image_116,contiguous,2,index,0.015519871828655907,0.023951051723748135,0.03674397824350524
PACE_OCI.20250320T002144.L1B.V3_image_116,contiguous,2,wavelength,0.01554922235036797,0.024045762446877166,0.0366252888914084
PACE_OCI.20250320T002144.L1B.V3_image_116,contiguous,3,index,0.004400145972862729,0.006676264625654885,
PACE_OCI.20250320T002144.L1B.V3_image_116,contiguous,3,wavelength,0.004310358392749221,0.0066585938675045595,
PACE_OCI.20250320T002144.L1B.V3_image_116,contiguous,4,index,0.0059965112238834295,0.008790863540259977,
PACE_OCI.20250320T002144.L1B.V3_image_116,contiguous,4,wavelength,0.0057795375475946905,0.008262468789938488,
PACE_OCI.20250320T002144.L1B.V3_image_116,contiguous,5,index,0.013266380114516241,0.014878266659240589,
PACE_OCI.20250320T002144.L1B.V3_image_116,contiguous,5,wavelength,0.01355035000705442,0.01518939023975849,
PACE_OCI.20250320T002144.L1B.V3_image_116,contiguous,6,index,0.06006322781272477,0.07294825345668239,
PACE_OCI.20250320T002144.L1B.V3_image_116,contiguous,6,wavelength,0.05967633564160965,0.07256351020046777,
PACE_OCI.20250320T002144.L1B.V3_image_116,contiguous,7,index,0.01359009182237421,0.015316176808319128,
PACE_OCI.20250320T002144.L1B.V3_image_116,contiguous,7,wavelength,0.011064180926204587,0.012889470775617105,
PACE_OCI.20250320T002144.L1B.V3_image_116,contiguous,8,index,0.03727394096209202,0.05584357973412755,
PACE_OCI.20250320T002144.L1B.V3_image_116,contiguous,8,wavelength,0.11014918299934258,0.2786745018184926,
PACE_OCI.20250320T002144.L1B.V3_image_116,contiguous,9,index,0.011899987059247564,0.026121300801890984,0.055445203907486786
PACE_OCI.20250320T002144.L1B.V3_image_116,contiguous,9,wavelength,0.012356822736822147,0.026305206912498914,0.05604261307548377
PACE_OCI.20250320T002144.L1B.V3_image_116,scattered,0,index,0.002576300219060561,0.01223668249118135,0.0033263619564725864
PACE_OCI.20250320T002144.L1B.V3_image_116,scattered,0,wavelength,0.0025403800505572824,0.01229884945375042,0.0033214504365619846
PACE_OCI.20250320T002144.L1B.V3_image_116,scattered,1,index,0.0017973150506859939,0.005755638870846601,0.006212108935212907
PACE_OCI.20250320T002144.L1B.V3_image_116,scattered,1,wavelength,0.0017860945211574475,0.006469184546096006,0.006203135582552796
PACE_OCI.20250320T002144.L1B.V3_image_116,scattered,2,index,0.0031051821149947244,0.013087088789353708,
PACE_OCI.20250320T002144.L1B.V3_image_116,scattered,2,wavelength,0.00304198902280493,0.013559120532424324,
PACE_OCI.20250320T002144.L1B.V3_image_116,scattered,3,index,0.0024164707659474916,0.008487677510941044,0.0016777104741170963
PACE_OCI.20250320T002144.L1B.V3_image_116,scattered,3,wavelength,0.0021830476736859426,0.007796370223310757,0.0016566258462531091
PACE_OCI.20250320T002144.L1B.V3_image_116,scattered,4,index,0.0019060969647833172,0.011470314495900441,
PACE_OCI.20250320T002144.L1B.V3_image_116,scattered,4,wavelength,0.001988568950470785,0.011624892557752469,
PACE_OCI.20250320T002144.L1B.V3_image_116,scattered,5,index,0.0009673316599776406,0.003235783875823771,0.004754490432888916
PACE_OCI.20250320T002144.L1B.V3_image_116,scattered,5,wavelength,0.0009472591157315722,0.0033587475730749686,0.004788917351053766
PACE_OCI.20250320T002144.L1B.V3_image_116,scattered,6,index,0.0019078343284011934,0.00573429236480261,0.011382006218001253
PACE_OCI.20250320T002144.L1B.V3_image_116,scattered,6,wavelength,0.0015077741117330095,0.004168429815692279,0.011383690347742344
PACE_OCI.20250320T002144.L1B.V3_image_116,scattered,7,index,0.0014804467117054247,0.005114590712130604,0.0012439977584411583
PACE_OCI.20250320T002144.L1B.V3_image_116,scattered,7,wavelength,0.0011388721962016938,0.0032872637840001065,0.001229647029117801
PACE_OCI.20250320T002144.L1B.V3_image_116,scattered,8,index,0.00336559980354754,0.016801044355646885,0.0034329568113409753
PACE_OCI.20250320T002144.L1B.V3_image_116,scattered,8,wavelength,0.0034265662544629397,0.01720058678888685,0.0034362610072210917
PACE_OCI.20250320T002144.L1B.V3_image_116,scattered,9,index,0.003820005883453292,0.014420157516428585,0.0032320794454487136
PACE_OCI.20250320T002144.L1B.V3_image_116,scattered,9,wavelength,0.003359375808257882,0.013947206834173647,0.0032219184058699998
PACE_OCI.20250320T000644.L1B.V3_image_131,contiguous,0,index,0.01122976477525698,0.012576297903798267,
PACE_OCI.20250320T000644.L1B.V3_image_131,contiguous,0,wavelength,0.011480990142644096,0.012848126236656711,
PACE_OCI.20250320T000644.L1B.V3_image_131,contiguous,1,index,0.0094616780310456,0.013181371628794753,
PACE_OCI.20250320T000644.L1B.V3_image_131,contiguous,1,wavelength,0.00939146736560589,0.013055544822137088,
PACE_OCI.20250320T000644.L1B.V3_image_131,contiguous,2,index,0.009450073046786004,0.01057344109928294,
PACE_OCI.20250320T000644.L1B.V3_image_131,contiguous,2,wavelength,0.008262849430523574,0.009237925574146055,
PACE_OCI.20250320T000644.L1B.V3_image_131,contiguous,3,index,0.003883421578377366,0.007428986072486292,
PACE_OCI.20250320T000644.L1B.V3_image_131,contiguous,3,wavelength,0.004108745900821288,0.007540036293993611,
PACE_OCI.20250320T000644.L1B.V3_image_131,contiguous,4,index,0.004941366470127879,0.011247328832567452,0.02048827020318441
PACE_OCI.20250320T000644.L1B.V3_image_131,contiguous,4,wavelength,0.004925972761924757,0.011281073703215449,0.02050353821859524
PACE_OCI.20250320T000644.L1B.V3_image_131,contiguous,5,index,0.007652855909013359,0.012535288452432906,0.01227137079203912
PACE_OCI.20250320T000644.L1B.V3_image_131,contiguous,5,wavelength,0.007320497790550965,0.012134480716243207,0.013352144727571083
PACE_OCI.20250320T000644.L1B.V3_image_131,contiguous,6,index,0.009098067361562157,0.010262205028529847,
PACE_OCI.20250320T000644.L1B.V3_image_131,contiguous,6,wavelength,0.007764726954134897,0.008798492164167742,
PACE_OCI.20250320T000644.L1B.V3_image_131,contiguous,7,index,0.012391304356400935,0.013465364723834727,
PACE_OCI.20250320T000644.L1B.V3_image_131,contiguous,7,wavelength,0.012634409037008236,0.013726291164934448,
PACE_OCI.20250320T000644.L1B.V3_image_131,contiguous,8,index,0.01938121614054846,0.025925038105879913,
PACE_OCI.20250320T000644.L1B.V3_image_131,contiguous,8,wavelength,0.01892580067708692,0.025442009747086346,
PACE_OCI.20250320T000644.L1B.V3_image_131,contiguous,9,index,0.012556022327768335,0.013728699590206344,
PACE_OCI.20250320T000644.L1B.V3_image_131,contiguous,9,wavelength,0.012795606081467065,0.013988224201523049,
PACE_OCI.20250320T000644.L1B.V3_image_131,scattered,0,index,0.001147842105789484,0.0048591439488601135,0.0001273020171639574
PACE_OCI.20250320T000644.L1B.V3_image_131,scattered,0,wavelength,0.041519769134760416,0.43591280102586616,0.00012399316089621094
PACE_OCI.20250320T000644.L1B.V3_image_131,scattered,1,index,0.0005878336658732788,0.0012730145456724164,
PACE_OCI.20250320T000644.L1B.V3_image_131,scattered,1,wavelength,0.0006299276593024802,0.0013918880839731348,
PACE_OCI.20250320T000644.L1B.V3_image_131,scattered,2,index,0.0005073486585724106,0.002967984466624665,0.0008224528816956283
PACE_OCI.20250320T000644.L1B.V3_image_131,scattered,2,wavelength,0.00035066356931712033,0.0010805694636200193,0.0008123640855069408
PACE_OCI.20250320T000644.L1B.V3_image_131,scattered,3,index,0.0006230579989647786,0.001865537271395893,0.0011731508401579857
PACE_OCI.20250320T000644.L1B.V3_image_131,scattered,3,wavelength,0.0006141102686576561,0.0016278391351482963,0.0011696602451610474
PACE_OCI.20250320T000644.L1B.V3_image_131,scattered,4,index,0.0008004878610070421,0.0036055737703264744,0.0001273020171639574
PACE_OCI.20250320T000644.L1B.V3_image_131,scattered,4,wavelength,0.0005776025291287995,0.0016806211328513592,0.00012399316089621094
PACE_OCI.20250320T000644.L1B.V3_image_131,scattered,5,index,0.0013084740325601232,0.007243504684009587,0.0042371930458102725
PACE_OCI.20250320T000644.L1B.V3_image_131,scattered,5,wavelength,0.001353772151392699,0.007184895986113399,0.004237494946128636
PACE_OCI.20250320T000644.L1B.V3_image_131,scattered,6,index,0.0006743684756412623,0.0035291323166012504,0.0020181933826582585
PACE_OCI.20250320T000644.L1B.V3_image_131,scattered,6,wavelength,0.0004895500205210927,0.0015735982742242683,0.002017915117536866
PACE_OCI.20250320T000644.L1B.V3_image_131,scattered,7,index,0.0012442348410123627,0.006410558607662895,0.0008224528816956283
PACE_OCI.20250320T000644.L1B.V3_image_131,scattered,7,wavelength,0.0012534404928594251,0.006399981530780356,0.0008123640855069408
PACE_OCI.20250320T000644.L1B.V3_image_131,scattered,8,index,0.0004066461563409289,0.0012393400605204042,0.0010840921822061016
PACE_OCI.20250320T000644.L1B.V3_image_131,scattered,8,wavelength,0.0004152466035015372,0.0011819095293435723,0.0010880381260661423
PACE_OCI.20250320T000644.L1B.V3_image_131,scattered,9,index,0.0008076185535035058,0.002721519516985942,
PACE_OCI.20250320T000644.L1B.V3_image_131,scattered,9,wavelength,0.0008295217508121899,0.0022703143441622315,
PACE_OCI.20250219T235538.L1B.V3_image_156,contiguous,0,index,0.015121551969094387,0.032412128768699325,0.06979027310167683
PACE_OCI.20250219T235538.L1B.V3_image_156,contiguous,0,wavelength,0.01511548183667587,0.032336827524257955,0.06977283221264476
PACE_OCI.20250219T235538.L1B.V3_image_156,contiguous,1,index,0.008056313923731644,0.009496695458155157,
PACE_OCI.20250219T235538.L1B.V3_image_156,contiguous,1,wavelength,0.008273528133287926,0.009739829658114287,
PACE_OCI.20250219T235538.L1B.V3_image_156,contiguous,2,index,0.015121551969094387,0.032412128768699325,0.06979027310167683
PACE_OCI.20250219T235538.L1B.V3_image_156,contiguous,2,wavelength,0.01511548183667587,0.032336827524257955,0.06977283221264476
PACE_OCI.20250219T235538.L1B.V3_image_156,contiguous,3,index,0.007826363552692794,0.009259221835547103,
PACE_OCI.20250219T235538.L1B.V3_image_156,contiguous,3,wavelength,0.008035091019861357,0.00949405057905113,
PACE_OCI.20250219T235538.L1B.V3_image_156,contiguous,4,index,0.011656168812927378,0.013515862501167698,
PACE_OCI.20250219T235538.L1B.V3_image_156,contiguous,4,wavelength,0.010121152449580385,0.012225867672111822,
PACE_OCI.20250219T235538.L1B.V3_image_156,contiguous,5,index,0.036310848342928935,0.044541830792440805,
PACE_OCI.20250219T235538.L1B.V3_image_156,contiguous,5,wavelength,0.03601947894754024,0.044303976837040765,
PACE_OCI.20250219T235538.L1B.V3_image_156,contiguous,6,index,0.014095008000904425,0.016504796388187772,
PACE_OCI.20250219T235538.L1B.V3_image_156,contiguous,6,wavelength,0.012979872701055689,0.015357276286546505,
PACE_OCI.20250219T235538.L1B.V3_image_156,contiguous,7,index,0.08395505535275746,0.10747992643048886,0.030387911424770257
PACE_OCI.20250219T235538.L1B.V3_image_156,contiguous,7,wavelength,0.0877834035253983,0.11253709628322471,0.03098613950191896
PACE_OCI.20250219T235538.L1B.V3_image_156,contiguous,8,index,0.008030869139809566,0.009308827528334515,
PACE_OCI.20250219T235538.L1B.V3_image_156,contiguous,8,wavelength,0.007339416053342119,0.008873557680204387,
PACE_OCI.20250219T235538.L1B.V3_image_156,contiguous,9,index,0.03799688070644292,0.056860453662849864,0.016415287027267363
PACE_OCI.20250219T235538.L1B.V3_image_156,contiguous,9,wavelength,0.03703303796203048,0.05711009897740945,0.01675262897455024
PACE_OCI.20250219T235538.L1B.V3_image_156,scattered,0,index,0.0022262672945567454,0.012301375850817399,0.00613767257011154
PACE_OCI.20250219T235538.L1B.V3_image_156,scattered,0,wavelength,0.0012544945733672039,0.0032629902688374214,0.006156051292949515
PACE_OCI.20250219T235538.L1B.V3_image_156,scattered,1,index,0.0014708158125846798,0.00484767908551936,
PACE_OCI.20250219T235538.L1B.V3_image_156,scattered,1,wavelength,0.0013220752962329202,0.003370963563919023,
PACE_OCI.20250219T235538.L1B.V3_image_156,scattered,2,index,0.0018711117964977035,0.010894300264861304,0.0015533054125727278
PACE_OCI.20250219T235538.L1B.V3_image_156,scattered,2,wavelength,0.0019296400207352907,0.010440297907559463,0.0015314583303391997
PACE_OCI.20250219T235538.L1B.V3_image_156,scattered,3,index,0.0008635160861193075,0.0022507264220237963,0.003954760059598441
PACE_OCI.20250219T235538.L1B.V3_image_156,scattered,3,wavelength,0.0009175542850989085,0.0024042228701104417,0.003910881993938563
PACE_OCI.20250219T235538.L1B.V3_image_156,scattered,4,index,0.0014002401535714256,0.004529495137850279,0.003403127099621391
PACE_OCI.20250219T235538.L1B.V3_image_156,scattered,4,wavelength,0.0012816267940236627,0.003095770500952547,0.00336358555249505
PACE_OCI.20250219T235538.L1B.V3_image_156,scattered,5,index,0.0044954843741137635,0.02333927674672489,0.003403127099621391
PACE_OCI.20250219T235538.L1B.V3_image_156,scattered,5,wavelength,0.004646957194545466,0.02446620734581822,0.00336358555249505
PACE_OCI.20250219T235538.L1B.V3_image_156,scattered,6,index,0.00164653735071966,0.006624140608751992,0.0015533054125727278
PACE_OCI.20250219T235538.L1B.V3_image_156,scattered,6,wavelength,0.0012536971084240016,0.0032383791358240204,0.0015314583303391997
PACE_OCI.20250219T235538.L1B.V3_image_156,scattered,7,index,0.0018552017525709052,0.005349418561011596,0.003403127099621391
PACE_OCI.20250219T235538.L1B.V3_image_156,scattered,7,wavelength,0.0017441218264386894,0.004072779899964927,0.00336358555249505
PACE_OCI.20250219T235538.L1B.V3_image_156,scattered,8,index,0.0017912970428205436,0.007771838862265769,
PACE_OCI.20250219T235538.L1B.V3_image_156,scattered,8,wavelength,0.0020813428946086752,0.009257148075040487,
PACE_OCI.20250219T235538.L1B.V3_image_156,scattered,9,index,0.0032957712814933684,0.013415628433195676,0.00796310156258389
PACE_OCI.20250219T235538.L1B.V3_image_156,scattered,9,wavelength,0.0019428967726430003,0.004315927296901606,0.007962038857212743
PACE_OCI.20250320T002144.L1B.V3_image_093,contiguous,0,index,0.001822706021610936,0.002826545828130268,0.004580408799745172
PACE_OCI.20250320T002144.L1B.V3_image_093,contiguous,0,wavelength,0.0017136233357073186,0.002811751157753586,0.004986882348595738
PACE_OCI.20250320T002144.L1B.V3_image_093,contiguous,1,index,0.010969291773334274,0.014344058418924272,
PACE_OCI.20250320T002144.L1B.V3_image_093,contiguous,1,wavelength,0.010990656592517248,0.014217083211565878,
PACE_OCI.20250320T002144.L1B.V3_image_093,contiguous,2,index,0.0020580929747814358,0.0031730529015120633,0.0023073765247755983
PACE_OCI.20250320T002144.L1B.V3_image_093,contiguous,2,wavelength,0.0020064346599662102,0.0032445010727370554,0.0023250320108176683
PACE_OCI.20250320T002144.L1B.V3_image_093,contiguous,3,index,0.019311879782293383,0.021074855064395888,
PACE_OCI.20250320T002144.L1B.V3_image_093,contiguous,3,wavelength,0.019621308132644216,0.021405967219232238,
PACE_OCI.20250320T002144.L1B.V3_image_093,contiguous,4,index,0.013735409671661827,0.01948512397874839,
PACE_OCI.20250320T002144.L1B.V3_image_093,contiguous,4,wavelength,0.013529109452099751,0.019099580082415003,
PACE_OCI.20250320T002144.L1B.V3_image_093,contiguous,5,index,0.006173569639148249,0.006776891892115945,
PACE_OCI.20250320T002144.L1B.V3_image_093,contiguous,5,wavelength,0.004197924632070933,0.004738567147786189,
PACE_OCI.20250320T002144.L1B.V3_image_093,contiguous,6,index,0.0016188850484009838,0.003215596674426464,0.006672687910841631
PACE_OCI.20250320T002144.L1B.V3_image_093,contiguous,6,wavelength,0.001590462677779114,0.003189174184632662,0.006587892123689132
PACE_OCI.20250320T002144.L1B.V3_image_093,contiguous,7,index,0.018184928625703183,0.019880414096703422,
PACE_OCI.20250320T002144.L1B.V3_image_093,contiguous,7,wavelength,0.01846603794806907,0.020180887031588105,
PACE_OCI.20250320T002144.L1B.V3_image_093,contiguous,8,index,0.009530392712523946,0.010554418608047348,
PACE_OCI.20250320T002144.L1B.V3_image_093,contiguous,8,wavelength,0.008022581706172732,0.008944399965234167,
PACE_OCI.20250320T002144.L1B.V3_image_093,contiguous,9,index,0.009215244642318028,0.010162960681228928,
PACE_OCI.20250320T002144.L1B.V3_image_093,contiguous,9,wavelength,0.007286064036283035,0.008314537572868106,
PACE_OCI.20250320T002144.L1B.V3_image_093,scattered,0,index,0.0003374881799955635,0.0013013942794330609,0.000713978475283107
PACE_OCI.20250320T002144.L1B.V3_image_093,scattered,0,wavelength,0.0003001460516130689,0.0008682652632256143,0.0007128292322664547
PACE_OCI.20250320T002144.L1B.V3_image_093,scattered,1,index,0.00039818013756271083,0.0015428108210343212,0.0006386247311335561
PACE_OCI.20250320T002144.L1B.V3_image_093,scattered,1,wavelength,0.000412337945588078,0.0016450775044363744,0.0006385344600185336
PACE_OCI.20250320T002144.L1B.V3_image_093,scattered,2,index,0.0003295462561251622,0.0013035273839198083,
PACE_OCI.20250320T002144.L1B.V3_image_093,scattered,2,wavelength,0.00036429910512815694,0.0014094092904405582,
PACE_OCI.20250320T002144.L1B.V3_image_093,scattered,3,index,0.00031333495119714375,0.0010540423894659454,0.00023724274847659722
PACE_OCI.20250320T002144.L1B.V3_image_093,scattered,3,wavelength,0.0003606626595803395,0.0011012131767932517,0.00023405913070822953
PACE_OCI.20250320T002144.L1B.V3_image_093,scattered,4,index,0.0006206835162769753,0.002240956177475434,0.0006113477699172007
PACE_OCI.20250320T002144.L1B.V3_image_093,scattered,4,wavelength,0.0006714348211455955,0.002301697319254609,0.0006134241535878422
PACE_OCI.20250320T002144.L1B.V3_image_093,scattered,5,index,0.0001873352711512663,0.0005446649822651496,0.00044352772952320436
PACE_OCI.20250320T002144.L1B.V3_image_093,scattered,5,wavelength,0.0002045605204884308,0.00043988574297401266,0.00044189623679221496
PACE_OCI.20250320T002144.L1B.V3_image_093,scattered,6,index,0.0002591656484771679,0.0005670195230938019,
PACE_OCI.20250320T002144.L1B.V3_image_093,scattered,6,wavelength,0.00022074261246455068,0.00035963394761930436,
PACE_OCI.20250320T002144.L1B.V3_image_093,scattered,7,index,0.0003723049755639639,0.0017211617726913308,5.7376806075303146e-05
PACE_OCI.20250320T002144.L1B.V3_image_093,scattered,7,wavelength,0.00029468699021287947,0.0009973914509099674,5.707720950988453e-05
PACE_OCI.20250320T002144.L1B.V3_image_093,scattered,8,index,0.0002687979276990146,0.0006297430397374812,0.00047561061187985213
PACE_OCI.20250320T002144.L1B.V3_image_093,scattered,8,wavelength,0.0002887044727424612,0.0006843583486731566,0.0004734441814873421
PACE_OCI.20250320T002144.L1B.V3_image_093,scattered,9,index,0.0002732142331098302,0.000811226296072807,
PACE_OCI.20250320T002144.L1B.V3_image_093,scattered,9,wavelength,0.00025827164930089606,0.0006182266689498163,
PACE_OCI.20240610T002714.L1B.V3_image_056,contiguous,0,index,0.004223813641262515,0.005604852916497599,
PACE_OCI.20240610T002714.L1B.V3_image_056,contiguous,0,wavelength,0.00431803867545193,0.005730949814256996,
PACE_OCI.20240610T002714.L1B.V3_image_056,contiguous,1,index,0.01704048975571016,0.020003043328318725,
PACE_OCI.20240610T002714.L1B.V3_image_056,contiguous,1,wavelength,0.015696412419999535,0.018727747536512438,
PACE_OCI.20240610T002714.L1B.V3_image_056,contiguous,2,index,0.010885752161026161,0.012731672488150986,
PACE_OCI.20240610T002714.L1B.V3_image_056,contiguous,2,wavelength,0.011348579819162286,0.013278569140145514,
PACE_OCI.20240610T002714.L1B.V3_image_056,contiguous,3,index,0.021033512400254816,0.04780168347257628,0.12333108690696419
PACE_OCI.20240610T002714.L1B.V3_image_056,contiguous,3,wavelength,0.021038563029554744,0.047789961105870755,0.12333614409548507
PACE_OCI.20240610T002714.L1B.V3_image_056,contiguous,4,index,0.013654021368229359,0.016054180403389042,
PACE_OCI.20240610T002714.L1B.V3_image_056,contiguous,4,wavelength,0.012187637134934143,0.014332273351845424,
PACE_OCI.20240610T002714.L1B.V3_image_056,contiguous,5,index,0.004025656303763649,0.005265875745112379,
PACE_OCI.20240610T002714.L1B.V3_image_056,contiguous,5,wavelength,0.004118717290387162,0.005385475097927658,
PACE_OCI.20240610T002714.L1B.V3_image_056,contiguous,6,index,0.013721480624804995,0.015842432704364997,
PACE_OCI.20240610T002714.L1B.V3_image_056,contiguous,6,wavelength,0.013670921738780654,0.01589605937747623,
PACE_OCI.20240610T002714.L1B.V3_image_056,contiguous,7,index,0.06576841891045698,0.09907306026058126,
PACE_OCI.20240610T002714.L1B.V3_image_056,contiguous,7,wavelength,0.21371669018361666,0.45694956812104287,
PACE_OCI.20240610T002714.L1B.V3_image_056,contiguous,8,index,0.0042209679059857,0.0056678545680398165,
PACE_OCI.20240610T002714.L1B.V3_image_056,contiguous,8,wavelength,0.004808472808902079,0.006327108653156679,
PACE_OCI.20240610T002714.L1B.V3_image_056,contiguous,9,index,0.01799846677210742,0.020914579754338296,
PACE_OCI.20240610T002714.L1B.V3_image_056,contiguous,9,wavelength,0.01653178964905341,0.019504685361159967,
PACE_OCI.20240610T002714.L1B.V3_image_056,scattered,0,index,0.0021017366285217354,0.005538648407155279,0.011821176805218178
PACE_OCI.20240610T002714.L1B.V3_image_056,scattered,0,wavelength,0.0015598821435965397,0.00400306226692101,0.01190249912938167
PACE_OCI.20240610T002714.L1B.V3_image_056,scattered,1,index,0.004368968723979245,0.017189923859825717,0.006550284822979948
PACE_OCI.20240610T002714.L1B.V3_image_056,scattered,1,wavelength,0.002288647807388775,0.008287851708311093,0.006546553637899853
PACE_OCI.20240610T002714.L1B.V3_image_056,scattered,2,index,0.0012612562163870735,0.0036464130430157587,
PACE_OCI.20240610T002714.L1B.V3_image_056,scattered,2,wavelength,0.0009935115256528837,0.002616382976918679,
PACE_OCI.20240610T002714.L1B.V3_image_056,scattered,3,index,0.000745600877498095,0.0019064501495686965,0.007686113156422734
PACE_OCI.20240610T002714.L1B.V3_image_056,scattered,3,wavelength,0.0007866722719932005,0.0019761480779389063,0.0076689790395105956
PACE_OCI.20240610T002714.L1B.V3_image_056,scattered,4,index,0.004116984048097813,0.011984363846173584,0.012225587745585168
PACE_OCI.20240610T002714.L1B.V3_image_056,scattered,4,wavelength,0.004180994311025155,0.012269481517006395,0.01222360181117799
PACE_OCI.20240610T002714.L1B.V3_image_056,scattered,5,index,0.001174357714204364,0.004276579938167401,
PACE_OCI.20240610T002714.L1B.V3_image_056,scattered,5,wavelength,0.001156329235173475,0.004073938166393315,
PACE_OCI.20240610T002714.L1B.V3_image_056,scattered,6,index,0.003046760269763427,0.009002654548562942,0.008080107824719528
PACE_OCI.20240610T002714.L1B.V3_image_056,scattered,6,wavelength,0.0028767086536827724,0.008787110389183492,0.008069174456766035
PACE_OCI.20240610T002714.L1B.V3_image_056,scattered,7,index,0.0012972505778512551,0.0028890181632527582,0.006748657806282508
PACE_OCI.20240610T002714.L1B.V3_image_056,scattered,7,wavelength,0.0013091792225323412,0.0028937611186565897,0.006717895571354384
PACE_OCI.20240610T002714.L1B.V3_image_056,scattered,8,index,0.014187491460705024,0.05517563571681308,
PACE_OCI.20240610T002714.L1B.V3_image_056,scattered,8,wavelength,0.012077917577773776,0.05086033011716066,
PACE_OCI.20240610T002714.L1B.V3_image_056,scattered,9,index,0.004502189124082614,0.016185883762730714,0.008080107824719528
PACE_OCI.20240610T002714.L1B.V3_image_056,scattered,9,wavelength,0.004045582238915611,0.012735820070588924,0.008069174456766035
PACE_OCI.20250428T063402.L1B.V3_image_123,contiguous,0,index,0.012014933626952391,0.015399848917500632,
PACE_OCI.20250428T063402.L1B.V3_image_123,contiguous,0,wavelength,0.010316333988505082,0.013226794988619157,
PACE_OCI.20250428T063402.L1B.V3_image_123,contiguous,1,index,0.014914666995876015,0.018149719740419835,
PACE_OCI.20250428T063402.L1B.V3_image_123,contiguous,1,wavelength,0.017880942546158754,0.020886811414828902,
PACE_OCI.20250428T063402.L1B.V3_image_123,contiguous,2,index,0.029234874921389015,0.033929510750219646,
PACE_OCI.20250428T063402.L1B.V3_image_123,contiguous,2,wavelength,0.028391229100660505,0.03299644587731374,
PACE_OCI.20250428T063402.L1B.V3_image_123,contiguous,3,index,0.14600759428474203,0.17495303900980302,0.0846053025005997
PACE_OCI.20250428T063402.L1B.V3_image_123,contiguous,3,wavelength,0.1419618355287476,0.1740255232729966,0.0857294755652693
PACE_OCI.20250428T063402.L1B.V3_image_123,contiguous,4,index,0.0028521015081666907,0.003529125361289524,
PACE_OCI.20250428T063402.L1B.V3_image_123,contiguous,4,wavelength,0.002816127302224061,0.003484154711547706,
PACE_OCI.20250428T063402.L1B.V3_image_123,contiguous,5,index,0.04421741675892544,0.08471133569523631,0.22234221132881066
PACE_OCI.20250428T063402.L1B.V3_image_123,contiguous,5,wavelength,0.044091313768273535,0.08484268378589523,0.22298053777497
PACE_OCI.20250428T063402.L1B.V3_image_123,contiguous,6,index,0.04031993878974949,0.09161252500302708,0.2440537764526435
PACE_OCI.20250428T063402.L1B.V3_image_123,contiguous,6,wavelength,0.04014519747921945,0.09148317881758886,0.24373987784816664
PACE_OCI.20250428T063402.L1B.V3_image_123,contiguous,7,index,0.020296445529251188,0.02515613503606338,
PACE_OCI.20250428T063402.L1B.V3_image_123,contiguous,7,wavelength,0.01850894297566928,0.023850675971633505,
PACE_OCI.20250428T063402.L1B.V3_image_123,contiguous,8,index,0.015875679029323703,0.022105903925351146,
PACE_OCI.20250428T063402.L1B.V3_image_123,contiguous,8,wavelength,0.014092001325757846,0.02141377016374745,
PACE_OCI.20250428T063402.L1B.V3_image_123,contiguous,9,index,0.08796981801581041,0.10503483680615815,
PACE_OCI.20250428T063402.L1B.V3_image_123,contiguous,9,wavelength,0.08512637168845082,0.10393914812455282,
PACE_OCI.20250428T063402.L1B.V3_image_123,scattered,0,index,0.006767730968799157,0.02228930805470741,0.03421696064954934
PACE_OCI.20250428T063402.L1B.V3_image_123,scattered,0,wavelength,0.0049037018574362105,0.014422388882300756,0.03411449313429324
PACE_OCI.20250428T063402.L1B.V3_image_123,scattered,1,index,0.005153446342047825,0.01760263518936028,0.006858762203288886
PACE_OCI.20250428T063402.L1B.V3_image_123,scattered,1,wavelength,0.02729320046892639,0.17228339679988508,0.006794420975147088
PACE_OCI.20250428T063402.L1B.V3_image_123,scattered,2,index,0.0060463611934817845,0.023638272220619483,0.00414149811775941
PACE_OCI.20250428T063402.L1B.V3_image_123,scattered,2,wavelength,0.004601506271762676,0.02034227676155446,0.004103758345855704
PACE_OCI.20250428T063402.L1B.V3_image_123,scattered,3,index,0.008457288292114262,0.023626958271772816,
PACE_OCI.20250428T063402.L1B.V3_image_123,scattered,3,wavelength,0.007466092879233445,0.021749968086773104,
PACE_OCI.20250428T063402.L1B.V3_image_123,scattered,4,index,0.005968259625913939,0.019150395319659137,0.018852025173449267
PACE_OCI.20250428T063402.L1B.V3_image_123,scattered,4,wavelength,0.006331157142234268,0.021243515123281518,0.018766810869732514
PACE_OCI.20250428T063402.L1B.V3_image_123,scattered,5,index,0.005253790909637072,0.015579413372841472,0.00414149811775941
PACE_OCI.20250428T063402.L1B.V3_image_123,scattered,5,wavelength,0.005087870888626535,0.01676675354891843,0.004103758345855704
PACE_OCI.20250428T063402.L1B.V3_image_123,scattered,6,index,0.0035650311344454697,0.010771400866201663,
PACE_OCI.20250428T063402.L1B.V3_image_123,scattered,6,wavelength,0.0035713806784567863,0.011235971946274504,
PACE_OCI.20250428T063402.L1B.V3_image_123,scattered,7,index,0.006293511470688116,0.02492816698179787,0.01806582181220788
PACE_OCI.20250428T063402.L1B.V3_image_123,scattered,7,wavelength,0.005696298224836419,0.019217950683609607,0.01815376692791036
PACE_OCI.20250428T063402.L1B.V3_image_123,scattered,8,index,0.004758843334755715,0.021372236587345172,
PACE_OCI.20250428T063402.L1B.V3_image_123,scattered,8,wavelength,0.003220322617070427,0.01470306335211714,
PACE_OCI.20250428T063402.L1B.V3_image_123,scattered,9,index,0.004325846730915269,0.02416763286758451,0.0014242340322299343
PACE_OCI.20250428T063402.L1B.V3_image_123,scattered,9,wavelength,0.0035632985200890516,0.018135095420662106,0.0014130957165643194
PACE_OCI.20250220T002538.L1B.V3_image_111,contiguous,0,index,0.03726358781014658,0.03988316627745177,
PACE_OCI.20250220T002538.L1B.V3_image_111,contiguous,0,wavelength,0.03393060329527344,0.03833418918430475,
PACE_OCI.20250220T002538.L1B.V3_image_111,contiguous,1,index,0.41851608537608825,0.4292413452811008,0.16924969327104877
PACE_OCI.20250220T002538.L1B.V3_image_111,contiguous,1,wavelength,0.4645163370586336,0.4743260869706649,0.1720721009775261
PACE_OCI.20250220T002538.L1B.V3_image_111,contiguous,2,index,0.10804643850732508,0.1683841945098031,0.43035787906356177
PACE_OCI.20250220T002538.L1B.V3_image_111,contiguous,2,wavelength,0.10808514335065732,0.16928951150925706,0.4327201245087359
PACE_OCI.20250220T002538.L1B.V3_image_111,contiguous,3,index,0.21403303861941742,0.25202361174280524,0.145085824080254
PACE_OCI.20250220T002538.L1B.V3_image_111,contiguous,3,wavelength,0.20849906032961868,0.2503952931577699,0.1460886138849148
PACE_OCI.20250220T002538.L1B.V3_image_111,contiguous,4,index,0.14773294933727943,0.19030586840397787,0.4159374648528889
PACE_OCI.20250220T002538.L1B.V3_image_111,contiguous,4,wavelength,0.1478127500049824,0.19204180319684522,0.41922157313818664
PACE_OCI.20250220T002538.L1B.V3_image_111,contiguous,5,index,0.045440623043085236,0.051548191591414105,
PACE_OCI.20250220T002538.L1B.V3_image_111,contiguous,5,wavelength,0.04503791841320452,0.05112032124107495,
PACE_OCI.20250220T002538.L1B.V3_image_111,contiguous,6,index,0.022360768999977052,0.033190474140860765,
PACE_OCI.20250220T002538.L1B.V3_image_111,contiguous,6,wavelength,0.03586683656225259,0.0455867782052889,
PACE_OCI.20250220T002538.L1B.V3_image_111,contiguous,7,index,0.03539027752863709,0.055426704833362934,
PACE_OCI.20250220T002538.L1B.V3_image_111,contiguous,7,wavelength,0.0354464908122097,0.05542465201905528,
PACE_OCI.20250220T002538.L1B.V3_image_111,contiguous,8,index,0.06617143048598856,0.07145032866256974,
PACE_OCI.20250220T002538.L1B.V3_image_111,contiguous,8,wavelength,0.06539025219175536,0.07061615720656753,
PACE_OCI.20250220T002538.L1B.V3_image_111,contiguous,9,index,0.036644536701889205,0.041115745086426236,
PACE_OCI.20250220T002538.L1B.V3_image_111,contiguous,9,wavelength,0.03641321852858936,0.040866297711492416,
PACE_OCI.20250220T002538.L1B.V3_image_111,scattered,0,index,0.01246599678307494,0.037737666796067,
PACE_OCI.20250220T002538.L1B.V3_image_111,scattered,0,wavelength,0.013101279117872242,0.044250854842931384,
PACE_OCI.20250220T002538.L1B.V3_image_111,scattered,1,index,0.012292686836386416,0.03441955988787676,0.06613403625184826
PACE_OCI.20250220T002538.L1B.V3_image_111,scattered,1,wavelength,0.01218903583593156,0.03463991596044228,0.06603479306505323
PACE_OCI.20250220T002538.L1B.V3_image_111,scattered,2,index,0.005641324063069251,0.01088923090554502,0.024220772825477372
PACE_OCI.20250220T002538.L1B.V3_image_111,scattered,2,wavelength,0.00540046704596639,0.010550833717779061,0.024260364177798612
PACE_OCI.20250220T002538.L1B.V3_image_111,scattered,3,index,0.004953595878246691,0.009542937477338328,0.010055461606195118
PACE_OCI.20250220T002538.L1B.V3_image_111,scattered,3,wavelength,0.005286447468896528,0.009733214732313715,0.01025389544928061
PACE_OCI.20250220T002538.L1B.V3_image_111,scattered,4,index,0.013283129255948559,0.040324402445947705,0.017888206000255497
PACE_OCI.20250220T002538.L1B.V3_image_111,scattered,4,wavelength,0.010976117668114084,0.03332429488597868,0.018128664867108898
PACE_OCI.20250220T002538.L1B.V3_image_111,scattered,5,index,0.010615233222319378,0.03670413487949229,0.014060048601499552
PACE_OCI.20250220T002538.L1B.V3_image_111,scattered,5,wavelength,0.008303034082405975,0.033578927134455386,0.013915741446947356
PACE_OCI.20250220T002538.L1B.V3_image_111,scattered,6,index,0.012449331283777764,0.037352172349675986,0.025720950394315878
PACE_OCI.20250220T002538.L1B.V3_image_111,scattered,6,wavelength,0.012527344936891427,0.037050333575846,0.026003434284937187
PACE_OCI.20250220T002538.L1B.V3_image_111,scattered,7,index,0.013347941593924077,0.039049638671193876,0.020667817914323275
PACE_OCI.20250220T002538.L1B.V3_image_111,scattered,7,wavelength,0.013767377619726805,0.040120590677687896,0.020786498642356092
PACE_OCI.20250220T002538.L1B.V3_image_111,scattered,8,index,0.007215166789017943,0.018109121730356822,0.041371134737952765
PACE_OCI.20250220T002538.L1B.V3_image_111,scattered,8,wavelength,0.006813084450294389,0.016484808984000034,0.041369035450895715
PACE_OCI.20250220T002538.L1B.V3_image_111,scattered,9,index,0.011424588416809642,0.034142415913896225,0.017888206000255497
PACE_OCI.20250220T002538.L1B.V3_image_111,scattered,9,wavelength,0.011372830492422072,0.03521268863389432,0.018128664867108898
PACE_OCI.20240510T003914.L1B.V3_image_087,contiguous,0,index,0.002341242852806929,0.0034853595997317425,
PACE_OCI.20240510T003914.L1B.V3_image_087,contiguous,0,wavelength,0.002199399093348814,0.0034345684807346993,
PACE_OCI.20240510T003914.L1B.V3_image_087,contiguous,1,index,0.010975313781892763,0.012950185281705376,
PACE_OCI.20240510T003914.L1B.V3_image_087,contiguous,1,wavelength,0.011220354199153262,0.013217062634411568,
PACE_OCI.20240510T003914.L1B.V3_image_087,contiguous,2,index,0.011998273667387906,0.013805728246587406,
PACE_OCI.20240510T003914.L1B.V3_image_087,contiguous,2,wavelength,0.01224071420290902,0.014073567767188815,
PACE_OCI.20240510T003914.L1B.V3_image_087,contiguous,3,index,0.03451941805826794,0.04551782996182865,
PACE_OCI.20240510T003914.L1B.V3_image_087,contiguous,3,wavelength,0.03466020812295419,0.045461707901672525,
PACE_OCI.20240510T003914.L1B.V3_image_087,contiguous,4,index,0.06515943277433205,0.07709653913767392,
PACE_OCI.20240510T003914.L1B.V3_image_087,contiguous,4,wavelength,0.06472984600986219,0.07666082167755156,
PACE_OCI.20240510T003914.L1B.V3_image_087,contiguous,5,index,0.004170873916872019,0.004842585832928331,
PACE_OCI.20240510T003914.L1B.V3_image_087,contiguous,5,wavelength,0.0033550338222478084,0.004097245061898567,
PACE_OCI.20240510T003914.L1B.V3_image_087,contiguous,6,index,0.007265131416808245,0.008066137540371155,
PACE_OCI.20240510T003914.L1B.V3_image_087,contiguous,6,wavelength,0.005737565061834754,0.006635880644566739,
PACE_OCI.20240510T003914.L1B.V3_image_087,contiguous,7,index,0.008734354247491359,0.011532044541507762,
PACE_OCI.20240510T003914.L1B.V3_image_087,contiguous,7,wavelength,0.008754798354901774,0.011520943158266156,
PACE_OCI.20240510T003914.L1B.V3_image_087,contiguous,8,index,0.009564009969484569,0.01088986105857307,
PACE_OCI.20240510T003914.L1B.V3_image_087,contiguous,8,wavelength,0.008117025866541535,0.009358640181521731,
PACE_OCI.20240510T003914.L1B.V3_image_087,contiguous,9,index,0.011798030772033875,0.013180680233848188,
PACE_OCI.20240510T003914.L1B.V3_image_087,contiguous,9,wavelength,0.00974018333810145,0.011137990277169833,
PACE_OCI.20240510T003914.L1B.V3_image_087,scattered,0,index,0.0011870329676726445,0.004690189169155949,0.0012190533022846837
PACE_OCI.20240510T003914.L1B.V3_image_087,scattered,0,wavelength,0.0013932464874882758,0.005625614088763372,0.001213902597835941
PACE_OCI.20240510T003914.L1B.V3_image_087,scattered,1,index,0.001506773127046598,0.007917685218167624,0.0021798090660585905
PACE_OCI.20240510T003914.L1B.V3_image_087,scattered,1,wavelength,0.0013154863736741147,0.005903132354470104,0.0021885103831065025
PACE_OCI.20240510T003914.L1B.V3_image_087,scattered,2,index,0.0014179781745373155,0.007832127898766611,
PACE_OCI.20240510T003914.L1B.V3_image_087,scattered,2,wavelength,0.0012106436118447393,0.005814924745857893,
PACE_OCI.20240510T003914.L1B.V3_image_087,scattered,3,index,0.0014505447847437596,0.004874943538532754,0.0017425688666932088
PACE_OCI.20240510T003914.L1B.V3_image_087,scattered,3,wavelength,0.001573615317986115,0.005563789043446051,0.0017334175569222409
PACE_OCI.20240510T003914.L1B.V3_image_087,scattered,4,index,0.0010992731008956647,0.005408683922253192,0.001848034730528525
PACE_OCI.20240510T003914.L1B.V3_image_087,scattered,4,wavelength,0.0008439770739671415,0.004378852863654907,0.0018440715922375434
PACE_OCI.20240510T003914.L1B.V3_image_087,scattered,5,index,0.0008403989762577501,0.003926488189967445,
PACE_OCI.20240510T003914.L1B.V3_image_087,scattered,5,wavelength,0.0009169868287250708,0.00442114634205932,
PACE_OCI.20240510T003914.L1B.V3_image_087,scattered,6,index,0.0016449431682313516,0.006320703636217577,0.0006792944716127951
PACE_OCI.20240510T003914.L1B.V3_image_087,scattered,6,wavelength,0.0012737888181893816,0.00509404904046022,0.0006710486980907719
PACE_OCI.20240510T003914.L1B.V3_image_087,scattered,7,index,0.0027018780075050612,0.015269328854765542,0.0007754756008277278
PACE_OCI.20240510T003914.L1B.V3_image_087,scattered,7,wavelength,0.002180173519252451,0.013482858100050786,0.000768062601128167
PACE_OCI.20240510T003914.L1B.V3_image_087,scattered,8,index,0.0006532514552804291,0.002591362161605155,
PACE_OCI.20240510T003914.L1B.V3_image_087,scattered,8,wavelength,0.0007707461082445497,0.002722956692755808,
PACE_OCI.20240510T003914.L1B.V3_image_087,scattered,9,index,0.0010206008520113777,0.004700920714581799,
PACE_OCI.20240510T003914.L1B.V3_image_087,scattered,9,wavelength,0.0009609225413464187,0.0047945445797807525,
PACE_OCI.20250220T002538.L1B.V3_image_113,contiguous,0,index,0.09189779872610843,0.11136067254059834,
PACE_OCI.20250220T002538.L1B.V3_image_113,contiguous,0,wavelength,0.09093647439334224,0.11038413382894807,
PACE_OCI.20250220T002538.L1B.V3_image_113,contiguous,1,index,0.04145656786907722,0.04607553372287311,
PACE_OCI.20250220T002538.L1B.V3_image_113,contiguous,1,wavelength,0.04122001682213705,0.04581492066914413,
PACE_OCI.20250220T002538.L1B.V3_image_113,contiguous,2,index,0.11083021354307661,0.12614163641305576,
PACE_OCI.20250220T002538.L1B.V3_image_113,contiguous,2,wavelength,0.10698820950660207,0.12191119575895867,
PACE_OCI.20250220T002538.L1B.V3_image_113,contiguous,3,index,0.06401780413087976,0.07575200557098898,
PACE_OCI.20250220T002538.L1B.V3_image_113,contiguous,3,wavelength,0.05756914234590361,0.06998198205108945,
PACE_OCI.20250220T002538.L1B.V3_image_113,contiguous,4,index,0.08664282624258497,0.16307473271773912,0.4241804549893019
PACE_OCI.20250220T002538.L1B.V3_image_113,contiguous,4,wavelength,0.08606243363401621,0.16178347396104115,0.42123953992541463
PACE_OCI.20250220T002538.L1B.V3_image_113,contiguous,5,index,0.04145656786907722,0.04607553372287311,
PACE_OCI.20250220T002538.L1B.V3_image_113,contiguous,5,wavelength,0.04122001682213705,0.04581492066914413,
PACE_OCI.20250220T002538.L1B.V3_image_113,contiguous,6,index,0.06606918565690977,0.0778537663319088,
PACE_OCI.20250220T002538.L1B.V3_image_113,contiguous,6,wavelength,0.07348336200426736,0.08499577589162984,
PACE_OCI.20250220T002538.L1B.V3_image_113,contiguous,7,index,0.038987690890715465,0.04416771640617377,
PACE_OCI.20250220T002538.L1B.V3_image_113,contiguous,7,wavelength,0.038739274185434505,0.04389292316632719,
PACE_OCI.20250220T002538.L1B.V3_image_113,contiguous,8,index,0.07421547808777854,0.08664477210167033,
PACE_OCI.20250220T002538.L1B.V3_image_113,contiguous,8,wavelength,0.08016373823897888,0.09242918685964599,
PACE_OCI.20250220T002538.L1B.V3_image_113,contiguous,9,index,0.025118871434276636,0.03451439913383578,
PACE_OCI.20250220T002538.L1B.V3_image_113,contiguous,9,wavelength,0.030479456400960038,0.04086256307827894,
PACE_OCI.20250220T002538.L1B.V3_image_113,scattered,0,index,0.008454812218817737,0.027023176770110423,0.009736388541770995
PACE_OCI.20250220T002538.L1B.V3_image_113,scattered,0,wavelength,0.005097292467751917,0.011358094422647727,0.009928527170129401
PACE_OCI.20250220T002538.L1B.V3_image_113,scattered,1,index,0.014841143755968508,0.04556136672083137,0.03254174728620759
PACE_OCI.20250220T002538.L1B.V3_image_113,scattered,1,wavelength,0.013657563041083417,0.044415592585787256,0.03267765376647848
PACE_OCI.20250220T002538.L1B.V3_image_113,scattered,2,index,0.013072072440424886,0.034704978034270806,0.04471795266969517
PACE_OCI.20250220T002538.L1B.V3_image_113,scattered,2,wavelength,0.012000696738682343,0.033651534578959606,0.04480103550467903
PACE_OCI.20250220T002538.L1B.V3_image_113,scattered,3,index,0.007161429521342652,0.02037544028141114,0.03719001244058341
PACE_OCI.20250220T002538.L1B.V3_image_113,scattered,3,wavelength,0.040176838485576696,0.2547360545379753,0.037074525030618075
PACE_OCI.20250220T002538.L1B.V3_image_113,scattered,4,index,0.012000018180061705,0.04209395105746864,
PACE_OCI.20250220T002538.L1B.V3_image_113,scattered,4,wavelength,0.011416621019322603,0.043807882971968325,
PACE_OCI.20250220T002538.L1B.V3_image_113,scattered,5,index,0.014094308569414753,0.042488674957816365,0.025018722293073854
PACE_OCI.20250220T002538.L1B.V3_image_113,scattered,5,wavelength,0.010383107857629947,0.034306863253234315,0.02529257006088513
PACE_OCI.20250220T002538.L1B.V3_image_113,scattered,6,index,0.00896315094383087,0.02715218007358726,
PACE_OCI.20250220T002538.L1B.V3_image_113,scattered,6,wavelength,0.006304575890729681,0.017216434637519498,
PACE_OCI.20250220T002538.L1B.V3_image_113,scattered,7,index,0.012138155876193362,0.03951473613767046,0.04006477227934132
PACE_OCI.20250220T002538.L1B.V3_image_113,scattered,7,wavelength,0.008413937139171417,0.031072354890909436,0.04006273747207182
PACE_OCI.20250220T002538.L1B.V3_image_113,scattered,8,index,0.015918380904441407,0.03590395071314551,0.06220873473365726
PACE_OCI.20250220T002538.L1B.V3_image_113,scattered,8,wavelength,0.014881802577594298,0.03696829582876065,0.062237289671953855
PACE_OCI.20250220T002538.L1B.V3_image_113,scattered,9,index,0.011789155194090226,0.038287161153554225,0.0031857617125044474
PACE_OCI.20250220T002538.L1B.V3_image_113,scattered,9,wavelength,0.013347498724087314,0.044725999817825525,0.003064537718807566
PACE_OCI.20240510T003914.L1B.V3_image_178,contiguous,0,index,0.006395019486677222,0.015839898503485963,0.021386781861909544
PACE_OCI.20240510T003914.L1B.V3_image_178,contiguous,0,wavelength,0.006514215895440172,0.015805896296099704,0.02181605279882098
PACE_OCI.20240510T003914.L1B.V3_image_178,contiguous,1,index,0.007587140430177162,0.008690797330330886,
PACE_OCI.20240510T003914.L1B.V3_image_178,contiguous,1,wavelength,0.005623559610081792,0.006855293252843266,
PACE_OCI.20240510T003914.L1B.V3_image_178,contiguous,2,index,0.005784333295124242,0.012714046037714396,0.0180913863499107
PACE_OCI.20240510T003914.L1B.V3_image_178,contiguous,2,wavelength,0.005745229432523712,0.01270913082294005,0.018326175038382752
PACE_OCI.20240510T003914.L1B.V3_image_178,contiguous,3,index,0.005879826713376001,0.010188071676121837,
PACE_OCI.20240510T003914.L1B.V3_image_178,contiguous,3,wavelength,0.005289948611762651,0.009457125600663786,
PACE_OCI.20240510T003914.L1B.V3_image_178,contiguous,4,index,0.005062932002266976,0.010759390770468173,
PACE_OCI.20240510T003914.L1B.V3_image_178,contiguous,4,wavelength,0.00526106360363072,0.010810602659551742,
PACE_OCI.20240510T003914.L1B.V3_image_178,contiguous,5,index,0.005561912066340952,0.014047190399952128,0.0217597615685097
PACE_OCI.20240510T003914.L1B.V3_image_178,contiguous,5,wavelength,0.005559813335851707,0.014036905618085141,0.02176901969462577
PACE_OCI.20240510T003914.L1B.V3_image_178,contiguous,6,index,0.006954478752935371,0.015114393434476393,0.02161950621170259
PACE_OCI.20240510T003914.L1B.V3_image_178,contiguous,6,wavelength,0.0070119882444336715,0.015112972988849265,0.02154009739189937
PACE_OCI.20240510T003914.L1B.V3_image_178,contiguous,7,index,0.0025283131580379854,0.004279580108831233,
PACE_OCI.20240510T003914.L1B.V3_image_178,contiguous,7,wavelength,0.002598111052803697,0.004309249338633156,
PACE_OCI.20240510T003914.L1B.V3_image_178,contiguous,8,index,0.004832644404919162,0.007985183443512385,
PACE_OCI.20240510T003914.L1B.V3_image_178,contiguous,8,wavelength,0.004344151735046881,0.007441732540086145,
PACE_OCI.20240510T003914.L1B.V3_image_178,contiguous,9,index,0.003915776429402957,0.006647239871225991,
PACE_OCI.20240510T003914.L1B.V3_image_178,contiguous,9,wavelength,0.003709409515040749,0.006563516080641006,
PACE_OCI.20240510T003914.L1B.V3_image_178,scattered,0,index,0.004608927650506489,0.03496292178412867,0.003006122337612598
PACE_OCI.20240510T003914.L1B.V3_image_178,scattered,0,wavelength,0.003963618723992458,0.032112446297739634,0.002997963250421244
PACE_OCI.20240510T003914.L1B.V3_image_178,scattered,1,index,0.0009480332563502917,0.006127099974097035,
PACE_OCI.20240510T003914.L1B.V3_image_178,scattered,1,wavelength,0.0009830295101622012,0.005813772577183137,
PACE_OCI.20240510T003914.L1B.V3_image_178,scattered,2,index,0.0009526992511954672,0.0026446892063591108,0.0019721052109768302
PACE_OCI.20240510T003914.L1B.V3_image_178,scattered,2,wavelength,0.001005012790878643,0.0029285985927182865,0.001986240975419695
PACE_OCI.20240510T003914.L1B.V3_image_178,scattered,3,index,0.0009757821168822717,0.005231825290352133,0.0014286482568069106
PACE_OCI.20240510T003914.L1B.V3_image_178,scattered,3,wavelength,0.0007785307651839867,0.002973078927261379,0.001424192426742476
PACE_OCI.20240510T003914.L1B.V3_image_178,scattered,4,index,0.0012024889359281907,0.006393095699028837,0.0012243503198853297
PACE_OCI.20240510T003914.L1B.V3_image_178,scattered,4,wavelength,0.0012414908012656906,0.00617946681037063,0.0012223304713378485
PACE_OCI.20240510T003914.L1B.V3_image_178,scattered,5,index,0.0015571727819985743,0.009374850493862493,
PACE_OCI.20240510T003914.L1B.V3_image_178,scattered,5,wavelength,0.001473175438614529,0.009166291565402546,
PACE_OCI.20240510T003914.L1B.V3_image_178,scattered,6,index,0.0020570695318657883,0.008973821536519226,0.002159480939705342
PACE_OCI.20240510T003914.L1B.V3_image_178,scattered,6,wavelength,0.002139874147478956,0.00834491402863713,0.002159163620021303
PACE_OCI.20240510T003914.L1B.V3_image_178,scattered,7,index,0.0006599265186802382,0.003076788936012185,0.0024186749729880022
PACE_OCI.20240510T003914.L1B.V3_image_178,scattered,7,wavelength,0.0006535708109503002,0.0022311140812707733,0.002414973256661308
PACE_OCI.20240510T003914.L1B.V3_image_178,scattered,8,index,0.0017700588147898265,0.008889852560414201,
PACE_OCI.20240510T003914.L1B.V3_image_178,scattered,8,wavelength,0.0014699992057392837,0.007429848950958986,
PACE_OCI.20240510T003914.L1B.V3_image_178,scattered,9,index,0.001912606800581884,0.010122308576583743,0.002159480939705342
PACE_OCI.20240510T003914.L1B.V3_image_178,scattered,9,wavelength,0.08282306711590659,0.8376728563663243,0.002159163620021303
PACE_OCI.20250220T002538.L1B.V3_image_115,contiguous,0,index,0.07338648034799336,0.08287885458769173,
PACE_OCI.20250220T002538.L1B.V3_image_115,contiguous,0,wavelength,0.06216094364252175,0.07189572462870042,
PACE_OCI.20250220T002538.L1B.V3_image_115,contiguous,1,index,0.2514057892767029,0.29520808160467155,0.1568016579665342
PACE_OCI.20250220T002538.L1B.V3_image_115,contiguous,1,wavelength,0.2452976106079351,0.2937146112307235,0.15870820489087925
PACE_OCI.20250220T002538.L1B.V3_image_115,contiguous,2,index,0.08321922106998757,0.09149695036638082,
PACE_OCI.20250220T002538.L1B.V3_image_115,contiguous,2,wavelength,0.08260652527610611,0.09083307044595132,
PACE_OCI.20250220T002538.L1B.V3_image_115,contiguous,3,index,0.08019778906060522,0.1595451287488741,0.42395343237637667
PACE_OCI.20250220T002538.L1B.V3_image_115,contiguous,3,wavelength,0.08044393095562272,0.16040393810642753,0.4261847487170867
PACE_OCI.20250220T002538.L1B.V3_image_115,contiguous,4,index,0.14857565813893467,0.16696837244219231,
PACE_OCI.20250220T002538.L1B.V3_image_115,contiguous,4,wavelength,0.1401059045555241,0.15821865146003214,
PACE_OCI.20250220T002538.L1B.V3_image_115,contiguous,5,index,0.036315646971906874,0.059625099078534645,
PACE_OCI.20250220T002538.L1B.V3_image_115,contiguous,5,wavelength,0.0370549251065892,0.0587481510967305,
PACE_OCI.20250220T002538.L1B.V3_image_115,contiguous,6,index,0.07882020600820748,0.09310039461702507,
PACE_OCI.20250220T002538.L1B.V3_image_115,contiguous,6,wavelength,0.08507100836133845,0.09906706966609787,
PACE_OCI.20250220T002538.L1B.V3_image_115,contiguous,7,index,0.15021786158552633,0.18877450798839707,0.3986950259688873
PACE_OCI.20250220T002538.L1B.V3_image_115,contiguous,7,wavelength,0.15027268433841362,0.19033194599521552,0.4015034959549754
PACE_OCI.20250220T002538.L1B.V3_image_115,contiguous,8,index,0.05433937286641063,0.06374392499723833,
PACE_OCI.20250220T002538.L1B.V3_image_115,contiguous,8,wavelength,0.05525950867310519,0.06459801732322931,
PACE_OCI.20250220T002538.L1B.V3_image_115,contiguous,9,index,0.06619744686400153,0.0763251071787962,
PACE_OCI.20250220T002538.L1B.V3_image_115,contiguous,9,wavelength,0.0653804891970599,0.07546869839394814,
PACE_OCI.20250220T002538.L1B.V3_image_115,scattered,0,index,0.008841064515500766,0.028824066463459714,
PACE_OCI.20250220T002538.L1B.V3_image_115,scattered,0,wavelength,0.00906451798074103,0.029456121098993926,
PACE_OCI.20250220T002538.L1B.V3_image_115,scattered,1,index,0.009975091073317727,0.02064873351161827,0.0399757376717378
PACE_OCI.20250220T002538.L1B.V3_image_115,scattered,1,wavelength,0.007944398027407845,0.014763887552103904,0.03997358128388759
PACE_OCI.20250220T002538.L1B.V3_image_115,scattered,2,index,0.012643436686565049,0.028406908928665316,0.06984756549580456
PACE_OCI.20250220T002538.L1B.V3_image_115,scattered,2,wavelength,0.010879602383776825,0.024352213107229286,0.06994468198498945
PACE_OCI.20250220T002538.L1B.V3_image_115,scattered,3,index,0.012861271509588343,0.04550337828179015,
PACE_OCI.20250220T002538.L1B.V3_image_115,scattered,3,wavelength,0.012898774035284196,0.0453892381823763,
PACE_OCI.20250220T002538.L1B.V3_image_115,scattered,4,index,0.013773427130229486,0.03359454811578688,0.030465152933172982
PACE_OCI.20250220T002538.L1B.V3_image_115,scattered,4,wavelength,0.01320955467946256,0.032651573022972745,0.03032861484893321
PACE_OCI.20250220T002538.L1B.V3_image_115,scattered,5,index,0.004570643755258152,0.00940991805719953,0.030465152933172982
PACE_OCI.20250220T002538.L1B.V3_image_115,scattered,5,wavelength,0.004468435562326153,0.00881591028309954,0.03032861484893321
PACE_OCI.20250220T002538.L1B.V3_image_115,scattered,6,index,0.012433338332660828,0.03505771956305001,0.003565565970662522
PACE_OCI.20250220T002538.L1B.V3_image_115,scattered,6,wavelength,0.012018419099437417,0.03481640912466154,0.003445956835646786
PACE_OCI.20250220T002538.L1B.V3_image_115,scattered,7,index,0.012070745661489898,0.03996372942661872,0.0399757376717378
PACE_OCI.20250220T002538.L1B.V3_image_115,scattered,7,wavelength,0.010680900993901208,0.03815092266007005,0.03997358128388759
PACE_OCI.20250220T002538.L1B.V3_image_115,scattered,8,index,0.003572704976719325,0.0064724773417797815,0.0012175105777505325
PACE_OCI.20250220T002538.L1B.V3_image_115,scattered,8,wavelength,0.0034781087193943338,0.006428516305747637,0.001234966974741972
PACE_OCI.20250220T002538.L1B.V3_image_115,scattered,9,index,0.0037841483462567292,0.00791306537882301,
PACE_OCI.20250220T002538.L1B.V3_image_115,scattered,9,wavelength,0.003748280722531355,0.00768715833551943,
PACE_OCI.20240510T003914.L1B.V3_image_200,contiguous,0,index,0.008967430034732275,0.00994254438048673,
PACE_OCI.20240510T003914.L1B.V3_image_200,contiguous,0,wavelength,0.0075741485770621534,0.008421498388123177,
PACE_OCI.20240510T003914.L1B.V3_image_200,contiguous,1,index,0.006555653765588948,0.00752231729093114,
PACE_OCI.20240510T003914.L1B.V3_image_200,contiguous,1,wavelength,0.005095834956711641,0.005922874893093047,
PACE_OCI.20240510T003914.L1B.V3_image_200,contiguous,2,index,0.00840693742627118,0.009235223779107992,
PACE_OCI.20240510T003914.L1B.V3_image_200,contiguous,2,wavelength,0.007487856675274856,0.008160173511522472,
PACE_OCI.20240510T003914.L1B.V3_image_200,contiguous,3,index,0.011811128082886603,0.012710126491307584,
PACE_OCI.20240510T003914.L1B.V3_image_200,contiguous,3,wavelength,0.012020153843291373,0.012932864806934966,
PACE_OCI.20240510T003914.L1B.V3_image_200,contiguous,4,index,0.003416800248916292,0.0067598507207848645,0.011738214115874394
PACE_OCI.20240510T003914.L1B.V3_image_200,contiguous,4,wavelength,0.003403913710585553,0.0067748091511459765,0.011879465367479303
PACE_OCI.20240510T003914.L1B.V3_image_200,contiguous,5,index,0.00153348777425151,0.002400781500561846,
PACE_OCI.20240510T003914.L1B.V3_image_200,contiguous,5,wavelength,0.0015312556432049169,0.002380454997235552,
PACE_OCI.20240510T003914.L1B.V3_image_200,contiguous,6,index,0.005502395947045904,0.006117314367680828,
PACE_OCI.20240510T003914.L1B.V3_image_200,contiguous,6,wavelength,0.003987548877530952,0.004618422470670341,
PACE_OCI.20240510T003914.L1B.V3_image_200,contiguous,7,index,0.0065153695223342765,0.007271701011425814,
PACE_OCI.20240510T003914.L1B.V3_image_200,contiguous,7,wavelength,0.004604761086206856,0.005353010421668317,
PACE_OCI.20240510T003914.L1B.V3_image_200,contiguous,8,index,0.003085060245743787,0.0057144948730502975,
PACE_OCI.20240510T003914.L1B.V3_image_200,contiguous,8,wavelength,0.0032924321364461912,0.005864200327380521,
PACE_OCI.20240510T003914.L1B.V3_image_200,contiguous,9,index,0.01596680286201825,0.017965218887862237,
PACE_OCI.20240510T003914.L1B.V3_image_200,contiguous,9,wavelength,0.01620707006931659,0.018224356714365817,
PACE_OCI.20240510T003914.L1B.V3_image_200,scattered,0,index,0.0009562528280993509,0.004791156723441769,0.0012750466396482807
PACE_OCI.20240510T003914.L1B.V3_image_200,scattered,0,wavelength,0.0009889398290093621,0.004830963138119664,0.0012792995016394115
PACE_OCI.20240510T003914.L1B.V3_image_200,scattered,1,index,0.0015065496777245098,0.006982353619680041,0.0014925466108858625
PACE_OCI.20240510T003914.L1B.V3_image_200,scattered,1,wavelength,0.0015559348195522092,0.0071172092779064125,0.001490291424332227
PACE_OCI.20240510T003914.L1B.V3_image_200,scattered,2,index,0.0019435218953925506,0.009300969988475157,0.0009428804025480565
PACE_OCI.20240510T003914.L1B.V3_image_200,scattered,2,wavelength,0.0913449309462525,0.7019766960220651,0.0009447265414309318
PACE_OCI.20240510T003914.L1B.V3_image_200,scattered,3,index,0.00035620031396766007,0.0009238863470448317,0.0012230542999229026
PACE_OCI.20240510T003914.L1B.V3_image_200,scattered,3,wavelength,0.0003750696022122572,0.00111779331279159,0.0012317569955890904
PACE_OCI.20240510T003914.L1B.V3_image_200,scattered,4,index,0.0009601729547938728,0.004367480759391327,0.0012750466396482807
PACE_OCI.20240510T003914.L1B.V3_image_200,scattered,4,wavelength,0.0010873189459424718,0.005257997039101109,0.0012792995016394115
PACE_OCI.20240510T003914.L1B.V3_image_200,scattered,5,index,0.0008409610947060848,0.0035739926387083946,0.0010126663831771213
PACE_OCI.20240510T003914.L1B.V3_image_200,scattered,5,wavelength,0.04080992489953197,0.4019939138625219,0.0010180059245730386
PACE_OCI.20240510T003914.L1B.V3_image_200,scattered,6,index,0.0008395488605857532,0.004685783823725739,
PACE_OCI.20240510T003914.L1B.V3_image_200,scattered,6,wavelength,0.0008877227718074854,0.004664833088204256,
PACE_OCI.20240510T003914.L1B.V3_image_200,scattered,7,index,0.0009758632340488286,0.004688665328770837,
PACE_OCI.20240510T003914.L1B.V3_image_200,scattered,7,wavelength,0.0010051429003393535,0.004768378708912409,
PACE_OCI.20240510T003914.L1B.V3_image_200,scattered,8,index,0.00048690641729323583,0.0024912244803721876,0.0004793240928443589
PACE_OCI.20240510T003914.L1B.V3_image_200,scattered,8,wavelength,0.0004010748570976264,0.0012918107719171465,0.0004765167371164916
PACE_OCI.20240510T003914.L1B.V3_image_200,scattered,9,index,0.0012437514391390068,0.00464437037770415,
PACE_OCI.20240510T003914.L1B.V3_image_200,scattered,9,wavelength,0.0011256535528004136,0.004015471194189356,
PACE_OCI.20250220T002538.L1B.V3_image_118,contiguous,0,index,0.01642559149822616,0.02251817778135724,
PACE_OCI.20250220T002538.L1B.V3_image_118,contiguous,0,wavelength,0.02366653511466001,0.03240388621458438,
PACE_OCI.20250220T002538.L1B.V3_image_118,contiguous,1,index,0.08408210832360914,0.12470470558428194,0.2620809438558598
PACE_OCI.20250220T002538.L1B.V3_image_118,contiguous,1,wavelength,0.08881805161246896,0.12800239305724276,0.2579827094724208
PACE_OCI.20250220T002538.L1B.V3_image_118,contiguous,2,index,0.02953784235490858,0.05259858757446719,
PACE_OCI.20250220T002538.L1B.V3_image_118,contiguous,2,wavelength,0.030522949324931038,0.05036697552612369,
PACE_OCI.20250220T002538.L1B.V3_image_118,contiguous,3,index,0.0921345023027201,0.10874886109959915,
PACE_OCI.20250220T002538.L1B.V3_image_118,contiguous,3,wavelength,0.0905232203864116,0.1076564027669805,
PACE_OCI.20250220T002538.L1B.V3_image_118,contiguous,4,index,0.04908496102381493,0.05748224737461815,
PACE_OCI.20250220T002538.L1B.V3_image_118,contiguous,4,wavelength,0.04820069375571403,0.05661195244892401,
PACE_OCI.20250220T002538.L1B.V3_image_118,contiguous,5,index,0.02999352649258406,0.052770602553173195,
PACE_OCI.20250220T002538.L1B.V3_image_118,contiguous,5,wavelength,0.031121634369420784,0.0503925179984367,
PACE_OCI.20250220T002538.L1B.V3_image_118,contiguous,6,index,0.02387649576389664,0.032781138387696515,
PACE_OCI.20250220T002538.L1B.V3_image_118,contiguous,6,wavelength,0.021312748859371806,0.02930468954630355,
PACE_OCI.20250220T002538.L1B.V3_image_118,contiguous,7,index,0.40742472481309755,0.45066456998661086,
PACE_OCI.20250220T002538.L1B.V3_image_118,contiguous,7,wavelength,0.2602416580479533,0.28572888995585377,
PACE_OCI.20250220T002538.L1B.V3_image_118,contiguous,8,index,0.0229280039448696,0.03459408561367631,
PACE_OCI.20250220T002538.L1B.V3_image_118,contiguous,8,wavelength,0.03220866340339912,0.04369957969361391,
PACE_OCI.20250220T002538.L1B.V3_image_118,contiguous,9,index,0.041020180920836126,0.05440582587616632,
PACE_OCI.20250220T002538.L1B.V3_image_118,contiguous,9,wavelength,0.03442864440330715,0.050441208489416474,
PACE_OCI.20250220T002538.L1B.V3_image_118,scattered,0,index,0.010571847211670649,0.03834422004103753,0.025939948403700126
PACE_OCI.20250220T002538.L1B.V3_image_118,scattered,0,wavelength,0.007582222612006785,0.02673678026672037,0.026194870482758717
PACE_OCI.20250220T002538.L1B.V3_image_118,scattered,1,index,0.005222053635979941,0.01438678246696746,0.015695357141036464
PACE_OCI.20250220T002538.L1B.V3_image_118,scattered,1,wavelength,0.004059793924202727,0.00911352952308393,0.01591733489443537
PACE_OCI.20250220T002538.L1B.V3_image_118,scattered,2,index,0.0038241050687634276,0.008905715161990601,0.029418883294056286
PACE_OCI.20250220T002538.L1B.V3_image_118,scattered,2,wavelength,0.0038192475355242595,0.008921542701245415,0.029286284976037483
PACE_OCI.20250220T002538.L1B.V3_image_118,scattered,3,index,0.01097342693123309,0.03261988159270387,0.015695357141036464
PACE_OCI.20250220T002538.L1B.V3_image_118,scattered,3,wavelength,0.009501671726326393,0.029006058489755165,0.01591733489443537
PACE_OCI.20250220T002538.L1B.V3_image_118,scattered,4,index,0.007859171842497247,0.020102259275214036,
PACE_OCI.20250220T002538.L1B.V3_image_118,scattered,4,wavelength,0.006332791019527722,0.014638443432764875,
PACE_OCI.20250220T002538.L1B.V3_image_118,scattered,5,index,0.008986546847342557,0.027135261370971782,0.0010218274849952043
PACE_OCI.20250220T002538.L1B.V3_image_118,scattered,5,wavelength,0.009029698556051364,0.02910666317502112,0.0010362584379922453
PACE_OCI.20250220T002538.L1B.V3_image_118,scattered,6,index,0.010956818183733619,0.03988889148773605,0.025939948403700126
PACE_OCI.20250220T002538.L1B.V3_image_118,scattered,6,wavelength,0.007267976587272213,0.026761070993045408,0.026194870482758717
PACE_OCI.20250220T002538.L1B.V3_image_118,scattered,7,index,0.01147106763540275,0.03355675161928137,0.0765913886874235
PACE_OCI.20250220T002538.L1B.V3_image_118,scattered,7,wavelength,0.010929301255012942,0.03243539058334956,0.07656997967349803
PACE_OCI.20250220T002538.L1B.V3_image_118,scattered,8,index,0.008294564624646165,0.027858859261947422,
PACE_OCI.20250220T002538.L1B.V3_image_118,scattered,8,wavelength,0.00842720539073236,0.028394297122516766,
PACE_OCI.20250220T002538.L1B.V3_image_118,scattered,9,index,0.006697474204179141,0.02643055356262553,0.03767460675468707
PACE_OCI.20250220T002538.L1B.V3_image_118,scattered,9,wavelength,0.006452694922613865,0.025724690273468284,0.037578029112245476
PACE_OCI.20240510T003914.L1B.V3_image_217,contiguous,0,index,0.007636909227918619,0.009394844424121328,
PACE_OCI.20240510T003914.L1B.V3_image_217,contiguous,0,wavelength,0.005799802095712339,0.007687337889912684,
PACE_OCI.20240510T003914.L1B.V3_image_217,contiguous,1,index,0.007619126419761294,0.009365103677703856,
PACE_OCI.20240510T003914.L1B.V3_image_217,contiguous,1,wavelength,0.005659563749878268,0.0075941392473494835,
PACE_OCI.20240510T003914.L1B.V3_image_217,contiguous,2,index,0.008071081932285121,0.02179221146920805,0.0197072716573679
PACE_OCI.20240510T003914.L1B.V3_image_217,contiguous,2,wavelength,0.008191449479173872,0.021944836682030684,0.019557393641921567
PACE_OCI.20240510T003914.L1B.V3_image_217,contiguous,3,index,0.002703364070974797,0.005747066436471354,
PACE_OCI.20240510T003914.L1B.V3_image_217,contiguous,3,wavelength,0.0026911817688484996,0.005723842465614484,
PACE_OCI.20240510T003914.L1B.V3_image_217,contiguous,4,index,0.009323115742927992,0.030257753006836384,0.032309938812939656
PACE_OCI.20240510T003914.L1B.V3_image_217,contiguous,4,wavelength,0.009586837220321992,0.030257272946945107,0.03260797192806206
PACE_OCI.20240510T003914.L1B.V3_image_217,contiguous,5,index,0.010542013717836085,0.026268593417937365,0.005776799996809687
PACE_OCI.20240510T003914.L1B.V3_image_217,contiguous,5,wavelength,0.010466342271246536,0.02667022996292908,0.005899095973759686
PACE_OCI.20240510T003914.L1B.V3_image_217,contiguous,6,index,0.008713393908161822,0.02759855117768285,0.029083418246073908
PACE_OCI.20240510T003914.L1B.V3_image_217,contiguous,6,wavelength,0.008769189333018962,0.02731343708535234,0.029319895036118142
PACE_OCI.20240510T003914.L1B.V3_image_217,contiguous,7,index,0.010420470366186515,0.011603536199141022,
PACE_OCI.20240510T003914.L1B.V3_image_217,contiguous,7,wavelength,0.01063187877327579,0.011829995009172674,
PACE_OCI.20240510T003914.L1B.V3_image_217,contiguous,8,index,0.00905073114417341,0.02956472017526997,0.03186296029709892
PACE_OCI.20240510T003914.L1B.V3_image_217,contiguous,8,wavelength,0.009264170852373724,0.02960089349979477,0.03211407307236053
PACE_OCI.20240510T003914.L1B.V3_image_217,contiguous,9,index,0.008079259613439133,0.026298772175378144,0.02806238595145017
PACE_OCI.20240510T003914.L1B.V3_image_217,contiguous,9,wavelength,0.00813089859041966,0.026175106357146358,0.02814042216730237
PACE_OCI.20240510T003914.L1B.V3_image_217,scattered,0,index,0.0007877787990873503,0.00339435135851509,0.0014189746124834023
PACE_OCI.20240510T003914.L1B.V3_image_217,scattered,0,wavelength,0.0007656472001809199,0.0031202835460992662,0.0014128122851871166
PACE_OCI.20240510T003914.L1B.V3_image_217,scattered,1,index,0.0007994585170078462,0.0033905252418329566,0.002746787425116458
PACE_OCI.20240510T003914.L1B.V3_image_217,scattered,1,wavelength,0.0008947338797526289,0.003491963637730975,0.002766464470296841
PACE_OCI.20240510T003914.L1B.V3_image_217,scattered,2,index,0.0014172255293172988,0.00795136596026875,0.000614779736426701
PACE_OCI.20240510T003914.L1B.V3_image_217,scattered,2,wavelength,0.0010841013226591393,0.0044270871969793605,0.0006076607831877197
PACE_OCI.20240510T003914.L1B.V3_image_217,scattered,3,index,0.0020466861091311913,0.011425969800070442,0.0008349420667636204
PACE_OCI.20240510T003914.L1B.V3_image_217,scattered,3,wavelength,0.0016144241136551519,0.00890601142467146,0.0008464916957699963
PACE_OCI.20240510T003914.L1B.V3_image_217,scattered,4,index,0.0011903962436779069,0.004580333140062147,0.0022143950146573284
PACE_OCI.20240510T003914.L1B.V3_image_217,scattered,4,wavelength,0.001313431232346691,0.004704649801048909,0.002225935634295612
PACE_OCI.20240510T003914.L1B.V3_image_217,scattered,5,index,0.0009563770601737358,0.0035902429570081017,0.0008214985817479222
PACE_OCI.20240510T003914.L1B.V3_image_217,scattered,5,wavelength,0.001060337714906998,0.003632096097838395,0.0008194332572624574
PACE_OCI.20240510T003914.L1B.V3_image_217,scattered,6,index,0.0011741217884530507,0.0037031379986174747,0.002746787425116458
PACE_OCI.20240510T003914.L1B.V3_image_217,scattered,6,wavelength,0.001016316413955944,0.002787036119506906,0.002766464470296841
PACE_OCI.20240510T003914.L1B.V3_image_217,scattered,7,index,0.0020056640277053366,0.014838410838074618,0.001460016577463345
PACE_OCI.20240510T003914.L1B.V3_image_217,scattered,7,wavelength,0.001881076451402519,0.01511368070421902,0.001457184350335674
PACE_OCI.20240510T003914.L1B.V3_image_217,scattered,8,index,0.0017017685864790632,0.010714965166358902,
PACE_OCI.20240510T003914.L1B.V3_image_217,scattered,8,wavelength,0.0011451324622313531,0.0038374291750908236,
PACE_OCI.20240510T003914.L1B.V3_image_217,scattered,9,index,0.0009154827835485404,0.0025957696655685494,0.003022289206607335
PACE_OCI.20240510T003914.L1B.V3_image_217,scattered,9,wavelength,0.0009286910186091196,0.0029113079714732514,0.0030218432480496626
PACE_OCI.20250220T002538.L1B.V3_image_120,contiguous,0,index,0.08957740760223681,0.10592519776162,
PACE_OCI.20250220T002538.L1B.V3_image_120,contiguous,0,wavelength,0.09995867961018215,0.11652421885501699,
PACE_OCI.20250220T002538.L1B.V3_image_120,contiguous,1,index,0.03804456212388786,0.04995236123947233,
PACE_OCI.20250220T002538.L1B.V3_image_120,contiguous,1,wavelength,0.03208767544293067,0.04294237815854337,
PACE_OCI.20250220T002538.L1B.V3_image_120,contiguous,2,index,0.04200281242758205,0.0499423237937316,
PACE_OCI.20250220T002538.L1B.V3_image_120,contiguous,2,wavelength,0.04148914841134122,0.04949912684252157,
PACE_OCI.20250220T002538.L1B.V3_image_120,contiguous,3,index,0.0570512740363454,0.07319326481318582,
PACE_OCI.20250220T002538.L1B.V3_image_120,contiguous,3,wavelength,0.047830775217688304,0.06769591745122501,
PACE_OCI.20250220T002538.L1B.V3_image_120,contiguous,4,index,0.13503412003486445,0.1634988794616698,
PACE_OCI.20250220T002538.L1B.V3_image_120,contiguous,4,wavelength,0.1324782664193858,0.160912687226615,
PACE_OCI.20250220T002538.L1B.V3_image_120,contiguous,5,index,0.07480187165255582,0.08380178792561756,
PACE_OCI.20250220T002538.L1B.V3_image_120,contiguous,5,wavelength,0.07402730521399932,0.0829896774774101,
PACE_OCI.20250220T002538.L1B.V3_image_120,contiguous,6,index,0.18282973229293095,0.21967882360749258,
PACE_OCI.20250220T002538.L1B.V3_image_120,contiguous,6,wavelength,0.17851910052952422,0.21816232876519193,
PACE_OCI.20250220T002538.L1B.V3_image_120,contiguous,7,index,0.12265283856190555,0.14144672695084032,
PACE_OCI.20250220T002538.L1B.V3_image_120,contiguous,7,wavelength,0.12047819466018075,0.13923947072473455,
PACE_OCI.20250220T002538.L1B.V3_image_120,contiguous,8,index,0.11907720562673553,0.13793422208106107,
PACE_OCI.20250220T002538.L1B.V3_image_120,contiguous,8,wavelength,0.11703447453089359,0.13579891422471144,
PACE_OCI.20250220T002538.L1B.V3_image_120,contiguous,9,index,0.028231818021763215,0.042427585863863825,
PACE_OCI.20250220T002538.L1B.V3_image_120,contiguous,9,wavelength,0.04158901432137412,0.055642126982169,
PACE_OCI.20250220T002538.L1B.V3_image_120,scattered,0,index,0.01019533739623793,0.02387161105425144,0.05184928239476802
PACE_OCI.20250220T002538.L1B.V3_image_120,scattered,0,wavelength,0.008948587138431375,0.019428574651196767,0.05184556789044251
PACE_OCI.20250220T002538.L1B.V3_image_120,scattered,1,index,0.006918196249061046,0.013870465235886023,0.04951268386705326
PACE_OCI.20250220T002538.L1B.V3_image_120,scattered,1,wavelength,0.00705314176061735,0.0139545324666996,0.049377844692593924
PACE_OCI.20250220T002538.L1B.V3_image_120,scattered,2,index,0.034362219275274705,0.12670302410149514,0.03382047909124392
PACE_OCI.20250220T002538.L1B.V3_image_120,scattered,2,wavelength,0.02938583969568896,0.11666312797716041,0.03416413539855002
PACE_OCI.20250220T002538.L1B.V3_image_120,scattered,3,index,0.008461436856904153,0.026059369897145208,0.02135474674832949
PACE_OCI.20250220T002538.L1B.V3_image_120,scattered,3,wavelength,0.004222234017276152,0.007432667359307199,0.021651995372543895
PACE_OCI.20250220T002538.L1B.V3_image_120,scattered,4,index,0.01610458775533474,0.04916060438908641,0.036543336416124714
PACE_OCI.20250220T002538.L1B.V3_image_120,scattered,4,wavelength,0.014086579014300462,0.04591297601882537,0.03663415161570968
PACE_OCI.20250220T002538.L1B.V3_image_120,scattered,5,index,0.011312670743733308,0.02948219707027979,0.05184928239476802
PACE_OCI.20250220T002538.L1B.V3_image_120,scattered,5,wavelength,0.007524650154405243,0.014257164988087902,0.05184556789044251
PACE_OCI.20250220T002538.L1B.V3_image_120,scattered,6,index,0.011087820221584332,0.038384161391268004,0.006804818030407962
PACE_OCI.20250220T002538.L1B.V3_image_120,scattered,6,wavelength,0.010171545126803884,0.03670869686692654,0.006653024095782872
PACE_OCI.20250220T002538.L1B.V3_image_120,scattered,7,index,0.013412312461373652,0.04476904960038075,
PACE_OCI.20250220T002538.L1B.V3_image_120,scattered,7,wavelength,0.012165236620340693,0.04925614863890069,
PACE_OCI.20250220T002538.L1B.V3_image_120,scattered,8,index,0.010384090559189948,0.03783346006854934,0.0014307009979448696
PACE_OCI.20250220T002538.L1B.V3_image_120,scattered,8,wavelength,0.008231355115036833,0.03453669482409876,0.0014530374313215843
PACE_OCI.20250220T002538.L1B.V3_image_120,scattered,9,index,0.013222155982911252,0.03767217714451465,
PACE_OCI.20250220T002538.L1B.V3_image_120,scattered,9,wavelength,0.011916091621134637,0.03795223505515655,
PACE_OCI.20240510T004414.L1B.V3_image_006,contiguous,0,index,0.002372271935562642,0.004318136084174359,
PACE_OCI.20240510T004414.L1B.V3_image_006,contiguous,0,wavelength,0.0023370386486909586,0.004344094059340359,
PACE_OCI.20240510T004414.L1B.V3_image_006,contiguous,1,index,0.009175861743138447,0.020257732302766007,0.009147094182267699
PACE_OCI.20240510T004414.L1B.V3_image_006,contiguous,1,wavelength,0.009450761916306775,0.02124272378131987,0.009063536573181366
PACE_OCI.20240510T004414.L1B.V3_image_006,contiguous,2,index,0.007222474843282543,0.00834181652782884,
PACE_OCI.20240510T004414.L1B.V3_image_006,contiguous,2,wavelength,0.007401404785789322,0.008519846802542601,
PACE_OCI.20240510T004414.L1B.V3_image_006,contiguous,3,index,0.01127815246665291,0.032684746775800085,
PACE_OCI.20240510T004414.L1B.V3_image_006,contiguous,3,wavelength,0.007918211819126093,0.021530514186308983,
PACE_OCI.20240510T004414.L1B.V3_image_006,contiguous,4,index,0.0052318989004082606,0.006357464458147589,
PACE_OCI.20240510T004414.L1B.V3_image_006,contiguous,4,wavelength,0.004028644424895713,0.005456572287898942,
PACE_OCI.20240510T004414.L1B.V3_image_006,contiguous,5,index,0.003627720073589069,0.004796995377627349,
PACE_OCI.20240510T004414.L1B.V3_image_006,contiguous,5,wavelength,0.0028445195692889213,0.004310119076180636,
PACE_OCI.20240510T004414.L1B.V3_image_006,contiguous,6,index,0.019793617128767933,0.021950137705365597,
PACE_OCI.20240510T004414.L1B.V3_image_006,contiguous,6,wavelength,0.02050969178434085,0.022680327173609197,
PACE_OCI.20240510T004414.L1B.V3_image_006,contiguous,7,index,0.011046063423553524,0.012032237316772734,
PACE_OCI.20240510T004414.L1B.V3_image_006,contiguous,7,wavelength,0.011242829410741803,0.012244395419748892,
PACE_OCI.20240510T004414.L1B.V3_image_006,contiguous,8,index,0.009335667984913447,0.010302058020632476,
PACE_OCI.20240510T004414.L1B.V3_image_006,contiguous,8,wavelength,0.009528692405969178,0.010508724711512797,
PACE_OCI.20240510T004414.L1B.V3_image_006,contiguous,9,index,0.0030691081824224717,0.006396289204774161,
PACE_OCI.20240510T004414.L1B.V3_image_006,contiguous,9,wavelength,0.0030260752305155962,0.006313222628013842,
PACE_OCI.20240510T004414.L1B.V3_image_006,scattered,0,index,0.0005815662346618165,0.001506438708111443,0.0013781552470054183
PACE_OCI.20240510T004414.L1B.V3_image_006,scattered,0,wavelength,0.0006128184815467725,0.0016710956531447532,0.0013758815066737128
PACE_OCI.20240510T004414.L1B.V3_image_006,scattered,1,index,0.0011348647602934263,0.004126995616189712,0.002234714700282186
PACE_OCI.20240510T004414.L1B.V3_image_006,scattered,1,wavelength,0.0010411854381079274,0.003338392677417805,0.00225048084182778
PACE_OCI.20240510T004414.L1B.V3_image_006,scattered,2,index,0.0008572982401647284,0.006959756522116384,0.0012810512545046897
PACE_OCI.20240510T004414.L1B.V3_image_006,scattered,2,wavelength,0.0005482561872400155,0.0023647866035150116,0.0012849967444349976
PACE_OCI.20240510T004414.L1B.V3_image_006,scattered,3,index,0.0012094053691292532,0.007115502725644066,
PACE_OCI.20240510T004414.L1B.V3_image_006,scattered,3,wavelength,0.0010692399377201626,0.006960852007722961,
PACE_OCI.20240510T004414.L1B.V3_image_006,scattered,4,index,0.0010303014424157468,0.004272277480203595,0.0023323039922615862
PACE_OCI.20240510T004414.L1B.V3_image_006,scattered,4,wavelength,0.0008800210319345986,0.003258539768324416,0.00234000486098014
PACE_OCI.20240510T004414.L1B.V3_image_006,scattered,5,index,0.0006668205686908194,0.00277282604079376,0.002234714700282186
PACE_OCI.20240510T004414.L1B.V3_image_006,scattered,5,wavelength,0.0006022277449689454,0.002202505976788121,0.00225048084182778
PACE_OCI.20240510T004414.L1B.V3_image_006,scattered,6,index,0.0020683951319382934,0.01287085443517489,0.0004989030864949817
PACE_OCI.20240510T004414.L1B.V3_image_006,scattered,6,wavelength,0.002130559858786687,0.013811165092309459,0.000487269005686334
PACE_OCI.20240510T004414.L1B.V3_image_006,scattered,7,index,0.0006663131150828282,0.002224375452448021,0.0020456288642620806
PACE_OCI.20240510T004414.L1B.V3_image_006,scattered,7,wavelength,0.0007341732679704446,0.0023821482733766574,0.0020424761437225995
PACE_OCI.20240510T004414.L1B.V3_image_006,scattered,8,index,0.0016456249261315354,0.012279126116504323,0.0014405138482502088
PACE_OCI.20240510T004414.L1B.V3_image_006,scattered,8,wavelength,0.001655095238283289,0.012603429413855624,0.0014378600574162332
PACE_OCI.20240510T004414.L1B.V3_image_006,scattered,9,index,0.0013430006179808152,0.007581733603095695,0.0002511672548987715
PACE_OCI.20240510T004414.L1B.V3_image_006,scattered,9,wavelength,0.0010181423856584612,0.0037296273216017406,0.0002502218155131335
PACE_OCI.20250220T002538.L1B.V3_image_122,contiguous,0,index,0.0366335892435044,0.04137934678661485,
PACE_OCI.20250220T002538.L1B.V3_image_122,contiguous,0,wavelength,0.036428137116095584,0.0411534351552129,
PACE_OCI.20250220T002538.L1B.V3_image_122,contiguous,1,index,0.04919232297199728,0.055483899552526,
PACE_OCI.20250220T002538.L1B.V3_image_122,contiguous,1,wavelength,0.04879428543435895,0.055051461273695215,
PACE_OCI.20250220T002538.L1B.V3_image_122,contiguous,2,index,0.02939749610668779,0.04789867294606847,
PACE_OCI.20250220T002538.L1B.V3_image_122,contiguous,2,wavelength,0.029442862945456755,0.047895744610524475,
PACE_OCI.20250220T002538.L1B.V3_image_122,contiguous,3,index,0.10041503511826219,0.12083114294183382,
PACE_OCI.20250220T002538.L1B.V3_image_122,contiguous,3,wavelength,0.10086141924439782,0.12114491006031257,
PACE_OCI.20250220T002538.L1B.V3_image_122,contiguous,4,index,0.0505578603715252,0.062382348496056325,
PACE_OCI.20250220T002538.L1B.V3_image_122,contiguous,4,wavelength,0.045843836758597115,0.05628335676162976,
PACE_OCI.20250220T002538.L1B.V3_image_122,contiguous,5,index,0.03556588425103939,0.03811786742056016,
PACE_OCI.20250220T002538.L1B.V3_image_122,contiguous,5,wavelength,0.03548137888416373,0.03802407474059886,
PACE_OCI.20250220T002538.L1B.V3_image_122,contiguous,6,index,0.07125463807588854,0.08298629425139205,
PACE_OCI.20250220T002538.L1B.V3_image_122,contiguous,6,wavelength,0.07516015988816423,0.08693859900256107,
PACE_OCI.20250220T002538.L1B.V3_image_122,contiguous,7,index,0.07103985227356772,0.1454546533838782,0.37867203981464387
PACE_OCI.20250220T002538.L1B.V3_image_122,contiguous,7,wavelength,0.0719399667783271,0.1461773655078555,0.3803623044172388
PACE_OCI.20250220T002538.L1B.V3_image_122,contiguous,8,index,0.2109040374499682,0.2522416704509362,0.13515293861708588
PACE_OCI.20250220T002538.L1B.V3_image_122,contiguous,8,wavelength,0.20581406346878434,0.2513024034325045,0.13674416737378114
PACE_OCI.20250220T002538.L1B.V3_image_122,contiguous,9,index,0.04012730661479948,0.04255680339502187,
PACE_OCI.20250220T002538.L1B.V3_image_122,contiguous,9,wavelength,0.040047514569166075,0.042469829466489424,
PACE_OCI.20250220T002538.L1B.V3_image_122,scattered,0,index,0.014719965293548735,0.03972058878597392,0.04569195800690472
PACE_OCI.20250220T002538.L1B.V3_image_122,scattered,0,wavelength,0.013840168792321937,0.03833263690758866,0.045637454956931466
PACE_OCI.20250220T002538.L1B.V3_image_122,scattered,1,index,0.007446359176324039,0.016218864969443653,0.007618743733473821
PACE_OCI.20250220T002538.L1B.V3_image_122,scattered,1,wavelength,0.006834803840001382,0.015786678123337675,0.0077842933754723
PACE_OCI.20250220T002538.L1B.V3_image_122,scattered,2,index,0.01002064808147121,0.026591611213328814,
PACE_OCI.20250220T002538.L1B.V3_image_122,scattered,2,wavelength,0.009551109732259906,0.03275623914800417,
PACE_OCI.20250220T002538.L1B.V3_image_122,scattered,3,index,0.010420960778596968,0.029236595679692313,0.028244897673276783
PACE_OCI.20250220T002538.L1B.V3_image_122,scattered,3,wavelength,0.01024480859488961,0.02843113686743744,0.02836122897652925
PACE_OCI.20250220T002538.L1B.V3_image_122,scattered,4,index,0.0076870487408633136,0.018801823938873106,0.034542174585011604
PACE_OCI.20250220T002538.L1B.V3_image_122,scattered,4,wavelength,0.006691489142427556,0.017302103841690935,0.03454022191251711
PACE_OCI.20250220T002538.L1B.V3_image_122,scattered,5,index,0.005050907608876159,0.013653843883876086,0.01781091772803241
PACE_OCI.20250220T002538.L1B.V3_image_122,scattered,5,wavelength,0.004876906142090367,0.014213736074392289,0.017710880214754192
PACE_OCI.20250220T002538.L1B.V3_image_122,scattered,6,index,0.009214031817850417,0.02413283480263421,0.0177828231529323
PACE_OCI.20250220T002538.L1B.V3_image_122,scattered,6,wavelength,0.0071305566246009835,0.017621809091940322,0.01778922705511146
PACE_OCI.20250220T002538.L1B.V3_image_122,scattered,7,index,0.0024257718663785186,0.004216200248033524,0.0010234717208529925
PACE_OCI.20250220T002538.L1B.V3_image_122,scattered,7,wavelength,0.0025082737192500017,0.004411536277493404,0.0010382321977058066
PACE_OCI.20250220T002538.L1B.V3_image_122,scattered,8,index,0.007353211515491288,0.027422238920176673,
PACE_OCI.20250220T002538.L1B.V3_image_122,scattered,8,wavelength,0.007438308722836694,0.027645126692820227,
PACE_OCI.20250220T002538.L1B.V3_image_122,scattered,9,index,0.00705769036412002,0.017438816939376715,
PACE_OCI.20250220T002538.L1B.V3_image_122,scattered,9,wavelength,0.05146280958592396,0.34245024932676266,
PACE_OCI.20240510T004414.L1B.V3_image_120,contiguous,0,index,0.014252164350692343,0.01588374205327622,
PACE_OCI.20240510T004414.L1B.V3_image_120,contiguous,0,wavelength,0.014734706094405059,0.01637662908384099,
PACE_OCI.20240510T004414.L1B.V3_image_120,contiguous,1,index,0.009891057702568765,0.011377994494434173,
PACE_OCI.20240510T004414.L1B.V3_image_120,contiguous,1,wavelength,0.008790562248697186,0.010142366387056581,
PACE_OCI.20240510T004414.L1B.V3_image_120,contiguous,2,index,0.003617841296343116,0.005584855117530903,
PACE_OCI.20240510T004414.L1B.V3_image_120,contiguous,2,wavelength,0.0037265590210657333,0.005882901324212494,
PACE_OCI.20240510T004414.L1B.V3_image_120,contiguous,3,index,0.006437590077745558,0.00818092167429419,
PACE_OCI.20240510T004414.L1B.V3_image_120,contiguous,3,wavelength,0.004888605301641216,0.006755070807076897,
PACE_OCI.20240510T004414.L1B.V3_image_120,contiguous,4,index,0.031076102009259646,0.04021565938399394,
PACE_OCI.20240510T004414.L1B.V3_image_120,contiguous,4,wavelength,0.03121703547878625,0.04033631577226147,
PACE_OCI.20240510T004414.L1B.V3_image_120,contiguous,5,index,0.01851477308286547,0.044427819062690284,
PACE_OCI.20240510T004414.L1B.V3_image_120,contiguous,5,wavelength,0.010624602713220422,0.024422326576842325,
PACE_OCI.20240510T004414.L1B.V3_image_120,contiguous,6,index,0.010092681314950754,0.011641388439310629,
PACE_OCI.20240510T004414.L1B.V3_image_120,contiguous,6,wavelength,0.008959839020623157,0.010391402229139826,
PACE_OCI.20240510T004414.L1B.V3_image_120,contiguous,7,index,0.008242671021106396,0.011667507858140322,
PACE_OCI.20240510T004414.L1B.V3_image_120,contiguous,7,wavelength,0.0075734206639692945,0.011004522540158462,
PACE_OCI.20240510T004414.L1B.V3_image_120,contiguous,8,index,0.010551841337284713,0.020548292966655075,0.0250610937795958
PACE_OCI.20240510T004414.L1B.V3_image_120,contiguous,8,wavelength,0.010746816412964395,0.020643409574493364,0.024778694257805742
PACE_OCI.20240510T004414.L1B.V3_image_120,contiguous,9,index,0.003617841296343116,0.005584855117530903,
PACE_OCI.20240510T004414.L1B.V3_image_120,contiguous,9,wavelength,0.0037265590210657333,0.005882901324212494,
PACE_OCI.20240510T004414.L1B.V3_image_120,scattered,0,index,0.0032222355301154953,0.016426167975950492,0.003054191451054875
PACE_OCI.20240510T004414.L1B.V3_image_120,scattered,0,wavelength,0.003244732490659267,0.016880891220577406,0.0030653596933035688
PACE_OCI.20240510T004414.L1B.V3_image_120,scattered,1,index,0.002229519004201751,0.009717163275783985,0.0034923418796905833
PACE_OCI.20240510T004414.L1B.V3_image_120,scattered,1,wavelength,0.001674054066223898,0.00452088604797714,0.0035174187995047307
PACE_OCI.20240510T004414.L1B.V3_image_120,scattered,2,index,0.0018404721654117467,0.009574368582424874,0.004297285744289386
PACE_OCI.20240510T004414.L1B.V3_image_120,scattered,2,wavelength,0.0018358829126436389,0.00873348217848212,0.004290719571145382
PACE_OCI.20240510T004414.L1B.V3_image_120,scattered,3,index,0.0014411625981101195,0.005911177664033212,0.0016348508224500282
PACE_OCI.20240510T004414.L1B.V3_image_120,scattered,3,wavelength,0.0012452488715856646,0.003946656620627816,0.0016284619172015238
PACE_OCI.20240510T004414.L1B.V3_image_120,scattered,4,index,0.001454383938834401,0.0062769514505642944,0.0016348508224500282
PACE_OCI.20240510T004414.L1B.V3_image_120,scattered,4,wavelength,0.0016923213627857315,0.007729813965446751,0.0016284619172015236
PACE_OCI.20240510T004414.L1B.V3_image_120,scattered,5,index,0.002136544544217912,0.01393518391176585,0.0015285050496661118
PACE_OCI.20240510T004414.L1B.V3_image_120,scattered,5,wavelength,0.0021011750864422824,0.014691806152875483,0.0015086794989014915
PACE_OCI.20240510T004414.L1B.V3_image_120,scattered,6,index,0.0017272116008624956,0.007798969588799131,0.0034923418796905833
PACE_OCI.20240510T004414.L1B.V3_image_120,scattered,6,wavelength,0.08515519875169592,0.7863232991514156,0.0035174187995047307
PACE_OCI.20240510T004414.L1B.V3_image_120,scattered,7,index,0.002877764445292525,0.016496923459022247,0.0034923418796905833
PACE_OCI.20240510T004414.L1B.V3_image_120,scattered,7,wavelength,0.0029395000193454817,0.017221226883778678,0.0035174187995047307
PACE_OCI.20240510T004414.L1B.V3_image_120,scattered,8,index,0.0011699404957329787,0.004474210635479484,0.0013716199353068616
PACE_OCI.20240510T004414.L1B.V3_image_120,scattered,8,wavelength,0.0009443119738479571,0.0032122170062681946,0.0013682696224151926
PACE_OCI.20240510T004414.L1B.V3_image_120,scattered,9,index,0.002235969490075181,0.010025414248693229,0.0021930504789351188
PACE_OCI.20240510T004414.L1B.V3_image_120,scattered,9,wavelength,0.0018430583723871566,0.008017611261915105,0.0021808872977924806
PACE_OCI.20250220T002538.L1B.V3_image_124,contiguous,0,index,0.042438675490024315,0.061471179653326,
PACE_OCI.20250220T002538.L1B.V3_image_124,contiguous,0,wavelength,0.04142842543956483,0.06106687526799367,
PACE_OCI.20250220T002538.L1B.V3_image_124,contiguous,1,index,0.07628329442932191,0.08897416835426628,
PACE_OCI.20250220T002538.L1B.V3_image_124,contiguous,1,wavelength,0.08412114923473595,0.09651587725574037,
PACE_OCI.20250220T002538.L1B.V3_image_124,contiguous,2,index,0.09253645783702404,0.10727073269826591,
PACE_OCI.20250220T002538.L1B.V3_image_124,contiguous,2,wavelength,0.09597292684311437,0.11069255307985522,
PACE_OCI.20250220T002538.L1B.V3_image_124,contiguous,3,index,0.09152934661779974,0.17787406449896984,0.46639409531596
PACE_OCI.20250220T002538.L1B.V3_image_124,contiguous,3,wavelength,0.09172174010764264,0.1780886514501401,0.4668288466216809
PACE_OCI.20250220T002538.L1B.V3_image_124,contiguous,4,index,0.04108740152098884,0.06986435392474687,
PACE_OCI.20250220T002538.L1B.V3_image_124,contiguous,4,wavelength,0.04042856024125421,0.06836733220009565,
PACE_OCI.20250220T002538.L1B.V3_image_124,contiguous,5,index,0.33302107154666877,0.35624910388482667,0.15985524281787689
PACE_OCI.20250220T002538.L1B.V3_image_124,contiguous,5,wavelength,0.4446485850873657,0.4589893234638038,0.17070743319539775
PACE_OCI.20250220T002538.L1B.V3_image_124,contiguous,6,index,0.08539332924321556,0.1648914053486973,0.44052472435124684
PACE_OCI.20250220T002538.L1B.V3_image_124,contiguous,6,wavelength,0.08544937722214299,0.16437269707543026,0.4390526737954107
PACE_OCI.20250220T002538.L1B.V3_image_124,contiguous,7,index,0.10242961733702141,0.1692962762796508,0.4412671674174126
PACE_OCI.20250220T002538.L1B.V3_image_124,contiguous,7,wavelength,0.10229019843778671,0.168777646090461,0.43940726220526166
PACE_OCI.20250220T002538.L1B.V3_image_124,contiguous,8,index,0.053878741026745024,0.0672687705949484,
PACE_OCI.20250220T002538.L1B.V3_image_124,contiguous,8,wavelength,0.0472954351713827,0.06321314822149977,
PACE_OCI.20250220T002538.L1B.V3_image_124,contiguous,9,index,0.026217417018618346,0.03450592623418231,
PACE_OCI.20250220T002538.L1B.V3_image_124,contiguous,9,wavelength,0.026090957817745005,0.0343425501088814,
PACE_OCI.20250220T002538.L1B.V3_image_124,scattered,0,index,0.007589791789784543,0.018095110165390185,0.021365822901888924
PACE_OCI.20250220T002538.L1B.V3_image_124,scattered,0,wavelength,0.006376093279462429,0.011878201591356307,0.02154297768513498
PACE_OCI.20250220T002538.L1B.V3_image_124,scattered,1,index,0.005291897276948728,0.013514768056428086,0.06717866715229724
PACE_OCI.20250220T002538.L1B.V3_image_124,scattered,1,wavelength,0.0056461342045799525,0.013651497040064381,0.06708022989838078
PACE_OCI.20250220T002538.L1B.V3_image_124,scattered,2,index,0.011257428784815608,0.02604068144511794,0.02630719310036511
PACE_OCI.20250220T002538.L1B.V3_image_124,scattered,2,wavelength,0.008649389724945408,0.017889978944488284,0.026406562042131026
PACE_OCI.20250220T002538.L1B.V3_image_124,scattered,3,index,0.011834413798812364,0.04431954950801776,0.002800289095224192
PACE_OCI.20250220T002538.L1B.V3_image_124,scattered,3,wavelength,0.012152592623502352,0.04518174464982256,0.0026725624916724474
PACE_OCI.20250220T002538.L1B.V3_image_124,scattered,4,index,0.008397854637046237,0.023978459645323122,
PACE_OCI.20250220T002538.L1B.V3_image_124,scattered,4,wavelength,0.0054858128279095,0.011841156385936998,
PACE_OCI.20250220T002538.L1B.V3_image_124,scattered,5,index,0.011122410238323676,0.027910865643528435,0.032001793917718006
PACE_OCI.20250220T002538.L1B.V3_image_124,scattered,5,wavelength,0.01099721837371036,0.03286094918367969,0.03185864885645741
PACE_OCI.20250220T002538.L1B.V3_image_124,scattered,6,index,0.006101172009114956,0.017547302627106708,0.0013704265083005237
PACE_OCI.20250220T002538.L1B.V3_image_124,scattered,6,wavelength,0.004034341113091248,0.00812335878056187,0.0013887725314156287
PACE_OCI.20250220T002538.L1B.V3_image_124,scattered,7,index,0.006232764602308743,0.01272644634032513,0.010749074007536465
PACE_OCI.20250220T002538.L1B.V3_image_124,scattered,7,wavelength,0.006289596320593099,0.012654685960186682,0.010949800849202163
PACE_OCI.20250220T002538.L1B.V3_image_124,scattered,8,index,0.011575022204823426,0.03265743783000774,0.010749074007536465
PACE_OCI.20250220T002538.L1B.V3_image_124,scattered,8,wavelength,0.012043867796297854,0.035158299003142754,0.010949800849202163
PACE_OCI.20250220T002538.L1B.V3_image_124,scattered,9,index,0.004841560366229753,0.009405692857772919,0.038690232876332525
PACE_OCI.20250220T002538.L1B.V3_image_124,scattered,9,wavelength,0.004914681876482022,0.009457258981809569,0.03856769040660018
