epoch,step,train_loss,val_loss,lr,elapsed_s
0,2004,0.03294453190256444,0.03283559414325282,9.949595247646755e-06,225.1
1,4008,0.02963986456378627,0.030974340594839306,9.776712647830089e-06,470.1
2,6012,0.02742953777845118,0.03035396684659645,9.485031304317172e-06,714.0
3,8016,0.025425729316941828,0.03127432133769616,9.081805448150078e-06,947.6
4,10020,0.023250175785970877,0.03051651146961376,8.577063466772266e-06,1181.0
5,12024,0.02184636300760126,0.030783920062240212,7.983358494043624e-06,1414.4
6,14028,0.020582151919370517,0.029808057106565686,7.315456208807827e-06,1657.8
7,16032,0.01924221935247939,0.030444002537988128,6.5899676065858055e-06,1891.0
8,18036,0.01815733949493704,0.03012998104793951,5.8249358775093916e-06,2124.0
9,20040,0.017122915073935995,0.03027093314565718,5.039387665005279e-06,2357.5
10,22044,0.016371874336165815,0.0305501195252873,4.2528598656043326e-06,2591.0
11,24048,0.015267703789769637,0.0299688974278979,3.4849137385532124e-06,2824.5
12,26052,0.014630654896470066,0.029734492767602205,2.7546484095155746e-06,3068.1
13,28056,0.013775850579973511,0.029350585960783063,2.080225867719305e-06,3311.8
14,30060,0.01324648083718131,0.029356909117195754,1.4784192700597073e-06,3544.9
15,32064,0.01281641358180862,0.029406878002919256,9.641957860152612e-07,3778.5
16,34068,0.01242483805638725,0.029261247916147114,5.503443581888562e-07,4022.0
17,36072,0.012245680242876788,0.029281701477011667,2.471576362178979e-07,4255.7
18,38076,0.012261966415685593,0.02932701165089384,6.217599448347544e-08,4489.0
19,40080,0.012054329064682576,0.029323080885224045,0.0,4722.3
