backbone,cond,seed,trial,geometry,psnr,logged
tiny,zs,0,0,contiguous,30.279241773658217,30.2792
tiny,zs,0,0,scattered,31.481487809858866,31.4815
tiny,zs,0,1,contiguous,30.208915111768377,30.2089
tiny,zs,0,1,scattered,32.541826180586796,32.5418
tiny,zs,0,2,contiguous,29.792778394872784,29.7928
tiny,zs,0,2,scattered,32.51884871109317,32.5188
tiny,zs,0,3,contiguous,30.133399025945657,30.1334
tiny,zs,0,3,scattered,32.8546435758975,32.8546
tiny,zs,0,4,contiguous,29.52388179433649,29.5239
tiny,zs,0,4,scattered,32.46992317370377,32.4699
tiny,ft,1,0,contiguous,30.729668345614805,30.7297
tiny,ft,1,0,scattered,31.669984599639818,31.67
tiny,ft,1,1,contiguous,31.21762759766343,31.2176
tiny,ft,1,1,scattered,32.53542792195985,32.5354
tiny,ft,1,2,contiguous,30.784626150826888,30.7846
tiny,ft,1,2,scattered,32.653341743073916,32.6533
tiny,ft,1,3,contiguous,30.767826906160963,30.7678
tiny,ft,1,3,scattered,32.87606620459848,32.8761
tiny,ft,1,4,contiguous,30.43646481477298,30.4365
tiny,ft,1,4,scattered,32.70935437306186,32.7094
tiny,ft,2,0,contiguous,30.555816189857875,30.5558
tiny,ft,2,0,scattered,32.09386546216107,32.0939
tiny,ft,2,1,contiguous,31.58782984220133,31.5878
tiny,ft,2,1,scattered,32.77555518370538,32.7756
tiny,ft,2,2,contiguous,30.858485765495,30.8585
tiny,ft,2,2,scattered,33.03574136199426,33.0357
tiny,ft,2,3,contiguous,30.376963083170338,30.377
tiny,ft,2,3,scattered,33.000995326601654,33.001
tiny,ft,2,4,contiguous,30.204137663838907,30.2041
tiny,ft,2,4,scattered,32.977368740866936,32.9774
tiny,ft,3,0,contiguous,30.545008521155665,30.545
tiny,ft,3,0,scattered,31.89800216869483,31.898
tiny,ft,3,1,contiguous,31.35777351758241,31.3578
tiny,ft,3,1,scattered,32.704207942989704,32.7042
tiny,ft,3,2,contiguous,30.860228413066988,30.8602
tiny,ft,3,2,scattered,32.872517154745935,32.8725
tiny,ft,3,3,contiguous,30.31323133220788,30.3132
tiny,ft,3,3,scattered,32.86898225895734,32.869
tiny,ft,3,4,contiguous,29.807366864584615,29.8074
tiny,ft,3,4,scattered,32.885331990892645,32.8853
tiny,ft,4,0,contiguous,30.42577883313177,30.4258
tiny,ft,4,0,scattered,31.971931912547298,31.9719
tiny,ft,4,1,contiguous,31.644046288857204,31.644
tiny,ft,4,1,scattered,32.763442806911,32.7634
tiny,ft,4,2,contiguous,30.784538931003972,30.7845
tiny,ft,4,2,scattered,32.912353762168166,32.9124
tiny,ft,4,3,contiguous,30.158564136528557,30.1586
tiny,ft,4,3,scattered,32.937527668899456,32.9375
tiny,ft,4,4,contiguous,29.80331480168301,29.8033
tiny,ft,4,4,scattered,32.83471067389159,32.8347
tiny,ft,5,0,contiguous,30.44360679765955,30.4436
tiny,ft,5,0,scattered,31.76678189662717,31.7668
tiny,ft,5,1,contiguous,31.417716746944365,31.4177
tiny,ft,5,1,scattered,32.84046098407655,32.8405
tiny,ft,5,2,contiguous,30.66095032065092,30.661
tiny,ft,5,2,scattered,32.88995657129939,32.89
tiny,ft,5,3,contiguous,30.435939071834287,30.4359
tiny,ft,5,3,scattered,32.82899269787035,32.829
tiny,ft,5,4,contiguous,30.19787828753135,30.1979
tiny,ft,5,4,scattered,32.813751988977785,32.8138
tiny,ft,6,0,contiguous,30.495590966107223,30.4956
tiny,ft,6,0,scattered,32.22820243656686,32.2282
tiny,ft,6,1,contiguous,31.42252202793289,31.4225
tiny,ft,6,1,scattered,32.7217007511703,32.7217
tiny,ft,6,2,contiguous,30.875816673560983,30.8758
tiny,ft,6,2,scattered,32.90243785314766,32.9024
tiny,ft,6,3,contiguous,30.37956330467356,30.3796
tiny,ft,6,3,scattered,32.975743824427624,32.9757
tiny,ft,6,4,contiguous,30.211310983195872,30.2113
tiny,ft,6,4,scattered,32.92628697490229,32.9263
tiny,ft,7,0,contiguous,30.532925682641277,30.5329
tiny,ft,7,0,scattered,32.08101531834699,32.081
tiny,ft,7,1,contiguous,31.54564736568981,31.5456
tiny,ft,7,1,scattered,32.690729152467945,32.6907
tiny,ft,7,2,contiguous,30.74918751311998,30.7492
tiny,ft,7,2,scattered,32.835255011518115,32.8353
tiny,ft,7,3,contiguous,30.376993963386635,30.377
tiny,ft,7,3,scattered,32.764156472932086,32.7642
tiny,ft,7,4,contiguous,30.15187864738135,30.1519
tiny,ft,7,4,scattered,32.80236741835983,32.8024
tiny,ft,8,0,contiguous,30.594711344464983,30.5947
tiny,ft,8,0,scattered,31.96154044000925,31.9615
tiny,ft,8,1,contiguous,31.412860778812515,31.4129
tiny,ft,8,1,scattered,32.769612200568346,32.7696
tiny,ft,8,2,contiguous,30.907926276142824,30.9079
tiny,ft,8,2,scattered,32.94700189471795,32.947
tiny,ft,8,3,contiguous,30.499248573783348,30.4992
tiny,ft,8,3,scattered,32.94590235226222,32.9459
tiny,ft,8,4,contiguous,29.9322581500681,29.9323
tiny,ft,8,4,scattered,32.83861869554144,32.8386
tiny,ft,9,0,contiguous,30.367565028096944,30.3676
tiny,ft,9,0,scattered,31.920751695934015,31.9208
tiny,ft,9,1,contiguous,31.2804365054931,31.2804
tiny,ft,9,1,scattered,32.64332788277029,32.6433
tiny,ft,9,2,contiguous,30.569770671589612,30.5698
tiny,ft,9,2,scattered,32.84368468120043,32.8437
tiny,ft,9,3,contiguous,30.529396957255734,30.5294
tiny,ft,9,3,scattered,32.78999222670407,32.79
tiny,ft,9,4,contiguous,30.252307024564033,30.2523
tiny,ft,9,4,scattered,32.82697641328115,32.827
tiny,ft,10,0,contiguous,30.695395932045685,30.6954
tiny,ft,10,0,scattered,32.13965991777587,32.1397
tiny,ft,10,1,contiguous,31.407558231117847,31.4076
tiny,ft,10,1,scattered,32.628521110533505,32.6285
tiny,ft,10,2,contiguous,30.813319426808423,30.8133
tiny,ft,10,2,scattered,32.97052452744114,32.9705
tiny,ft,10,3,contiguous,30.440918153783212,30.4409
tiny,ft,10,3,scattered,33.049467591759544,33.0495
tiny,ft,10,4,contiguous,30.054046566693952,30.054
tiny,ft,10,4,scattered,32.86135678689419,32.8614
100M,zs,0,0,contiguous,31.42831913549925,31.4283
100M,zs,0,0,scattered,32.720899900674446,32.7209
100M,zs,0,1,contiguous,32.61565015193264,32.6157
100M,zs,0,1,scattered,33.805300489434835,33.8053
100M,zs,0,2,contiguous,31.70236825738479,31.7024
100M,zs,0,2,scattered,34.00447617368144,34.0045
100M,zs,0,3,contiguous,31.371331506650947,31.3713
100M,zs,0,3,scattered,34.30095785954823,34.301
100M,zs,0,4,contiguous,31.08380906549553,31.0838
100M,zs,0,4,scattered,34.122917049375495,34.1229
100M,ft,1,0,contiguous,31.712832037152427,31.7128
100M,ft,1,0,scattered,33.03698851982279,33.037
100M,ft,1,1,contiguous,32.85976199661041,32.8598
100M,ft,1,1,scattered,33.52429919235028,33.5243
100M,ft,1,2,contiguous,31.80381254288254,31.8038
100M,ft,1,2,scattered,34.07734796869645,34.0773
100M,ft,1,3,contiguous,31.689002754256464,31.689
100M,ft,1,3,scattered,34.149376269047345,34.1494
100M,ft,1,4,contiguous,31.29482350690058,31.2948
100M,ft,1,4,scattered,34.0177619899352,34.0178
100M,ft,2,0,contiguous,31.530930080428142,31.5309
100M,ft,2,0,scattered,32.80310389907336,32.8031
100M,ft,2,1,contiguous,32.82410704015462,32.8241
100M,ft,2,1,scattered,33.59896634256922,33.599
100M,ft,2,2,contiguous,31.795735915401128,31.7957
100M,ft,2,2,scattered,33.89485410834676,33.8949
100M,ft,2,3,contiguous,31.377369233876045,31.3774
100M,ft,2,3,scattered,34.19155093270228,34.1916
100M,ft,2,4,contiguous,30.90126159128362,30.9013
100M,ft,2,4,scattered,33.90003436572649,33.9
100M,ft,3,0,contiguous,31.60155378984718,31.6016
100M,ft,3,0,scattered,32.8463605908827,32.8464
100M,ft,3,1,contiguous,32.74016451576825,32.7402
100M,ft,3,1,scattered,33.64528043752064,33.6453
100M,ft,3,2,contiguous,31.872260505303633,31.8723
100M,ft,3,2,scattered,34.01848635118045,34.0185
100M,ft,3,3,contiguous,31.56017283074955,31.5602
100M,ft,3,3,scattered,34.17338785720145,34.1734
100M,ft,3,4,contiguous,31.180582098481473,31.1806
100M,ft,3,4,scattered,33.966951584521816,33.967
100M,ft,4,0,contiguous,31.529115759986293,31.5291
100M,ft,4,0,scattered,32.8103814288123,32.8104
100M,ft,4,1,contiguous,32.776646443761194,32.7766
100M,ft,4,1,scattered,33.65437992054115,33.6544
100M,ft,4,2,contiguous,31.83328097565612,31.8333
100M,ft,4,2,scattered,33.967044851089796,33.967
100M,ft,4,3,contiguous,31.524252188962095,31.5243
100M,ft,4,3,scattered,34.118782860214644,34.1188
100M,ft,4,4,contiguous,31.082801770667487,31.0828
100M,ft,4,4,scattered,33.965119428693995,33.9651
100M,ft,5,0,contiguous,31.559749964093857,31.5597
100M,ft,5,0,scattered,32.72502825064916,32.725
100M,ft,5,1,contiguous,32.270811634868714,32.2708
100M,ft,5,1,scattered,33.33659517323704,33.3366
100M,ft,5,2,contiguous,31.58109523972235,31.5811
100M,ft,5,2,scattered,33.7761398467044,33.7761
100M,ft,5,3,contiguous,31.6192355668491,31.6192
100M,ft,5,3,scattered,34.185672583945305,34.1857
100M,ft,5,4,contiguous,31.21236617408641,31.2124
100M,ft,5,4,scattered,33.84696885847362,33.847
100M,ft,6,0,contiguous,31.74527878826722,31.7453
100M,ft,6,0,scattered,32.93353612111513,32.9335
100M,ft,6,1,contiguous,32.42887269733753,32.4289
100M,ft,6,1,scattered,33.6162693250631,33.6163
100M,ft,6,2,contiguous,31.857156775277986,31.8572
100M,ft,6,2,scattered,33.81052571075499,33.8105
100M,ft,6,3,contiguous,31.651558124652453,31.6516
100M,ft,6,3,scattered,34.02999060899342,34.03
100M,ft,6,4,contiguous,31.432119040322366,31.4321
100M,ft,6,4,scattered,33.84113180062688,33.8411
100M,ft,7,0,contiguous,31.643696375976887,31.6437
100M,ft,7,0,scattered,32.8135485605784,32.8135
100M,ft,7,1,contiguous,32.730908124652814,32.7309
100M,ft,7,1,scattered,33.53497852633415,33.535
100M,ft,7,2,contiguous,31.87175867702823,31.8718
100M,ft,7,2,scattered,33.74512294598316,33.7451
100M,ft,7,3,contiguous,31.574476407214252,31.5745
100M,ft,7,3,scattered,33.977106708686854,33.9771
100M,ft,7,4,contiguous,31.27955124428796,31.2796
100M,ft,7,4,scattered,33.79477953071042,33.7948
100M,ft,8,0,contiguous,31.743044519738053,31.743
100M,ft,8,0,scattered,32.81094445591745,32.8109
100M,ft,8,1,contiguous,32.67355783619109,32.6736
100M,ft,8,1,scattered,33.74751578330192,33.7475
100M,ft,8,2,contiguous,31.980861798745728,31.9809
100M,ft,8,2,scattered,33.970957549152374,33.971
100M,ft,8,3,contiguous,31.789236556516734,31.7892
100M,ft,8,3,scattered,34.06069353057766,34.0607
100M,ft,8,4,contiguous,31.524479850842447,31.5245
100M,ft,8,4,scattered,33.99578231690701,33.9958
100M,ft,9,0,contiguous,31.64622686649778,31.6462
100M,ft,9,0,scattered,32.90788354217425,32.9079
100M,ft,9,1,contiguous,32.409982703146596,32.41
100M,ft,9,1,scattered,33.592403970272876,33.5924
100M,ft,9,2,contiguous,31.616458124741268,31.6165
100M,ft,9,2,scattered,33.95178557633574,33.9518
100M,ft,9,3,contiguous,31.48959325432413,31.4896
100M,ft,9,3,scattered,34.069739435682436,34.0697
100M,ft,9,4,contiguous,31.21806929342747,31.2181
100M,ft,9,4,scattered,33.98412524887766,33.9841
100M,ft,10,0,contiguous,31.690476950763365,31.6905
100M,ft,10,0,scattered,32.950458273201924,32.9505
100M,ft,10,1,contiguous,32.75221538862426,32.7522
100M,ft,10,1,scattered,33.62247377316304,33.6225
100M,ft,10,2,contiguous,31.838056453904557,31.8381
100M,ft,10,2,scattered,33.834421396081915,33.8344
100M,ft,10,3,contiguous,31.635120885990506,31.6351
100M,ft,10,3,scattered,34.16100170269499,34.161
100M,ft,10,4,contiguous,31.12016305235768,31.1202
100M,ft,10,4,scattered,33.86576301242747,33.8658
300M,zs,0,0,contiguous,31.92324738596673,31.9232
300M,zs,0,0,scattered,33.68237021037973,33.6824
300M,zs,0,1,contiguous,32.49237824769913,32.4924
300M,zs,0,1,scattered,34.40914509153056,34.4091
300M,zs,0,2,contiguous,32.02694964353813,32.0269
300M,zs,0,2,scattered,34.395737557739785,34.3957
300M,zs,0,3,contiguous,31.777108383379158,31.7771
300M,zs,0,3,scattered,34.74276516936938,34.7428
300M,zs,0,4,contiguous,31.692044579494105,31.692
300M,zs,0,4,scattered,34.309453647336674,34.3095
300M,ft,1,0,contiguous,31.834350652257054,31.8344
300M,ft,1,0,scattered,33.79631398629493,33.7963
300M,ft,1,1,contiguous,33.25585704964377,33.2559
300M,ft,1,1,scattered,34.278360211738296,34.2784
300M,ft,1,2,contiguous,32.08908381217903,32.0891
300M,ft,1,2,scattered,34.43857378320792,34.4386
300M,ft,1,3,contiguous,31.790314908355,31.7903
300M,ft,1,3,scattered,34.7097847702832,34.7098
300M,ft,1,4,contiguous,31.663773309354404,31.6638
300M,ft,1,4,scattered,34.46968487923082,34.4697
300M,ft,2,0,contiguous,31.891690768934794,31.8917
300M,ft,2,0,scattered,33.56550393861575,33.5655
300M,ft,2,1,contiguous,33.05916799339001,33.0592
300M,ft,2,1,scattered,34.140205764050776,34.1402
300M,ft,2,2,contiguous,32.031920421758194,32.0319
300M,ft,2,2,scattered,34.411167893690816,34.4112
300M,ft,2,3,contiguous,31.844957164338382,31.845
300M,ft,2,3,scattered,34.77739587800292,34.7774
300M,ft,2,4,contiguous,31.874228698563456,31.8742
300M,ft,2,4,scattered,34.46517259905741,34.4652
300M,ft,3,0,contiguous,31.66435587799468,31.6644
300M,ft,3,0,scattered,33.59967506788577,33.5997
300M,ft,3,1,contiguous,33.17448626163949,33.1745
300M,ft,3,1,scattered,34.1872345703812,34.1872
300M,ft,3,2,contiguous,31.976182575552347,31.9762
300M,ft,3,2,scattered,34.60226704998869,34.6023
300M,ft,3,3,contiguous,31.80446246310584,31.8045
300M,ft,3,3,scattered,34.746190467180725,34.7462
300M,ft,3,4,contiguous,31.5380479785303,31.538
300M,ft,3,4,scattered,34.5053964462878,34.5054
300M,ft,4,0,contiguous,31.81815712482789,31.8182
300M,ft,4,0,scattered,33.84261168669403,33.8426
300M,ft,4,1,contiguous,33.25634526051646,33.2563
300M,ft,4,1,scattered,34.41149354226312,34.4115
300M,ft,4,2,contiguous,32.06058601304573,32.0606
300M,ft,4,2,scattered,34.56231453116022,34.5623
300M,ft,4,3,contiguous,31.973283963107146,31.9733
300M,ft,4,3,scattered,34.964905918743916,34.9649
300M,ft,4,4,contiguous,31.646009719607612,31.646
300M,ft,4,4,scattered,34.62870503991971,34.6287
300M,ft,5,0,contiguous,31.91279804447206,31.9128
300M,ft,5,0,scattered,33.83501219269401,33.835
300M,ft,5,1,contiguous,33.16742069912824,33.1674
300M,ft,5,1,scattered,34.244399707204096,34.2444
300M,ft,5,2,contiguous,32.097939294351306,32.0979
300M,ft,5,2,scattered,34.594193792592414,34.5942
300M,ft,5,3,contiguous,31.776972128673165,31.777
300M,ft,5,3,scattered,34.75933445180839,34.7593
300M,ft,5,4,contiguous,31.507060893632325,31.5071
300M,ft,5,4,scattered,34.530457347420295,34.5305
300M,ft,6,0,contiguous,31.966434884435774,31.9664
300M,ft,6,0,scattered,33.83089937355961,33.8309
300M,ft,6,1,contiguous,33.260406894224865,33.2604
300M,ft,6,1,scattered,34.36520511577389,34.3652
300M,ft,6,2,contiguous,32.07004063000253,32.07
300M,ft,6,2,scattered,34.55686434423632,34.5569
300M,ft,6,3,contiguous,32.03335668569489,32.0334
300M,ft,6,3,scattered,34.920223320794854,34.9202
300M,ft,6,4,contiguous,31.822635982864536,31.8226
300M,ft,6,4,scattered,34.366287566380564,34.3663
300M,ft,7,0,contiguous,31.911640956062513,31.9116
300M,ft,7,0,scattered,33.57268751512943,33.5727
300M,ft,7,1,contiguous,32.61272508743078,32.6127
300M,ft,7,1,scattered,34.29857998725953,34.2986
300M,ft,7,2,contiguous,31.94917040519256,31.9492
300M,ft,7,2,scattered,34.61766622897003,34.6177
300M,ft,7,3,contiguous,31.968866276223423,31.9689
300M,ft,7,3,scattered,34.7822808032043,34.7823
300M,ft,7,4,contiguous,31.592853456635282,31.5929
300M,ft,7,4,scattered,34.529406365444494,34.5294
300M,ft,8,0,contiguous,31.733432343507122,31.7334
300M,ft,8,0,scattered,33.66284069149861,33.6628
300M,ft,8,1,contiguous,33.27310742051317,33.2731
300M,ft,8,1,scattered,34.169502472901755,34.1695
300M,ft,8,2,contiguous,32.031269052193274,32.0313
300M,ft,8,2,scattered,34.45844471261306,34.4584
300M,ft,8,3,contiguous,31.855324182497753,31.8553
300M,ft,8,3,scattered,34.84514697588362,34.8451
300M,ft,8,4,contiguous,31.682696815366246,31.6827
300M,ft,8,4,scattered,34.501886744508916,34.5019
300M,ft,9,0,contiguous,31.790624530692334,31.7906
300M,ft,9,0,scattered,33.90528511232111,33.9053
300M,ft,9,1,contiguous,33.09513352077712,33.0951
300M,ft,9,1,scattered,34.268794329067816,34.2688
300M,ft,9,2,contiguous,31.941543259152777,31.9415
300M,ft,9,2,scattered,34.76391176188891,34.7639
300M,ft,9,3,contiguous,31.829267603386754,31.8293
300M,ft,9,3,scattered,34.87267113646035,34.8727
300M,ft,9,4,contiguous,31.633122237441363,31.6331
300M,ft,9,4,scattered,34.64241530027932,34.6424
300M,ft,10,0,contiguous,31.688431040946558,31.6884
300M,ft,10,0,scattered,33.67909257423993,33.6791
300M,ft,10,1,contiguous,33.32805525438882,33.3281
300M,ft,10,1,scattered,34.22392589764711,34.2239
300M,ft,10,2,contiguous,32.059429088068065,32.0594
300M,ft,10,2,scattered,34.33122507570219,34.3312
300M,ft,10,3,contiguous,31.658429266440542,31.6584
300M,ft,10,3,scattered,34.97239719040428,34.9724
300M,ft,10,4,contiguous,31.44497246370085,31.445
300M,ft,10,4,scattered,34.469579107685185,34.4696
600M,zs,0,0,contiguous,33.697757768715995,33.6978
600M,zs,0,0,scattered,34.930712944269814,34.9307
600M,zs,0,1,contiguous,33.77399098388695,33.774
600M,zs,0,1,scattered,35.59022677959658,35.5902
600M,zs,0,2,contiguous,33.60185176284476,33.6019
600M,zs,0,2,scattered,35.967007026432604,35.967
600M,zs,0,3,contiguous,31.837081951846695,31.8371
600M,zs,0,3,scattered,35.0548068581395,35.0548
600M,zs,0,4,contiguous,33.68855108194574,33.6886
600M,zs,0,4,scattered,36.50689957105739,36.5069
600M,ft,1,0,contiguous,33.92211544559285,33.9221
600M,ft,1,0,scattered,34.629710227832724,34.6297
600M,ft,1,1,contiguous,33.65068329034948,33.6507
600M,ft,1,1,scattered,35.63192635171963,35.6319
600M,ft,1,2,contiguous,33.48031553147408,33.4803
600M,ft,1,2,scattered,35.71185315046227,35.7119
600M,ft,1,3,contiguous,32.031078583396145,32.0311
600M,ft,1,3,scattered,34.838493742973725,34.8385
600M,ft,1,4,contiguous,33.573462761189376,33.5735
600M,ft,1,4,scattered,36.08006593633235,36.0801
600M,ft,2,0,contiguous,33.52674903771158,33.5267
600M,ft,2,0,scattered,34.8386339249667,34.8386
600M,ft,2,1,contiguous,33.794984254988464,33.795
600M,ft,2,1,scattered,35.39425107876947,35.3943
600M,ft,2,2,contiguous,33.65942745723111,33.6594
600M,ft,2,2,scattered,35.709269202250994,35.7093
600M,ft,2,3,contiguous,32.2166153425022,32.2166
600M,ft,2,3,scattered,34.87112579106351,34.8711
600M,ft,2,4,contiguous,33.64742771606868,33.6474
600M,ft,2,4,scattered,36.329112229891166,36.3291
600M,ft,3,0,contiguous,33.54579285118533,33.5458
600M,ft,3,0,scattered,34.62133013871663,34.6213
600M,ft,3,1,contiguous,33.60973185104496,33.6097
600M,ft,3,1,scattered,35.2885019016176,35.2885
600M,ft,3,2,contiguous,33.71556940196003,33.7156
600M,ft,3,2,scattered,35.796150137047974,35.7962
600M,ft,3,3,contiguous,32.071726205557034,32.0717
600M,ft,3,3,scattered,34.655351848287964,34.6554
600M,ft,3,4,contiguous,33.69863978993597,33.6986
600M,ft,3,4,scattered,36.15617223394928,36.1562
600M,ft,4,0,contiguous,33.83894595746916,33.8389
600M,ft,4,0,scattered,34.862360876250385,34.8624
600M,ft,4,1,contiguous,33.90410109879373,33.9041
600M,ft,4,1,scattered,35.48546965957927,35.4855
600M,ft,4,2,contiguous,33.97716482069222,33.9772
600M,ft,4,2,scattered,35.67017374644759,35.6702
600M,ft,4,3,contiguous,32.0798398804053,32.0798
600M,ft,4,3,scattered,34.866786086893626,34.8668
600M,ft,4,4,contiguous,33.89746455039794,33.8975
600M,ft,4,4,scattered,36.22387416246685,36.2239
600M,ft,5,0,contiguous,33.77772202652293,33.7777
600M,ft,5,0,scattered,34.85834211273318,34.8583
600M,ft,5,1,contiguous,33.852198454313,33.8522
600M,ft,5,1,scattered,35.54582441512902,35.5458
600M,ft,5,2,contiguous,33.78308267873719,33.7831
600M,ft,5,2,scattered,35.92618601479476,35.9262
600M,ft,5,3,contiguous,32.47471381426196,32.4747
600M,ft,5,3,scattered,34.9934332169398,34.9934
600M,ft,5,4,contiguous,33.843920553914465,33.8439
600M,ft,5,4,scattered,36.31472049697083,36.3147
600M,ft,6,0,contiguous,33.831409063686884,33.8314
600M,ft,6,0,scattered,35.02973063717016,35.0297
600M,ft,6,1,contiguous,33.50131665977824,33.5013
600M,ft,6,1,scattered,35.46542588247042,35.4654
600M,ft,6,2,contiguous,34.00408400073479,34.0041
600M,ft,6,2,scattered,35.98233619171008,35.9823
600M,ft,6,3,contiguous,31.977735644631558,31.9777
600M,ft,6,3,scattered,35.0446782207927,35.0447
600M,ft,6,4,contiguous,33.93099072085083,33.931
600M,ft,6,4,scattered,36.359705965240416,36.3597
600M,ft,7,0,contiguous,33.95720965055543,33.9572
600M,ft,7,0,scattered,34.86680081671245,34.8668
600M,ft,7,1,contiguous,33.804687920392226,33.8047
600M,ft,7,1,scattered,35.518303404634665,35.5183
600M,ft,7,2,contiguous,33.99328203273149,33.9933
600M,ft,7,2,scattered,35.974517269762536,35.9745
600M,ft,7,3,contiguous,32.039893687597974,32.0399
600M,ft,7,3,scattered,35.06765604395513,35.0677
600M,ft,7,4,contiguous,33.97835976325939,33.9784
600M,ft,7,4,scattered,36.156598937567175,36.1566
600M,ft,8,0,contiguous,33.73086904068026,33.7309
600M,ft,8,0,scattered,34.8643888932237,34.8644
600M,ft,8,1,contiguous,33.7352248078937,33.7352
600M,ft,8,1,scattered,35.303718129184965,35.3037
600M,ft,8,2,contiguous,33.73401518085976,33.734
600M,ft,8,2,scattered,35.94636068305661,35.9464
600M,ft,8,3,contiguous,31.976420461584034,31.9764
600M,ft,8,3,scattered,34.92986609241314,34.9299
600M,ft,8,4,contiguous,33.727968515643546,33.728
600M,ft,8,4,scattered,36.20982615736508,36.2098
600M,ft,9,0,contiguous,33.83461607806842,33.8346
600M,ft,9,0,scattered,34.91907092113769,34.9191
600M,ft,9,1,contiguous,33.91204439152059,33.912
600M,ft,9,1,scattered,35.62233583163665,35.6223
600M,ft,9,2,contiguous,33.979916556147636,33.9799
600M,ft,9,2,scattered,35.88838869674638,35.8884
600M,ft,9,3,contiguous,32.160376114938245,32.1604
600M,ft,9,3,scattered,35.040080991899984,35.0401
600M,ft,9,4,contiguous,33.960262098937235,33.9603
600M,ft,9,4,scattered,36.29311358657049,36.2931
600M,ft,10,0,contiguous,33.99723272907674,33.9972
600M,ft,10,0,scattered,34.720260709732955,34.7203
600M,ft,10,1,contiguous,33.837185658766636,33.8372
600M,ft,10,1,scattered,35.611691850001534,35.6117
600M,ft,10,2,contiguous,34.01161902439878,34.0116
600M,ft,10,2,scattered,35.744303055828475,35.7443
600M,ft,10,3,contiguous,32.0045628431271,32.0046
600M,ft,10,3,scattered,34.92430214010237,34.9243
600M,ft,10,4,contiguous,34.12880029430173,34.1288
600M,ft,10,4,scattered,36.32689271525318,36.3269
