backbone,cond,ratio,stat,geometry,dist,med,lo,hi,pos,n_chips
tiny,zs,0.200000,psnr_all,contiguous,0,31.929986,31.669114,32.223910,1.000000,500
tiny,zs,0.200000,psnr_all,scattered,0,34.552075,34.285097,34.796226,1.000000,500
tiny,zs,0.200000,gap_all,-,0,2.444069,2.204404,2.670544,0.948000,500
tiny,zs,0.200000,psnr_d,contiguous,1,32.430345,32.141155,32.616217,1.000000,500
tiny,zs,0.200000,psnr_d,scattered,1,34.552075,34.285078,34.796226,1.000000,500
tiny,zs,0.200000,psnr_d,contiguous,2,31.251428,30.963824,31.587300,1.000000,500
tiny,zs,0.200000,drop_vs_d1,contiguous,2,-1.145208,-1.304257,-1.033245,0.176000,500
tiny,zs,0.200000,psnr_d,contiguous,3,30.543529,29.879205,31.400960,1.000000,94
tiny,zs,0.200000,drop_vs_d1,contiguous,3,-1.788358,-2.417029,-1.346472,0.212766,94
tiny,zs,0.200000,gap_d1,-,1,1.990888,1.796450,2.105794,0.916000,500
tiny,zs,0.400000,psnr_all,contiguous,0,31.488722,31.170208,31.753510,1.000000,500
tiny,zs,0.400000,psnr_all,scattered,0,34.274699,34.044689,34.558078,1.000000,500
tiny,zs,0.400000,gap_all,-,0,2.519941,2.386629,2.660998,0.982000,500
tiny,zs,0.400000,psnr_d,contiguous,1,32.931240,32.644709,33.171442,1.000000,500
tiny,zs,0.400000,psnr_d,scattered,1,34.306858,34.047261,34.609956,1.000000,500
tiny,zs,0.400000,psnr_d,contiguous,2,31.234403,30.930274,31.501287,1.000000,500
tiny,zs,0.400000,drop_vs_d1,contiguous,2,-1.509427,-1.603561,-1.334710,0.112000,500
tiny,zs,0.400000,psnr_d,scattered,2,33.087459,31.686197,34.078482,1.000000,106
tiny,zs,0.400000,drop_vs_d1,scattered,2,-1.309484,-2.157439,-0.534554,0.386792,106
tiny,zs,0.400000,psnr_d,contiguous,3,31.057644,30.740544,31.334750,1.000000,500
tiny,zs,0.400000,drop_vs_d1,contiguous,3,-1.774123,-1.965609,-1.557684,0.150000,500
tiny,zs,0.400000,psnr_d,contiguous,4,29.665026,29.046503,30.520309,1.000000,107
tiny,zs,0.400000,drop_vs_d1,contiguous,4,-2.401744,-2.833503,-1.603463,0.140187,107
tiny,zs,0.400000,psnr_d,contiguous,5,30.151747,29.382720,30.540113,1.000000,107
tiny,zs,0.400000,drop_vs_d1,contiguous,5,-2.204327,-2.531637,-1.824580,0.205607,107
tiny,zs,0.400000,psnr_d,contiguous,6,29.949933,29.249339,30.797905,1.000000,107
tiny,zs,0.400000,drop_vs_d1,contiguous,6,-2.329129,-2.955251,-1.660049,0.214953,107
tiny,zs,0.400000,gap_d1,-,1,1.344023,1.175983,1.483418,0.898000,500
tiny,zs,0.600000,psnr_all,contiguous,0,31.091490,30.771217,31.313485,1.000000,500
tiny,zs,0.600000,psnr_all,scattered,0,33.745514,33.415330,34.007430,1.000000,500
tiny,zs,0.600000,gap_all,-,0,2.380274,2.210706,2.568242,0.988000,500
tiny,zs,0.600000,psnr_d,contiguous,1,32.747186,32.576778,32.949270,1.000000,500
tiny,zs,0.600000,psnr_d,scattered,1,33.874176,33.628064,34.099505,1.000000,500
tiny,zs,0.600000,psnr_d,contiguous,2,31.217263,30.889051,31.532341,1.000000,500
tiny,zs,0.600000,drop_vs_d1,contiguous,2,-1.500563,-1.668885,-1.331250,0.102000,500
tiny,zs,0.600000,psnr_d,scattered,2,32.420394,31.903048,32.867605,1.000000,459
tiny,zs,0.600000,drop_vs_d1,scattered,2,-1.229570,-1.492096,-0.963990,0.296296,459
tiny,zs,0.600000,psnr_d,contiguous,3,30.875177,30.468960,31.189205,1.000000,500
tiny,zs,0.600000,drop_vs_d1,contiguous,3,-1.870609,-2.084252,-1.690613,0.142000,500
tiny,zs,0.600000,psnr_d,contiguous,4,30.678255,30.370102,30.984001,1.000000,500
tiny,zs,0.600000,drop_vs_d1,contiguous,4,-1.963133,-2.169287,-1.611633,0.148000,500
tiny,zs,0.600000,psnr_d,contiguous,5,30.782460,30.389329,31.089364,1.000000,500
tiny,zs,0.600000,drop_vs_d1,contiguous,5,-2.040472,-2.262140,-1.833528,0.184000,500
tiny,zs,0.600000,psnr_d,contiguous,6,30.497272,30.143591,31.006965,1.000000,174
tiny,zs,0.600000,drop_vs_d1,contiguous,6,-2.068604,-2.545897,-1.646660,0.172414,174
tiny,zs,0.600000,psnr_d,contiguous,7,30.270684,29.515431,31.129419,1.000000,174
tiny,zs,0.600000,drop_vs_d1,contiguous,7,-2.186305,-2.938289,-1.635760,0.183908,174
tiny,zs,0.600000,psnr_d,contiguous,8,30.398916,29.648028,31.126092,1.000000,174
tiny,zs,0.600000,drop_vs_d1,contiguous,8,-2.239826,-2.894136,-1.710404,0.264368,174
tiny,zs,0.600000,psnr_d,contiguous,9,30.668390,29.939948,31.225694,1.000000,174
tiny,zs,0.600000,drop_vs_d1,contiguous,9,-2.077758,-2.662580,-1.607659,0.247126,174
tiny,zs,0.600000,gap_d1,-,1,0.858201,0.738855,0.962330,0.784000,500
tiny,zs,0.800000,psnr_all,contiguous,0,30.606676,30.308324,30.986331,1.000000,500
tiny,zs,0.800000,psnr_all,scattered,0,32.520188,32.313583,32.748999,1.000000,500
tiny,zs,0.800000,gap_all,-,0,1.729241,1.601513,1.808603,0.982000,500
tiny,zs,0.800000,psnr_d,contiguous,1,32.738595,32.506386,32.959197,1.000000,500
tiny,zs,0.800000,psnr_d,scattered,1,33.040113,32.795384,33.326975,1.000000,500
tiny,zs,0.800000,psnr_d,contiguous,2,31.078434,30.789271,31.274072,1.000000,500
tiny,zs,0.800000,drop_vs_d1,contiguous,2,-1.664359,-1.810383,-1.537711,0.096000,500
tiny,zs,0.800000,psnr_d,scattered,2,31.529480,31.109660,31.748432,1.000000,500
tiny,zs,0.800000,drop_vs_d1,scattered,2,-1.333462,-1.461395,-1.189639,0.142000,500
tiny,zs,0.800000,psnr_d,contiguous,3,30.626793,30.308631,30.967365,1.000000,500
tiny,zs,0.800000,drop_vs_d1,contiguous,3,-2.082839,-2.268199,-1.885294,0.116000,500
tiny,zs,0.800000,psnr_d,scattered,3,32.139660,31.607766,32.578109,1.000000,332
tiny,zs,0.800000,drop_vs_d1,scattered,3,-0.861646,-1.208775,-0.614989,0.361446,332
tiny,zs,0.800000,psnr_d,contiguous,4,30.693541,30.392023,30.921431,1.000000,500
tiny,zs,0.800000,drop_vs_d1,contiguous,4,-2.142468,-2.397644,-1.871069,0.124000,500
tiny,zs,0.800000,psnr_d,contiguous,5,30.515784,30.141888,30.865008,1.000000,500
tiny,zs,0.800000,drop_vs_d1,contiguous,5,-2.220038,-2.369638,-1.994542,0.146000,500
tiny,zs,0.800000,psnr_d,contiguous,6,30.570682,30.256114,30.884822,1.000000,500
tiny,zs,0.800000,drop_vs_d1,contiguous,6,-2.164041,-2.399463,-2.021366,0.152000,500
tiny,zs,0.800000,psnr_d,contiguous,7,30.299481,29.854072,30.632836,1.000000,325
tiny,zs,0.800000,drop_vs_d1,contiguous,7,-2.561643,-2.847114,-2.209909,0.150769,325
tiny,zs,0.800000,psnr_d,contiguous,8,30.192631,29.719479,30.671837,1.000000,325
tiny,zs,0.800000,drop_vs_d1,contiguous,8,-2.267554,-2.850846,-1.804195,0.196923,325
tiny,zs,0.800000,psnr_d,contiguous,9,30.476096,29.872199,31.135020,1.000000,325
tiny,zs,0.800000,drop_vs_d1,contiguous,9,-2.067356,-2.455495,-1.664819,0.209231,325
tiny,zs,0.800000,psnr_d,contiguous,10,30.585856,30.041836,31.214698,1.000000,325
tiny,zs,0.800000,drop_vs_d1,contiguous,10,-1.966203,-2.377730,-1.596147,0.243077,325
tiny,zs,0.800000,psnr_d,contiguous,11,30.990893,30.403255,31.385340,1.000000,325
tiny,zs,0.800000,drop_vs_d1,contiguous,11,-2.062657,-2.489150,-1.548203,0.276923,325
tiny,zs,0.800000,psnr_d,contiguous,12,30.951450,30.456364,31.778153,1.000000,325
tiny,zs,0.800000,drop_vs_d1,contiguous,12,-1.492962,-2.221037,-1.087339,0.329231,325
tiny,zs,0.800000,gap_d1,-,1,0.139323,0.064801,0.233474,0.572000,500
tiny,ft,0.200000,psnr_all,contiguous,0,32.950835,32.680786,33.248856,1.000000,500
tiny,ft,0.200000,psnr_all,scattered,0,35.014533,34.654332,35.221328,1.000000,500
tiny,ft,0.200000,gap_all,-,0,1.751834,1.586520,1.859718,0.914000,500
tiny,ft,0.200000,psnr_d,contiguous,1,33.345277,33.134775,33.619855,1.000000,500
tiny,ft,0.200000,psnr_d,scattered,1,35.014533,34.660506,35.226148,1.000000,500
tiny,ft,0.200000,psnr_d,contiguous,2,32.353658,32.111399,32.745010,1.000000,500
tiny,ft,0.200000,drop_vs_d1,contiguous,2,-0.981943,-1.168393,-0.825411,0.208000,500
tiny,ft,0.200000,psnr_d,contiguous,3,32.252189,31.315441,33.385793,1.000000,94
tiny,ft,0.200000,drop_vs_d1,contiguous,3,-1.583963,-2.252495,-0.946012,0.244681,94
tiny,ft,0.200000,gap_d1,-,1,1.419425,1.252461,1.526297,0.860000,500
tiny,ft,0.400000,psnr_all,contiguous,0,32.194932,31.885374,32.477149,1.000000,500
tiny,ft,0.400000,psnr_all,scattered,0,34.469672,34.178010,34.698255,1.000000,500
tiny,ft,0.400000,gap_all,-,0,1.887902,1.749688,2.061882,0.944000,500
tiny,ft,0.400000,psnr_d,contiguous,1,33.627513,33.279669,33.779629,1.000000,500
tiny,ft,0.400000,psnr_d,scattered,1,34.481990,34.185154,34.750264,1.000000,500
tiny,ft,0.400000,psnr_d,contiguous,2,32.049818,31.695174,32.450721,1.000000,500
tiny,ft,0.400000,drop_vs_d1,contiguous,2,-1.229384,-1.354190,-1.013830,0.158000,500
tiny,ft,0.400000,psnr_d,scattered,2,32.974009,31.523715,34.280547,1.000000,106
tiny,ft,0.400000,drop_vs_d1,scattered,2,-1.515221,-2.251601,-0.616005,0.377358,106
tiny,ft,0.400000,psnr_d,contiguous,3,31.883296,31.678266,32.174267,1.000000,500
tiny,ft,0.400000,drop_vs_d1,contiguous,3,-1.450710,-1.624001,-1.197258,0.208000,500
tiny,ft,0.400000,psnr_d,contiguous,4,31.193648,30.373814,31.808234,1.000000,107
tiny,ft,0.400000,drop_vs_d1,contiguous,4,-1.844835,-2.292507,-1.516022,0.186916,107
tiny,ft,0.400000,psnr_d,contiguous,5,31.127751,30.265818,31.545569,1.000000,107
tiny,ft,0.400000,drop_vs_d1,contiguous,5,-2.061922,-2.807526,-1.651825,0.224299,107
tiny,ft,0.400000,psnr_d,contiguous,6,31.342240,30.973511,31.819178,1.000000,107
tiny,ft,0.400000,drop_vs_d1,contiguous,6,-1.958891,-2.297871,-1.263600,0.233645,107
tiny,ft,0.400000,gap_d1,-,1,0.901865,0.817109,0.985784,0.796000,500
tiny,ft,0.600000,psnr_all,contiguous,0,31.765231,31.506782,32.020613,1.000000,500
tiny,ft,0.600000,psnr_all,scattered,0,33.712552,33.492586,34.001914,1.000000,500
tiny,ft,0.600000,gap_all,-,0,1.674217,1.532272,1.828373,0.956000,500
tiny,ft,0.600000,psnr_d,contiguous,1,33.322044,33.068673,33.596810,1.000000,500
tiny,ft,0.600000,psnr_d,scattered,1,33.822943,33.594243,34.033186,1.000000,500
tiny,ft,0.600000,psnr_d,contiguous,2,31.887844,31.611934,32.225296,1.000000,500
tiny,ft,0.600000,drop_vs_d1,contiguous,2,-1.328450,-1.460617,-1.160424,0.148000,500
tiny,ft,0.600000,psnr_d,scattered,2,32.719404,32.163400,33.057007,1.000000,459
tiny,ft,0.600000,drop_vs_d1,scattered,2,-1.087541,-1.372094,-0.827322,0.318083,459
tiny,ft,0.600000,psnr_d,contiguous,3,31.532020,31.255271,31.885260,1.000000,500
tiny,ft,0.600000,drop_vs_d1,contiguous,3,-1.716053,-1.901072,-1.509437,0.180000,500
tiny,ft,0.600000,psnr_d,contiguous,4,31.403356,31.167468,31.737241,1.000000,500
tiny,ft,0.600000,drop_vs_d1,contiguous,4,-1.485353,-1.775205,-1.349076,0.178000,500
tiny,ft,0.600000,psnr_d,contiguous,5,31.671892,31.299086,31.921091,1.000000,500
tiny,ft,0.600000,drop_vs_d1,contiguous,5,-1.653476,-2.029480,-1.410220,0.238000,500
tiny,ft,0.600000,psnr_d,contiguous,6,31.487168,30.988224,32.005269,1.000000,174
tiny,ft,0.600000,drop_vs_d1,contiguous,6,-1.786726,-2.149618,-1.271883,0.235632,174
tiny,ft,0.600000,psnr_d,contiguous,7,31.614405,31.029792,32.301794,1.000000,174
tiny,ft,0.600000,drop_vs_d1,contiguous,7,-1.537971,-2.251775,-1.206376,0.224138,174
tiny,ft,0.600000,psnr_d,contiguous,8,31.894099,31.267084,32.462149,1.000000,174
tiny,ft,0.600000,drop_vs_d1,contiguous,8,-1.939749,-2.344268,-1.312027,0.275862,174
tiny,ft,0.600000,psnr_d,contiguous,9,31.759695,30.938060,32.701404,1.000000,174
tiny,ft,0.600000,drop_vs_d1,contiguous,9,-1.889800,-2.310587,-1.407404,0.275862,174
tiny,ft,0.600000,gap_d1,-,1,0.369427,0.259634,0.504680,0.644000,500
tiny,ft,0.800000,psnr_all,contiguous,0,31.420507,31.091322,31.611699,1.000000,500
tiny,ft,0.800000,psnr_all,scattered,0,32.622562,32.450433,32.926778,1.000000,500
tiny,ft,0.800000,gap_all,-,0,1.114307,1.039657,1.221313,0.946000,500
tiny,ft,0.800000,psnr_d,contiguous,1,33.118369,32.869341,33.342911,1.000000,500
tiny,ft,0.800000,psnr_d,scattered,1,33.035281,32.853843,33.264178,1.000000,500
tiny,ft,0.800000,psnr_d,contiguous,2,31.612249,31.390263,31.925540,1.000000,500
tiny,ft,0.800000,drop_vs_d1,contiguous,2,-1.258079,-1.461399,-1.149932,0.158000,500
tiny,ft,0.800000,psnr_d,scattered,2,31.841117,31.517410,32.076915,1.000000,500
tiny,ft,0.800000,drop_vs_d1,scattered,2,-1.131769,-1.285640,-1.002017,0.188000,500
tiny,ft,0.800000,psnr_d,contiguous,3,31.295017,30.957499,31.526179,1.000000,500
tiny,ft,0.800000,drop_vs_d1,contiguous,3,-1.722580,-1.985779,-1.588506,0.152000,500
tiny,ft,0.800000,psnr_d,scattered,3,32.513491,31.860769,32.931184,1.000000,332
tiny,ft,0.800000,drop_vs_d1,scattered,3,-0.569303,-0.978191,-0.290049,0.415663,332
tiny,ft,0.800000,psnr_d,contiguous,4,31.394334,31.040550,31.696223,1.000000,500
tiny,ft,0.800000,drop_vs_d1,contiguous,4,-1.831042,-1.990505,-1.601923,0.160000,500
tiny,ft,0.800000,psnr_d,contiguous,5,31.147585,30.917178,31.540110,1.000000,500
tiny,ft,0.800000,drop_vs_d1,contiguous,5,-1.720747,-1.944274,-1.560711,0.172000,500
tiny,ft,0.800000,psnr_d,contiguous,6,31.435972,31.120321,31.829334,1.000000,500
tiny,ft,0.800000,drop_vs_d1,contiguous,6,-1.858586,-2.060432,-1.505515,0.220000,500
tiny,ft,0.800000,psnr_d,contiguous,7,31.030155,30.504464,31.490783,1.000000,325
tiny,ft,0.800000,drop_vs_d1,contiguous,7,-1.824501,-2.180693,-1.524022,0.221538,325
tiny,ft,0.800000,psnr_d,contiguous,8,31.208844,30.831071,31.762486,1.000000,325
tiny,ft,0.800000,drop_vs_d1,contiguous,8,-1.766907,-2.051637,-1.160693,0.258462,325
tiny,ft,0.800000,psnr_d,contiguous,9,31.394423,30.927309,32.012179,1.000000,325
tiny,ft,0.800000,drop_vs_d1,contiguous,9,-1.581225,-1.909911,-1.221498,0.270769,325
tiny,ft,0.800000,psnr_d,contiguous,10,31.344476,31.064459,32.101873,1.000000,325
tiny,ft,0.800000,drop_vs_d1,contiguous,10,-1.508804,-1.874614,-1.135249,0.310769,325
tiny,ft,0.800000,psnr_d,contiguous,11,31.720193,31.369764,32.139015,1.000000,325
tiny,ft,0.800000,drop_vs_d1,contiguous,11,-1.186779,-1.822785,-0.712510,0.350769,325
tiny,ft,0.800000,psnr_d,contiguous,12,32.223787,31.746502,32.719925,1.000000,325
tiny,ft,0.800000,drop_vs_d1,contiguous,12,-0.876807,-1.312941,-0.403457,0.403077,325
tiny,ft,0.800000,gap_d1,-,1,-0.130576,-0.219261,-0.038030,0.440000,500
tiny,ft-zs,0.200000,G_all,contiguous,0,0.888189,0.809936,0.998431,0.930000,500
tiny,ft-zs,0.200000,G_d,contiguous,1,0.937150,0.844853,1.019289,0.916000,500
tiny,ft-zs,0.200000,G_d,contiguous,2,0.928229,0.824919,1.062928,0.868000,500
tiny,ft-zs,0.200000,G_d,contiguous,3,1.448837,1.082640,1.969780,0.893617,94
tiny,ft-zs,0.400000,G_all,contiguous,0,0.731248,0.665322,0.807319,0.888000,500
tiny,ft-zs,0.400000,G_d,contiguous,1,0.576684,0.520948,0.642454,0.832000,500
tiny,ft-zs,0.400000,G_d,contiguous,2,0.720866,0.636679,0.848542,0.840000,500
tiny,ft-zs,0.400000,G_d,contiguous,3,0.822525,0.747713,0.940907,0.848000,500
tiny,ft-zs,0.400000,G_d,contiguous,4,0.983080,0.776264,1.445713,0.859813,107
tiny,ft-zs,0.400000,G_d,contiguous,5,1.037487,0.736192,1.321004,0.794393,107
tiny,ft-zs,0.400000,G_d,contiguous,6,1.136437,0.798124,1.621407,0.831776,107
tiny,ft-zs,0.600000,G_all,contiguous,0,0.705527,0.611545,0.771307,0.866000,500
tiny,ft-zs,0.600000,G_d,contiguous,1,0.511641,0.462408,0.579112,0.814000,500
tiny,ft-zs,0.600000,G_d,contiguous,2,0.688719,0.602562,0.842543,0.816000,500
tiny,ft-zs,0.600000,G_d,contiguous,3,0.702939,0.597840,0.817133,0.790000,500
tiny,ft-zs,0.600000,G_d,contiguous,4,0.791688,0.658633,0.908484,0.820000,500
tiny,ft-zs,0.600000,G_d,contiguous,5,0.838155,0.706469,0.980673,0.798000,500
tiny,ft-zs,0.600000,G_d,contiguous,6,1.058801,0.794733,1.280114,0.827586,174
tiny,ft-zs,0.600000,G_d,contiguous,7,1.165412,0.912915,1.421501,0.816092,174
tiny,ft-zs,0.600000,G_d,contiguous,8,1.046730,0.748608,1.247876,0.816092,174
tiny,ft-zs,0.600000,G_d,contiguous,9,1.192447,0.894156,1.395207,0.758621,174
tiny,ft-zs,0.800000,G_all,contiguous,0,0.658453,0.578847,0.708855,0.890000,500
tiny,ft-zs,0.800000,G_d,contiguous,1,0.298945,0.260702,0.388360,0.730000,500
tiny,ft-zs,0.800000,G_d,contiguous,2,0.568352,0.489296,0.660729,0.806000,500
tiny,ft-zs,0.800000,G_d,contiguous,3,0.662316,0.536913,0.799503,0.770000,500
tiny,ft-zs,0.800000,G_d,contiguous,4,0.656764,0.582621,0.773475,0.794000,500
tiny,ft-zs,0.800000,G_d,contiguous,5,0.741124,0.660514,0.851198,0.806000,500
tiny,ft-zs,0.800000,G_d,contiguous,6,0.748369,0.621741,0.837216,0.790000,500
tiny,ft-zs,0.800000,G_d,contiguous,7,0.844568,0.640340,1.013172,0.769231,325
tiny,ft-zs,0.800000,G_d,contiguous,8,0.893128,0.704899,1.074156,0.803077,325
tiny,ft-zs,0.800000,G_d,contiguous,9,0.863904,0.698619,1.020886,0.766154,325
tiny,ft-zs,0.800000,G_d,contiguous,10,0.851590,0.665229,0.941529,0.753846,325
tiny,ft-zs,0.800000,G_d,contiguous,11,0.731193,0.524782,0.978354,0.735385,325
tiny,ft-zs,0.800000,G_d,contiguous,12,0.846638,0.651310,1.056155,0.726154,325
tiny,ft-zs,0.200000,G_all,scattered,0,0.368254,0.327647,0.411002,0.854000,500
tiny,ft-zs,0.200000,G_d,scattered,1,0.368254,0.327647,0.410807,0.854000,500
tiny,ft-zs,0.400000,G_all,scattered,0,0.129894,0.091647,0.164746,0.686000,500
tiny,ft-zs,0.400000,G_d,scattered,1,0.129894,0.091867,0.166127,0.690000,500
tiny,ft-zs,0.400000,G_d,scattered,2,0.346182,0.043084,0.678340,0.622642,106
tiny,ft-zs,0.600000,G_all,scattered,0,0.068067,0.025722,0.088554,0.580000,500
tiny,ft-zs,0.600000,G_d,scattered,1,0.061177,0.021282,0.087235,0.572000,500
tiny,ft-zs,0.600000,G_d,scattered,2,0.227664,0.111924,0.327556,0.612200,459
tiny,ft-zs,0.800000,G_all,scattered,0,0.126873,0.078196,0.175489,0.636000,500
tiny,ft-zs,0.800000,G_d,scattered,1,0.064396,0.019158,0.111752,0.572000,500
tiny,ft-zs,0.800000,G_d,scattered,2,0.228699,0.174787,0.319731,0.668000,500
tiny,ft-zs,0.800000,G_d,scattered,3,0.328627,0.164445,0.502879,0.626506,332
100M,zs,0.200000,psnr_all,contiguous,0,33.840541,33.595452,34.199016,1.000000,500
100M,zs,0.200000,psnr_all,scattered,0,36.345692,36.131440,36.737912,1.000000,500
100M,zs,0.200000,gap_all,-,0,2.176780,2.005073,2.320254,0.944000,500
100M,zs,0.200000,psnr_d,contiguous,1,34.463761,34.112371,34.745774,1.000000,500
100M,zs,0.200000,psnr_d,scattered,1,36.345692,36.127723,36.739755,1.000000,500
100M,zs,0.200000,psnr_d,contiguous,2,33.213839,32.837092,33.558101,1.000000,500
100M,zs,0.200000,drop_vs_d1,contiguous,2,-1.284522,-1.387493,-1.150967,0.186000,500
100M,zs,0.200000,psnr_d,contiguous,3,33.243226,31.901116,34.375484,1.000000,94
100M,zs,0.200000,drop_vs_d1,contiguous,3,-2.070829,-2.649100,-1.153357,0.202128,94
100M,zs,0.200000,gap_d1,-,1,1.756853,1.527015,1.884517,0.882000,500
100M,zs,0.400000,psnr_all,contiguous,0,32.946768,32.593903,33.407378,1.000000,500
100M,zs,0.400000,psnr_all,scattered,0,35.852187,35.553175,36.069289,1.000000,500
100M,zs,0.400000,gap_all,-,0,2.400239,2.254602,2.581571,0.966000,500
100M,zs,0.400000,psnr_d,contiguous,1,34.470278,34.211546,34.776898,1.000000,500
100M,zs,0.400000,psnr_d,scattered,1,35.898462,35.552481,36.062785,1.000000,500
100M,zs,0.400000,psnr_d,contiguous,2,32.818170,32.335577,33.060893,1.000000,500
100M,zs,0.400000,drop_vs_d1,contiguous,2,-1.484088,-1.631691,-1.315199,0.124000,500
100M,zs,0.400000,psnr_d,scattered,2,34.213058,32.886279,35.625933,1.000000,106
100M,zs,0.400000,drop_vs_d1,scattered,2,-1.374915,-2.166365,-0.556980,0.358491,106
100M,zs,0.400000,psnr_d,contiguous,3,32.497094,32.169149,32.873271,1.000000,500
100M,zs,0.400000,drop_vs_d1,contiguous,3,-1.840690,-2.063789,-1.536599,0.162000,500
100M,zs,0.400000,psnr_d,contiguous,4,31.973232,31.206339,32.483971,1.000000,107
100M,zs,0.400000,drop_vs_d1,contiguous,4,-2.109723,-2.493231,-1.531080,0.158879,107
100M,zs,0.400000,psnr_d,contiguous,5,31.644923,31.145536,32.349813,1.000000,107
100M,zs,0.400000,drop_vs_d1,contiguous,5,-2.383052,-2.796888,-1.773293,0.205607,107
100M,zs,0.400000,psnr_d,contiguous,6,31.955120,31.136200,32.565065,1.000000,107
100M,zs,0.400000,drop_vs_d1,contiguous,6,-2.190620,-2.788807,-1.640678,0.205607,107
100M,zs,0.400000,gap_d1,-,1,1.218121,1.128566,1.308851,0.836000,500
100M,zs,0.600000,psnr_all,contiguous,0,32.479625,32.212624,32.813589,1.000000,500
100M,zs,0.600000,psnr_all,scattered,0,35.023552,34.753564,35.278268,1.000000,500
100M,zs,0.600000,gap_all,-,0,2.224022,2.001706,2.351538,0.982000,500
100M,zs,0.600000,psnr_d,contiguous,1,34.214354,33.975057,34.625722,1.000000,500
100M,zs,0.600000,psnr_d,scattered,1,35.092276,34.823380,35.412059,1.000000,500
100M,zs,0.600000,psnr_d,contiguous,2,32.807965,32.511721,33.041448,1.000000,500
100M,zs,0.600000,drop_vs_d1,contiguous,2,-1.510107,-1.695042,-1.341681,0.112000,500
100M,zs,0.600000,psnr_d,scattered,2,33.627051,33.143413,34.036237,1.000000,459
100M,zs,0.600000,drop_vs_d1,scattered,2,-1.336679,-1.710149,-1.081203,0.311547,459
100M,zs,0.600000,psnr_d,contiguous,3,32.291565,31.976687,32.525342,1.000000,500
100M,zs,0.600000,drop_vs_d1,contiguous,3,-1.921020,-2.103496,-1.714930,0.148000,500
100M,zs,0.600000,psnr_d,contiguous,4,32.293361,31.889823,32.587077,1.000000,500
100M,zs,0.600000,drop_vs_d1,contiguous,4,-2.092895,-2.314977,-1.839622,0.164000,500
100M,zs,0.600000,psnr_d,contiguous,5,32.331261,31.877370,32.676371,1.000000,500
100M,zs,0.600000,drop_vs_d1,contiguous,5,-2.071160,-2.363333,-1.843339,0.192000,500
100M,zs,0.600000,psnr_d,contiguous,6,32.312360,31.385736,32.851499,1.000000,174
100M,zs,0.600000,drop_vs_d1,contiguous,6,-2.226896,-2.720064,-1.643957,0.160920,174
100M,zs,0.600000,psnr_d,contiguous,7,32.335963,31.569945,33.000785,1.000000,174
100M,zs,0.600000,drop_vs_d1,contiguous,7,-2.138150,-2.619995,-1.730019,0.160920,174
100M,zs,0.600000,psnr_d,contiguous,8,32.346179,31.641380,32.794480,1.000000,174
100M,zs,0.600000,drop_vs_d1,contiguous,8,-2.176946,-2.644547,-1.538176,0.281609,174
100M,zs,0.600000,psnr_d,contiguous,9,32.505877,31.652719,33.219748,1.000000,174
100M,zs,0.600000,drop_vs_d1,contiguous,9,-2.171107,-2.463959,-1.823054,0.229885,174
100M,zs,0.600000,gap_d1,-,1,0.607263,0.502879,0.718846,0.696000,500
100M,zs,0.800000,psnr_all,contiguous,0,32.063402,31.777794,32.359142,1.000000,500
100M,zs,0.800000,psnr_all,scattered,0,33.711460,33.358783,33.974857,1.000000,500
100M,zs,0.800000,gap_all,-,0,1.505143,1.379659,1.603963,0.968000,500
100M,zs,0.800000,psnr_d,contiguous,1,34.187615,33.910013,34.448957,1.000000,500
100M,zs,0.800000,psnr_d,scattered,1,34.182686,33.899145,34.465215,1.000000,500
100M,zs,0.800000,psnr_d,contiguous,2,32.461163,32.102742,32.834979,1.000000,500
100M,zs,0.800000,drop_vs_d1,contiguous,2,-1.624060,-1.747394,-1.487729,0.104000,500
100M,zs,0.800000,psnr_d,scattered,2,32.583042,32.273718,32.909127,1.000000,500
100M,zs,0.800000,drop_vs_d1,scattered,2,-1.467962,-1.629821,-1.310123,0.150000,500
100M,zs,0.800000,psnr_d,contiguous,3,31.946508,31.621991,32.222786,1.000000,500
100M,zs,0.800000,drop_vs_d1,contiguous,3,-2.123278,-2.411054,-1.945678,0.126000,500
100M,zs,0.800000,psnr_d,scattered,3,33.020043,32.362440,33.554815,1.000000,332
100M,zs,0.800000,drop_vs_d1,scattered,3,-0.805835,-1.254979,-0.523055,0.364458,332
100M,zs,0.800000,psnr_d,contiguous,4,31.854728,31.557585,32.182832,1.000000,500
100M,zs,0.800000,drop_vs_d1,contiguous,4,-2.167039,-2.351805,-1.990091,0.132000,500
100M,zs,0.800000,psnr_d,contiguous,5,31.811994,31.533632,32.278647,1.000000,500
100M,zs,0.800000,drop_vs_d1,contiguous,5,-2.200503,-2.452018,-1.960817,0.158000,500
100M,zs,0.800000,psnr_d,contiguous,6,32.028933,31.697666,32.429099,1.000000,500
100M,zs,0.800000,drop_vs_d1,contiguous,6,-2.316865,-2.602791,-1.988147,0.166000,500
100M,zs,0.800000,psnr_d,contiguous,7,31.602403,31.205507,32.119825,1.000000,325
100M,zs,0.800000,drop_vs_d1,contiguous,7,-2.341022,-2.607778,-2.025603,0.184615,325
100M,zs,0.800000,psnr_d,contiguous,8,31.790707,31.259450,32.136054,1.000000,325
100M,zs,0.800000,drop_vs_d1,contiguous,8,-2.137918,-2.479932,-1.723672,0.218462,325
100M,zs,0.800000,psnr_d,contiguous,9,31.998189,31.586419,32.398342,1.000000,325
100M,zs,0.800000,drop_vs_d1,contiguous,9,-2.087280,-2.421590,-1.790157,0.236923,325
100M,zs,0.800000,psnr_d,contiguous,10,32.295809,31.904754,32.708586,1.000000,325
100M,zs,0.800000,drop_vs_d1,contiguous,10,-1.812084,-2.247151,-1.432356,0.270769,325
100M,zs,0.800000,psnr_d,contiguous,11,32.338986,31.636109,32.813846,1.000000,325
100M,zs,0.800000,drop_vs_d1,contiguous,11,-1.635522,-2.178209,-1.105475,0.310769,325
100M,zs,0.800000,psnr_d,contiguous,12,32.593519,32.255959,33.296060,1.000000,325
100M,zs,0.800000,drop_vs_d1,contiguous,12,-1.243790,-1.644873,-1.001323,0.341538,325
100M,zs,0.800000,gap_d1,-,1,-0.062668,-0.155154,0.037963,0.474000,500
100M,ft,0.200000,psnr_all,contiguous,0,33.754476,33.522657,34.096051,1.000000,500
100M,ft,0.200000,psnr_all,scattered,0,36.261230,35.936866,36.578648,1.000000,500
100M,ft,0.200000,gap_all,-,0,2.071888,1.904746,2.257301,0.924000,500
100M,ft,0.200000,psnr_d,contiguous,1,34.498639,34.152279,34.644580,1.000000,500
100M,ft,0.200000,psnr_d,scattered,1,36.261230,35.941047,36.578598,1.000000,500
100M,ft,0.200000,psnr_d,contiguous,2,33.157830,32.797675,33.504971,1.000000,500
100M,ft,0.200000,drop_vs_d1,contiguous,2,-1.223083,-1.389395,-1.087566,0.190000,500
100M,ft,0.200000,psnr_d,contiguous,3,33.109050,32.177164,34.578938,1.000000,94
100M,ft,0.200000,drop_vs_d1,contiguous,3,-1.848077,-2.553539,-1.005885,0.234043,94
100M,ft,0.200000,gap_d1,-,1,1.618646,1.451663,1.774053,0.866000,500
100M,ft,0.400000,psnr_all,contiguous,0,32.932892,32.652504,33.320961,1.000000,500
100M,ft,0.400000,psnr_all,scattered,0,35.594719,35.340819,35.864588,1.000000,500
100M,ft,0.400000,gap_all,-,0,2.185956,2.026191,2.339581,0.956000,500
100M,ft,0.400000,psnr_d,contiguous,1,34.507099,34.284702,34.695261,1.000000,500
100M,ft,0.400000,psnr_d,scattered,1,35.596117,35.333343,35.875732,1.000000,500
100M,ft,0.400000,psnr_d,contiguous,2,32.732330,32.517914,33.139908,1.000000,500
100M,ft,0.400000,drop_vs_d1,contiguous,2,-1.359599,-1.630889,-1.246247,0.142000,500
100M,ft,0.400000,psnr_d,scattered,2,33.928219,33.372382,35.357598,1.000000,106
100M,ft,0.400000,drop_vs_d1,scattered,2,-1.421173,-2.506080,-0.628060,0.377358,106
100M,ft,0.400000,psnr_d,contiguous,3,32.711026,32.378541,32.959822,1.000000,500
100M,ft,0.400000,drop_vs_d1,contiguous,3,-1.725183,-1.904147,-1.535892,0.192000,500
100M,ft,0.400000,psnr_d,contiguous,4,32.200536,31.381372,32.933500,1.000000,107
100M,ft,0.400000,drop_vs_d1,contiguous,4,-1.867448,-2.594991,-1.518595,0.149533,107
100M,ft,0.400000,psnr_d,contiguous,5,31.691941,31.278804,32.361800,1.000000,107
100M,ft,0.400000,drop_vs_d1,contiguous,5,-2.116241,-2.641014,-1.679552,0.196262,107
100M,ft,0.400000,psnr_d,contiguous,6,32.156445,31.442020,32.654431,1.000000,107
100M,ft,0.400000,drop_vs_d1,contiguous,6,-2.168835,-2.440354,-1.634422,0.233645,107
100M,ft,0.400000,gap_d1,-,1,1.030750,0.928007,1.138842,0.796000,500
100M,ft,0.600000,psnr_all,contiguous,0,32.506978,32.193852,32.814417,1.000000,500
100M,ft,0.600000,psnr_all,scattered,0,34.783343,34.555603,35.032463,1.000000,500
100M,ft,0.600000,gap_all,-,0,1.898161,1.769198,2.073852,0.960000,500
100M,ft,0.600000,psnr_d,contiguous,1,34.321283,34.061683,34.604770,1.000000,500
100M,ft,0.600000,psnr_d,scattered,1,34.877776,34.651860,35.124335,1.000000,500
100M,ft,0.600000,psnr_d,contiguous,2,32.677528,32.496692,32.938803,1.000000,500
100M,ft,0.600000,drop_vs_d1,contiguous,2,-1.498015,-1.603213,-1.348987,0.128000,500
100M,ft,0.600000,psnr_d,scattered,2,33.561140,33.087986,34.074981,1.000000,459
100M,ft,0.600000,drop_vs_d1,scattered,2,-1.120825,-1.355253,-0.801334,0.346405,459
100M,ft,0.600000,psnr_d,contiguous,3,32.348595,32.011096,32.751039,1.000000,500
100M,ft,0.600000,drop_vs_d1,contiguous,3,-1.768959,-2.042182,-1.563884,0.176000,500
100M,ft,0.600000,psnr_d,contiguous,4,32.271729,31.898995,32.526827,1.000000,500
100M,ft,0.600000,drop_vs_d1,contiguous,4,-1.912415,-2.078068,-1.510005,0.178000,500
100M,ft,0.600000,psnr_d,contiguous,5,32.387791,32.051816,32.811869,1.000000,500
100M,ft,0.600000,drop_vs_d1,contiguous,5,-1.867951,-2.230891,-1.570043,0.244000,500
100M,ft,0.600000,psnr_d,contiguous,6,32.234290,31.603575,33.065822,1.000000,174
100M,ft,0.600000,drop_vs_d1,contiguous,6,-2.258319,-2.800988,-1.642361,0.206897,174
100M,ft,0.600000,psnr_d,contiguous,7,32.472983,31.858755,33.105709,1.000000,174
100M,ft,0.600000,drop_vs_d1,contiguous,7,-1.973292,-2.321815,-1.636530,0.218391,174
100M,ft,0.600000,psnr_d,contiguous,8,32.535225,31.875041,33.410081,1.000000,174
100M,ft,0.600000,drop_vs_d1,contiguous,8,-2.093093,-2.470304,-1.534043,0.270115,174
100M,ft,0.600000,psnr_d,contiguous,9,33.021340,32.113257,33.855616,1.000000,174
100M,ft,0.600000,drop_vs_d1,contiguous,9,-1.689642,-2.202739,-1.185183,0.281609,174
100M,ft,0.600000,gap_d1,-,1,0.386982,0.306045,0.520504,0.654000,500
100M,ft,0.800000,psnr_all,contiguous,0,32.202485,31.925253,32.426383,1.000000,500
100M,ft,0.800000,psnr_all,scattered,0,33.412378,33.218009,33.661099,1.000000,500
100M,ft,0.800000,gap_all,-,0,1.160517,1.077694,1.275390,0.948000,500
100M,ft,0.800000,psnr_d,contiguous,1,34.186503,33.953593,34.376668,1.000000,500
100M,ft,0.800000,psnr_d,scattered,1,33.874969,33.603747,34.109357,1.000000,500
100M,ft,0.800000,psnr_d,contiguous,2,32.514044,32.241216,32.900991,1.000000,500
100M,ft,0.800000,drop_vs_d1,contiguous,2,-1.537404,-1.698618,-1.405123,0.138000,500
100M,ft,0.800000,psnr_d,scattered,2,32.561680,32.311970,32.833919,1.000000,500
100M,ft,0.800000,drop_vs_d1,scattered,2,-1.312870,-1.467576,-1.143981,0.178000,500
100M,ft,0.800000,psnr_d,contiguous,3,32.158752,31.849458,32.421662,1.000000,500
100M,ft,0.800000,drop_vs_d1,contiguous,3,-1.911908,-2.072520,-1.724556,0.136000,500
100M,ft,0.800000,psnr_d,scattered,3,33.430439,32.771138,33.823865,1.000000,332
100M,ft,0.800000,drop_vs_d1,scattered,3,-0.545175,-1.014806,-0.289715,0.406627,332
100M,ft,0.800000,psnr_d,contiguous,4,32.056001,31.741448,32.480314,1.000000,500
100M,ft,0.800000,drop_vs_d1,contiguous,4,-2.024317,-2.182558,-1.749906,0.156000,500
100M,ft,0.800000,psnr_d,contiguous,5,32.020527,31.755268,32.352223,1.000000,500
100M,ft,0.800000,drop_vs_d1,contiguous,5,-2.072653,-2.279029,-1.760570,0.170000,500
100M,ft,0.800000,psnr_d,contiguous,6,32.250763,31.939679,32.662231,1.000000,500
100M,ft,0.800000,drop_vs_d1,contiguous,6,-1.980072,-2.167712,-1.677900,0.206000,500
100M,ft,0.800000,psnr_d,contiguous,7,31.923782,31.569224,32.522601,1.000000,325
100M,ft,0.800000,drop_vs_d1,contiguous,7,-1.853503,-2.270014,-1.522641,0.196923,325
100M,ft,0.800000,psnr_d,contiguous,8,32.020870,31.648561,32.517015,1.000000,325
100M,ft,0.800000,drop_vs_d1,contiguous,8,-1.910709,-2.248858,-1.497978,0.255385,325
100M,ft,0.800000,psnr_d,contiguous,9,32.437707,31.798845,33.062236,1.000000,325
100M,ft,0.800000,drop_vs_d1,contiguous,9,-1.692413,-2.086000,-1.337332,0.267692,325
100M,ft,0.800000,psnr_d,contiguous,10,32.445747,32.123442,32.956339,1.000000,325
100M,ft,0.800000,drop_vs_d1,contiguous,10,-1.628049,-1.987770,-1.255303,0.307692,325
100M,ft,0.800000,psnr_d,contiguous,11,32.710714,32.364702,33.266982,1.000000,325
100M,ft,0.800000,drop_vs_d1,contiguous,11,-1.289946,-1.871634,-0.875448,0.372308,325
100M,ft,0.800000,psnr_d,contiguous,12,33.535475,32.964248,33.920262,1.000000,325
100M,ft,0.800000,drop_vs_d1,contiguous,12,-0.743916,-1.245197,-0.420122,0.415385,325
100M,ft,0.800000,gap_d1,-,1,-0.261222,-0.421094,-0.138088,0.412000,500
100M,ft-zs,0.200000,G_all,contiguous,0,0.019403,-0.040039,0.073582,0.514000,500
100M,ft-zs,0.200000,G_d,contiguous,1,0.009250,-0.047617,0.049184,0.506000,500
100M,ft-zs,0.200000,G_d,contiguous,2,0.025109,-0.079130,0.093940,0.518000,500
100M,ft-zs,0.200000,G_d,contiguous,3,0.134300,0.003557,0.313458,0.606383,94
100M,ft-zs,0.400000,G_all,contiguous,0,0.060705,0.001083,0.112894,0.544000,500
100M,ft-zs,0.400000,G_d,contiguous,1,0.007655,-0.036816,0.047472,0.506000,500
100M,ft-zs,0.400000,G_d,contiguous,2,0.067765,0.000810,0.117168,0.544000,500
100M,ft-zs,0.400000,G_d,contiguous,3,0.090735,0.036518,0.157836,0.566000,500
100M,ft-zs,0.400000,G_d,contiguous,4,0.146172,-0.019143,0.373519,0.570093,107
100M,ft-zs,0.400000,G_d,contiguous,5,0.213181,0.095185,0.361395,0.626168,107
100M,ft-zs,0.400000,G_d,contiguous,6,0.239657,0.033493,0.463721,0.607477,107
100M,ft-zs,0.600000,G_all,contiguous,0,0.071607,0.030564,0.114543,0.568000,500
100M,ft-zs,0.600000,G_d,contiguous,1,0.010922,-0.035929,0.041303,0.510000,500
100M,ft-zs,0.600000,G_d,contiguous,2,0.108383,0.035015,0.169020,0.572000,500
100M,ft-zs,0.600000,G_d,contiguous,3,0.133656,0.067520,0.193597,0.590000,500
100M,ft-zs,0.600000,G_d,contiguous,4,0.158407,0.049282,0.236398,0.562000,500
100M,ft-zs,0.600000,G_d,contiguous,5,0.155741,0.061626,0.244276,0.586000,500
100M,ft-zs,0.600000,G_d,contiguous,6,0.163568,-0.001505,0.384541,0.574713,174
100M,ft-zs,0.600000,G_d,contiguous,7,0.204407,0.099436,0.338154,0.626437,174
100M,ft-zs,0.600000,G_d,contiguous,8,0.098292,-0.052593,0.345601,0.563218,174
100M,ft-zs,0.600000,G_d,contiguous,9,0.327036,0.121176,0.503337,0.620690,174
100M,ft-zs,0.800000,G_all,contiguous,0,0.140671,0.082115,0.192816,0.588000,500
100M,ft-zs,0.800000,G_d,contiguous,1,-0.002547,-0.067423,0.052862,0.498000,500
100M,ft-zs,0.800000,G_d,contiguous,2,0.060907,0.002106,0.122873,0.544000,500
100M,ft-zs,0.800000,G_d,contiguous,3,0.148875,0.054211,0.203609,0.574000,500
100M,ft-zs,0.800000,G_d,contiguous,4,0.227653,0.140219,0.304766,0.608000,500
100M,ft-zs,0.800000,G_d,contiguous,5,0.237057,0.161199,0.322678,0.606000,500
100M,ft-zs,0.800000,G_d,contiguous,6,0.200861,0.127732,0.287793,0.612000,500
100M,ft-zs,0.800000,G_d,contiguous,7,0.276822,0.172375,0.419975,0.652308,325
100M,ft-zs,0.800000,G_d,contiguous,8,0.390931,0.226656,0.484296,0.640000,325
100M,ft-zs,0.800000,G_d,contiguous,9,0.287101,0.166903,0.435670,0.630769,325
100M,ft-zs,0.800000,G_d,contiguous,10,0.324155,0.147962,0.510101,0.581538,325
100M,ft-zs,0.800000,G_d,contiguous,11,0.309891,0.197166,0.417531,0.627692,325
100M,ft-zs,0.800000,G_d,contiguous,12,0.327670,0.168667,0.537195,0.624615,325
100M,ft-zs,0.200000,G_all,scattered,0,-0.116128,-0.144489,-0.084881,0.344000,500
100M,ft-zs,0.200000,G_d,scattered,1,-0.116245,-0.147863,-0.085352,0.344000,500
100M,ft-zs,0.400000,G_all,scattered,0,-0.191006,-0.222758,-0.151969,0.268000,500
100M,ft-zs,0.400000,G_d,scattered,1,-0.186663,-0.224839,-0.159034,0.268000,500
100M,ft-zs,0.400000,G_d,scattered,2,-0.056214,-0.321800,0.262657,0.481132,106
100M,ft-zs,0.600000,G_all,scattered,0,-0.196317,-0.226219,-0.170518,0.250000,500
100M,ft-zs,0.600000,G_d,scattered,1,-0.206836,-0.238168,-0.185236,0.232000,500
100M,ft-zs,0.600000,G_d,scattered,2,-0.009209,-0.097107,0.108814,0.498911,459
100M,ft-zs,0.800000,G_all,scattered,0,-0.131755,-0.169436,-0.107457,0.336000,500
100M,ft-zs,0.800000,G_d,scattered,1,-0.171737,-0.204697,-0.137791,0.294000,500
100M,ft-zs,0.800000,G_d,scattered,2,-0.043754,-0.116742,0.006970,0.462000,500
100M,ft-zs,0.800000,G_d,scattered,3,0.129875,-0.023458,0.261045,0.545181,332
300M,zs,0.200000,psnr_all,contiguous,0,33.877419,33.692070,34.120007,1.000000,500
300M,zs,0.200000,psnr_all,scattered,0,36.839478,36.553199,36.987271,1.000000,500
300M,zs,0.200000,gap_all,-,0,2.565057,2.409595,2.746876,0.954000,500
300M,zs,0.200000,psnr_d,contiguous,1,34.595287,34.312619,34.825713,1.000000,500
300M,zs,0.200000,psnr_d,scattered,1,36.839478,36.565785,36.999452,1.000000,500
300M,zs,0.200000,psnr_d,contiguous,2,33.195638,33.026108,33.518495,1.000000,500
300M,zs,0.200000,drop_vs_d1,contiguous,2,-1.231870,-1.403302,-1.083173,0.174000,500
300M,zs,0.200000,psnr_d,contiguous,3,33.156698,32.275588,34.330937,1.000000,94
300M,zs,0.200000,drop_vs_d1,contiguous,3,-1.602879,-2.026108,-1.028618,0.180851,94
300M,zs,0.200000,gap_d1,-,1,2.007701,1.908985,2.183731,0.928000,500
300M,zs,0.400000,psnr_all,contiguous,0,33.319656,32.997482,33.603423,1.000000,500
300M,zs,0.400000,psnr_all,scattered,0,36.262588,35.991280,36.514302,1.000000,500
300M,zs,0.400000,gap_all,-,0,2.698427,2.516281,2.818094,0.976000,500
300M,zs,0.400000,psnr_d,contiguous,1,34.776068,34.413872,34.986578,1.000000,500
300M,zs,0.400000,psnr_d,scattered,1,36.267772,35.996616,36.516373,1.000000,500
300M,zs,0.400000,psnr_d,contiguous,2,33.058652,32.756837,33.397919,1.000000,500
300M,zs,0.400000,drop_vs_d1,contiguous,2,-1.449660,-1.615103,-1.362895,0.112000,500
300M,zs,0.400000,psnr_d,scattered,2,35.187426,33.647452,35.906894,1.000000,106
300M,zs,0.400000,drop_vs_d1,scattered,2,-0.973415,-2.119618,-0.543093,0.358491,106
300M,zs,0.400000,psnr_d,contiguous,3,32.767759,32.491687,33.245799,1.000000,500
300M,zs,0.400000,drop_vs_d1,contiguous,3,-1.799936,-2.016825,-1.592777,0.152000,500
300M,zs,0.400000,psnr_d,contiguous,4,31.904588,31.362553,32.945277,1.000000,107
300M,zs,0.400000,drop_vs_d1,contiguous,4,-2.550177,-3.072147,-2.039226,0.149533,107
300M,zs,0.400000,psnr_d,contiguous,5,31.985341,31.098290,32.831132,1.000000,107
300M,zs,0.400000,drop_vs_d1,contiguous,5,-2.581957,-2.862656,-2.101119,0.224299,107
300M,zs,0.400000,psnr_d,contiguous,6,32.008622,31.277549,33.026648,1.000000,107
300M,zs,0.400000,drop_vs_d1,contiguous,6,-2.123917,-2.924597,-1.664538,0.214953,107
300M,zs,0.400000,gap_d1,-,1,1.484494,1.370684,1.626752,0.870000,500
300M,zs,0.600000,psnr_all,contiguous,0,32.980303,32.700506,33.215471,1.000000,500
300M,zs,0.600000,psnr_all,scattered,0,35.510346,35.307742,35.685009,1.000000,500
300M,zs,0.600000,gap_all,-,0,2.354841,2.184404,2.549833,0.980000,500
300M,zs,0.600000,psnr_d,contiguous,1,34.702813,34.466368,34.975158,1.000000,500
300M,zs,0.600000,psnr_d,scattered,1,35.604715,35.405090,35.844694,1.000000,500
300M,zs,0.600000,psnr_d,contiguous,2,33.118386,32.757354,33.416834,1.000000,500
300M,zs,0.600000,drop_vs_d1,contiguous,2,-1.629596,-1.754525,-1.449884,0.092000,500
300M,zs,0.600000,psnr_d,scattered,2,34.028049,33.596539,34.499523,1.000000,459
300M,zs,0.600000,drop_vs_d1,scattered,2,-1.475191,-1.743872,-1.199336,0.287582,459
300M,zs,0.600000,psnr_d,contiguous,3,32.627870,32.344976,32.959588,1.000000,500
300M,zs,0.600000,drop_vs_d1,contiguous,3,-2.060231,-2.203555,-1.830611,0.138000,500
300M,zs,0.600000,psnr_d,contiguous,4,32.549399,32.244065,32.945231,1.000000,500
300M,zs,0.600000,drop_vs_d1,contiguous,4,-2.084028,-2.351234,-1.899765,0.144000,500
300M,zs,0.600000,psnr_d,contiguous,5,32.616581,32.300866,33.064034,1.000000,500
300M,zs,0.600000,drop_vs_d1,contiguous,5,-2.297311,-2.543514,-1.987979,0.192000,500
300M,zs,0.600000,psnr_d,contiguous,6,32.519859,31.597932,33.031309,1.000000,174
300M,zs,0.600000,drop_vs_d1,contiguous,6,-2.265008,-2.979230,-1.854664,0.160920,174
300M,zs,0.600000,psnr_d,contiguous,7,32.748997,32.028736,33.340681,1.000000,174
300M,zs,0.600000,drop_vs_d1,contiguous,7,-2.313373,-2.678574,-1.933468,0.183908,174
300M,zs,0.600000,psnr_d,contiguous,8,32.620791,32.042253,33.555685,1.000000,174
300M,zs,0.600000,drop_vs_d1,contiguous,8,-2.096754,-2.847177,-1.586123,0.241379,174
300M,zs,0.600000,psnr_d,contiguous,9,33.028109,31.988565,33.715895,1.000000,174
300M,zs,0.600000,drop_vs_d1,contiguous,9,-1.864351,-2.564129,-1.486260,0.264368,174
300M,zs,0.600000,gap_d1,-,1,0.695613,0.558119,0.814042,0.704000,500
300M,zs,0.800000,psnr_all,contiguous,0,32.419630,32.086538,32.787838,1.000000,500
300M,zs,0.800000,psnr_all,scattered,0,34.133263,33.837133,34.403505,1.000000,500
300M,zs,0.800000,gap_all,-,0,1.515917,1.420929,1.656214,0.974000,500
300M,zs,0.800000,psnr_d,contiguous,1,34.499065,34.332356,34.744525,1.000000,500
300M,zs,0.800000,psnr_d,scattered,1,34.600712,34.316483,34.874819,1.000000,500
300M,zs,0.800000,psnr_d,contiguous,2,32.795932,32.496299,33.218775,1.000000,500
300M,zs,0.800000,drop_vs_d1,contiguous,2,-1.717634,-1.829744,-1.568691,0.098000,500
300M,zs,0.800000,psnr_d,scattered,2,33.007498,32.738522,33.294195,1.000000,500
300M,zs,0.800000,drop_vs_d1,scattered,2,-1.431598,-1.669628,-1.263632,0.122000,500
300M,zs,0.800000,psnr_d,contiguous,3,32.339197,32.154059,32.686318,1.000000,500
300M,zs,0.800000,drop_vs_d1,contiguous,3,-2.164712,-2.357084,-1.879021,0.112000,500
300M,zs,0.800000,psnr_d,scattered,3,33.435309,32.917370,34.071228,1.000000,332
300M,zs,0.800000,drop_vs_d1,scattered,3,-0.943384,-1.396306,-0.555799,0.379518,332
300M,zs,0.800000,psnr_d,contiguous,4,32.454238,32.100554,32.752501,1.000000,500
300M,zs,0.800000,drop_vs_d1,contiguous,4,-2.221001,-2.471453,-1.984385,0.132000,500
300M,zs,0.800000,psnr_d,contiguous,5,32.160547,31.921048,32.549934,1.000000,500
300M,zs,0.800000,drop_vs_d1,contiguous,5,-2.322669,-2.574216,-2.044182,0.154000,500
300M,zs,0.800000,psnr_d,contiguous,6,32.519898,32.067551,32.784647,1.000000,500
300M,zs,0.800000,drop_vs_d1,contiguous,6,-2.220550,-2.558869,-2.051505,0.168000,500
300M,zs,0.800000,psnr_d,contiguous,7,31.909041,31.405948,32.436602,1.000000,325
300M,zs,0.800000,drop_vs_d1,contiguous,7,-2.385044,-2.742105,-2.072127,0.153846,325
300M,zs,0.800000,psnr_d,contiguous,8,32.164185,31.637723,32.573232,1.000000,325
300M,zs,0.800000,drop_vs_d1,contiguous,8,-2.260845,-2.816792,-1.923981,0.181538,325
300M,zs,0.800000,psnr_d,contiguous,9,32.546997,31.938005,32.961998,1.000000,325
300M,zs,0.800000,drop_vs_d1,contiguous,9,-2.186804,-2.588763,-1.744495,0.218462,325
300M,zs,0.800000,psnr_d,contiguous,10,32.749293,32.385761,33.266168,1.000000,325
300M,zs,0.800000,drop_vs_d1,contiguous,10,-2.019174,-2.470848,-1.656132,0.258462,325
300M,zs,0.800000,psnr_d,contiguous,11,32.822214,32.313567,33.426379,1.000000,325
300M,zs,0.800000,drop_vs_d1,contiguous,11,-1.838541,-2.292719,-1.277483,0.344615,325
300M,zs,0.800000,psnr_d,contiguous,12,33.194018,32.690409,33.750453,1.000000,325
300M,zs,0.800000,drop_vs_d1,contiguous,12,-1.263714,-1.701583,-0.966328,0.326154,325
300M,zs,0.800000,gap_d1,-,1,-0.140389,-0.226736,-0.001354,0.454000,500
300M,ft,0.200000,psnr_all,contiguous,0,34.289179,34.032803,34.611976,1.000000,500
300M,ft,0.200000,psnr_all,scattered,0,36.816587,36.550476,37.108703,1.000000,500
300M,ft,0.200000,gap_all,-,0,2.220310,2.019880,2.392293,0.926000,500
300M,ft,0.200000,psnr_d,contiguous,1,34.889821,34.619567,35.106164,1.000000,500
300M,ft,0.200000,psnr_d,scattered,1,36.816587,36.550884,37.108703,1.000000,500
300M,ft,0.200000,psnr_d,contiguous,2,33.537316,33.219394,33.947770,1.000000,500
300M,ft,0.200000,drop_vs_d1,contiguous,2,-1.235520,-1.389561,-1.075030,0.198000,500
300M,ft,0.200000,psnr_d,contiguous,3,33.789765,32.866554,35.151963,1.000000,94
300M,ft,0.200000,drop_vs_d1,contiguous,3,-1.741666,-2.623986,-1.002018,0.265957,94
300M,ft,0.200000,gap_d1,-,1,1.675823,1.509720,1.786934,0.874000,500
300M,ft,0.400000,psnr_all,contiguous,0,33.368007,33.112085,33.736811,1.000000,500
300M,ft,0.400000,psnr_all,scattered,0,36.065044,35.832880,36.270937,1.000000,500
300M,ft,0.400000,gap_all,-,0,2.301029,2.141021,2.463461,0.956000,500
300M,ft,0.400000,psnr_d,contiguous,1,34.916569,34.606242,35.169041,1.000000,500
300M,ft,0.400000,psnr_d,scattered,1,36.083785,35.832056,36.295335,1.000000,500
300M,ft,0.400000,psnr_d,contiguous,2,33.188753,32.832414,33.635640,1.000000,500
300M,ft,0.400000,drop_vs_d1,contiguous,2,-1.433629,-1.581726,-1.311311,0.124000,500
300M,ft,0.400000,psnr_d,scattered,2,34.438046,33.616721,35.585515,1.000000,106
300M,ft,0.400000,drop_vs_d1,scattered,2,-1.770826,-2.359482,-0.888621,0.339623,106
300M,ft,0.400000,psnr_d,contiguous,3,33.185963,32.795157,33.519761,1.000000,500
300M,ft,0.400000,drop_vs_d1,contiguous,3,-1.791245,-2.005136,-1.539378,0.180000,500
300M,ft,0.400000,psnr_d,contiguous,4,32.483283,31.923283,33.277008,1.000000,107
300M,ft,0.400000,drop_vs_d1,contiguous,4,-1.861187,-2.796217,-1.461103,0.140187,107
300M,ft,0.400000,psnr_d,contiguous,5,32.003452,31.421656,32.773891,1.000000,107
300M,ft,0.400000,drop_vs_d1,contiguous,5,-2.460659,-2.818811,-1.717463,0.168224,107
300M,ft,0.400000,psnr_d,contiguous,6,32.440822,31.656156,33.371099,1.000000,107
300M,ft,0.400000,drop_vs_d1,contiguous,6,-1.934658,-3.090784,-1.369810,0.196262,107
300M,ft,0.400000,gap_d1,-,1,1.140176,1.002445,1.277480,0.808000,500
300M,ft,0.600000,psnr_all,contiguous,0,32.831665,32.563339,33.168690,1.000000,500
300M,ft,0.600000,psnr_all,scattered,0,35.226004,34.977384,35.468773,1.000000,500
300M,ft,0.600000,gap_all,-,0,2.021055,1.881751,2.147654,0.968000,500
300M,ft,0.600000,psnr_d,contiguous,1,34.653056,34.378391,35.101217,1.000000,500
300M,ft,0.600000,psnr_d,scattered,1,35.321982,35.015886,35.565585,1.000000,500
300M,ft,0.600000,psnr_d,contiguous,2,33.148797,32.880102,33.353351,1.000000,500
300M,ft,0.600000,drop_vs_d1,contiguous,2,-1.525459,-1.667330,-1.361896,0.112000,500
300M,ft,0.600000,psnr_d,scattered,2,34.035510,33.505785,34.459055,1.000000,459
300M,ft,0.600000,drop_vs_d1,scattered,2,-1.301890,-1.702896,-0.950116,0.328976,459
300M,ft,0.600000,psnr_d,contiguous,3,32.762659,32.447282,33.042221,1.000000,500
300M,ft,0.600000,drop_vs_d1,contiguous,3,-1.923339,-2.108304,-1.672611,0.178000,500
300M,ft,0.600000,psnr_d,contiguous,4,32.497422,32.242608,32.760229,1.000000,500
300M,ft,0.600000,drop_vs_d1,contiguous,4,-2.060816,-2.240605,-1.748010,0.186000,500
300M,ft,0.600000,psnr_d,contiguous,5,32.700218,32.467789,33.003286,1.000000,500
300M,ft,0.600000,drop_vs_d1,contiguous,5,-1.951264,-2.335695,-1.671967,0.214000,500
300M,ft,0.600000,psnr_d,contiguous,6,32.723155,32.047550,33.257595,1.000000,174
300M,ft,0.600000,drop_vs_d1,contiguous,6,-1.875843,-2.570144,-1.457050,0.189655,174
300M,ft,0.600000,psnr_d,contiguous,7,33.190401,32.445282,33.809720,1.000000,174
300M,ft,0.600000,drop_vs_d1,contiguous,7,-1.877782,-2.341501,-1.422118,0.241379,174
300M,ft,0.600000,psnr_d,contiguous,8,33.005051,32.215129,33.734996,1.000000,174
300M,ft,0.600000,drop_vs_d1,contiguous,8,-1.930891,-2.498969,-1.496046,0.264368,174
300M,ft,0.600000,psnr_d,contiguous,9,33.637393,32.566095,34.584150,1.000000,174
300M,ft,0.600000,drop_vs_d1,contiguous,9,-1.697711,-2.010113,-1.295753,0.304598,174
300M,ft,0.600000,gap_d1,-,1,0.511747,0.376856,0.638546,0.644000,500
300M,ft,0.800000,psnr_all,contiguous,0,32.537516,32.240208,32.826690,1.000000,500
300M,ft,0.800000,psnr_all,scattered,0,33.884719,33.621957,34.190519,1.000000,500
300M,ft,0.800000,gap_all,-,0,1.199975,1.104820,1.313210,0.964000,500
300M,ft,0.800000,psnr_d,contiguous,1,34.569944,34.353710,34.816906,1.000000,500
300M,ft,0.800000,psnr_d,scattered,1,34.341537,34.076890,34.643751,1.000000,500
300M,ft,0.800000,psnr_d,contiguous,2,32.885462,32.547548,33.237807,1.000000,500
300M,ft,0.800000,drop_vs_d1,contiguous,2,-1.616015,-1.762059,-1.475040,0.134000,500
300M,ft,0.800000,psnr_d,scattered,2,32.983691,32.675552,33.271318,1.000000,500
300M,ft,0.800000,drop_vs_d1,scattered,2,-1.270274,-1.420692,-1.111921,0.150000,500
300M,ft,0.800000,psnr_d,contiguous,3,32.480934,32.244056,32.782768,1.000000,500
300M,ft,0.800000,drop_vs_d1,contiguous,3,-2.014866,-2.253558,-1.794440,0.130000,500
300M,ft,0.800000,psnr_d,scattered,3,33.724584,33.157225,34.185754,1.000000,332
300M,ft,0.800000,drop_vs_d1,scattered,3,-0.740101,-1.168518,-0.364632,0.400602,332
300M,ft,0.800000,psnr_d,contiguous,4,32.559573,32.177587,32.845849,1.000000,500
300M,ft,0.800000,drop_vs_d1,contiguous,4,-2.154812,-2.294870,-1.861475,0.154000,500
300M,ft,0.800000,psnr_d,contiguous,5,32.431408,32.138824,32.721230,1.000000,500
300M,ft,0.800000,drop_vs_d1,contiguous,5,-2.080352,-2.343266,-1.918864,0.202000,500
300M,ft,0.800000,psnr_d,contiguous,6,32.440212,32.178545,32.917950,1.000000,500
300M,ft,0.800000,drop_vs_d1,contiguous,6,-1.913331,-2.220496,-1.638618,0.212000,500
300M,ft,0.800000,psnr_d,contiguous,7,32.377319,31.898595,32.822117,1.000000,325
300M,ft,0.800000,drop_vs_d1,contiguous,7,-2.086252,-2.347625,-1.670998,0.215385,325
300M,ft,0.800000,psnr_d,contiguous,8,32.487793,31.930153,32.961229,1.000000,325
300M,ft,0.800000,drop_vs_d1,contiguous,8,-2.122571,-2.400087,-1.662850,0.236923,325
300M,ft,0.800000,psnr_d,contiguous,9,32.889434,32.243953,33.549562,1.000000,325
300M,ft,0.800000,drop_vs_d1,contiguous,9,-1.782140,-2.157004,-1.413937,0.267692,325
300M,ft,0.800000,psnr_d,contiguous,10,33.427789,32.915116,33.708801,1.000000,325
300M,ft,0.800000,drop_vs_d1,contiguous,10,-1.473653,-1.825307,-1.131665,0.295385,325
300M,ft,0.800000,psnr_d,contiguous,11,33.400367,32.854789,33.755430,1.000000,325
300M,ft,0.800000,drop_vs_d1,contiguous,11,-1.200638,-1.620707,-0.715085,0.360000,325
300M,ft,0.800000,psnr_d,contiguous,12,33.719502,33.009996,34.172921,1.000000,325
300M,ft,0.800000,drop_vs_d1,contiguous,12,-0.956991,-1.484661,-0.405161,0.387692,325
300M,ft,0.800000,gap_d1,-,1,-0.273396,-0.383040,-0.147728,0.420000,500
300M,ft-zs,0.200000,G_all,contiguous,0,0.319457,0.243675,0.398846,0.680000,500
300M,ft-zs,0.200000,G_d,contiguous,1,0.342777,0.254396,0.417422,0.706000,500
300M,ft-zs,0.200000,G_d,contiguous,2,0.339610,0.240489,0.428564,0.652000,500
300M,ft-zs,0.200000,G_d,contiguous,3,0.530211,0.217577,0.721344,0.680851,94
300M,ft-zs,0.400000,G_all,contiguous,0,0.184882,0.125280,0.235093,0.626000,500
300M,ft-zs,0.400000,G_d,contiguous,1,0.165990,0.067530,0.243101,0.602000,500
300M,ft-zs,0.400000,G_d,contiguous,2,0.186785,0.104545,0.246013,0.616000,500
300M,ft-zs,0.400000,G_d,contiguous,3,0.305934,0.216407,0.394622,0.634000,500
300M,ft-zs,0.400000,G_d,contiguous,4,0.499631,0.278416,0.688296,0.672897,107
300M,ft-zs,0.400000,G_d,contiguous,5,0.177726,0.014139,0.479017,0.598131,107
300M,ft-zs,0.400000,G_d,contiguous,6,0.360707,0.115867,0.690724,0.607477,107
300M,ft-zs,0.600000,G_all,contiguous,0,0.070865,0.020229,0.137490,0.556000,500
300M,ft-zs,0.600000,G_d,contiguous,1,-0.027739,-0.073866,0.035001,0.476000,500
300M,ft-zs,0.600000,G_d,contiguous,2,0.086496,-0.027645,0.165496,0.534000,500
300M,ft-zs,0.600000,G_d,contiguous,3,0.140514,0.071912,0.206226,0.578000,500
300M,ft-zs,0.600000,G_d,contiguous,4,0.161778,0.065464,0.248300,0.586000,500
300M,ft-zs,0.600000,G_d,contiguous,5,0.232808,0.143151,0.317080,0.602000,500
300M,ft-zs,0.600000,G_d,contiguous,6,0.316367,0.142784,0.520112,0.649425,174
300M,ft-zs,0.600000,G_d,contiguous,7,0.304597,0.182651,0.523240,0.637931,174
300M,ft-zs,0.600000,G_d,contiguous,8,0.216053,0.024151,0.366351,0.591954,174
300M,ft-zs,0.600000,G_d,contiguous,9,0.331297,0.150393,0.506515,0.609195,174
300M,ft-zs,0.800000,G_all,contiguous,0,0.134201,0.074434,0.166620,0.590000,500
300M,ft-zs,0.800000,G_d,contiguous,1,0.005895,-0.085988,0.089954,0.508000,500
300M,ft-zs,0.800000,G_d,contiguous,2,0.122250,0.051263,0.208044,0.576000,500
300M,ft-zs,0.800000,G_d,contiguous,3,0.116299,0.031430,0.186698,0.562000,500
300M,ft-zs,0.800000,G_d,contiguous,4,0.145039,0.052360,0.222142,0.568000,500
300M,ft-zs,0.800000,G_d,contiguous,5,0.170706,0.087701,0.252536,0.586000,500
300M,ft-zs,0.800000,G_d,contiguous,6,0.263367,0.171709,0.348466,0.632000,500
300M,ft-zs,0.800000,G_d,contiguous,7,0.356374,0.259755,0.459815,0.655385,325
300M,ft-zs,0.800000,G_d,contiguous,8,0.299746,0.125479,0.496616,0.606154,325
300M,ft-zs,0.800000,G_d,contiguous,9,0.324668,0.200660,0.518859,0.649231,325
300M,ft-zs,0.800000,G_d,contiguous,10,0.504609,0.381846,0.634647,0.667692,325
300M,ft-zs,0.800000,G_d,contiguous,11,0.559764,0.370848,0.699425,0.658462,325
300M,ft-zs,0.800000,G_d,contiguous,12,0.497084,0.359639,0.634395,0.658462,325
300M,ft-zs,0.200000,G_all,scattered,0,-0.000522,-0.033303,0.054039,0.500000,500
300M,ft-zs,0.200000,G_d,scattered,1,-0.000522,-0.033303,0.052951,0.500000,500
300M,ft-zs,0.400000,G_all,scattered,0,-0.149716,-0.188423,-0.107553,0.340000,500
300M,ft-zs,0.400000,G_d,scattered,1,-0.153337,-0.182948,-0.114118,0.328000,500
300M,ft-zs,0.400000,G_d,scattered,2,0.042744,-0.404379,0.218327,0.509434,106
300M,ft-zs,0.600000,G_all,scattered,0,-0.225854,-0.258790,-0.192236,0.274000,500
300M,ft-zs,0.600000,G_d,scattered,1,-0.234746,-0.271557,-0.196793,0.264000,500
300M,ft-zs,0.600000,G_d,scattered,2,-0.114492,-0.210574,-0.037571,0.416122,459
300M,ft-zs,0.800000,G_all,scattered,0,-0.143026,-0.180517,-0.090850,0.356000,500
300M,ft-zs,0.800000,G_d,scattered,1,-0.171835,-0.221463,-0.141940,0.286000,500
300M,ft-zs,0.800000,G_d,scattered,2,0.005610,-0.050150,0.082734,0.510000,500
300M,ft-zs,0.800000,G_d,scattered,3,0.061122,-0.094725,0.205677,0.524096,332
600M,zs,0.200000,psnr_all,contiguous,0,34.526668,34.171549,34.837840,1.000000,500
600M,zs,0.200000,psnr_all,scattered,0,37.630690,37.426525,37.892564,1.000000,500
600M,zs,0.200000,gap_all,-,0,2.831214,2.684405,3.037795,0.960000,500
600M,zs,0.200000,psnr_d,contiguous,1,35.615437,35.346340,35.911507,1.000000,500
600M,zs,0.200000,psnr_d,scattered,1,37.630690,37.421024,37.905426,1.000000,500
600M,zs,0.200000,psnr_d,contiguous,2,34.093749,33.704655,34.512409,1.000000,500
600M,zs,0.200000,drop_vs_d1,contiguous,2,-1.497159,-1.711079,-1.307518,0.148000,500
600M,zs,0.200000,psnr_d,contiguous,3,33.985721,33.567012,34.492839,1.000000,500
600M,zs,0.200000,drop_vs_d1,contiguous,3,-1.569056,-1.787241,-1.272672,0.276000,500
600M,zs,0.200000,psnr_d,contiguous,4,33.285860,32.046417,35.486874,1.000000,94
600M,zs,0.200000,drop_vs_d1,contiguous,4,-1.745009,-2.530734,-1.215931,0.265957,94
600M,zs,0.200000,psnr_d,contiguous,5,34.912695,32.948850,36.001190,1.000000,94
600M,zs,0.200000,drop_vs_d1,contiguous,5,-1.391549,-2.173793,-0.296878,0.382979,94
600M,zs,0.200000,gap_d1,-,1,1.788642,1.668146,1.938757,0.904000,500
600M,zs,0.400000,psnr_all,contiguous,0,33.896665,33.535119,34.234183,1.000000,500
600M,zs,0.400000,psnr_all,scattered,0,37.271834,37.016319,37.515658,1.000000,500
600M,zs,0.400000,gap_all,-,0,2.995721,2.826805,3.194931,0.974000,500
600M,zs,0.400000,psnr_d,contiguous,1,35.647562,35.392861,35.925428,1.000000,500
600M,zs,0.400000,psnr_d,scattered,1,37.307867,37.028377,37.535355,1.000000,500
600M,zs,0.400000,psnr_d,contiguous,2,33.725173,33.323073,34.050153,1.000000,500
600M,zs,0.400000,drop_vs_d1,contiguous,2,-1.681569,-1.921663,-1.547273,0.102000,500
600M,zs,0.400000,psnr_d,scattered,2,37.124447,36.169836,38.082050,1.000000,97
600M,zs,0.400000,drop_vs_d1,scattered,2,-0.004814,-0.759632,0.538297,0.494845,97
600M,zs,0.400000,psnr_d,contiguous,3,33.471535,33.162492,33.798448,1.000000,500
600M,zs,0.400000,drop_vs_d1,contiguous,3,-2.058841,-2.309173,-1.849110,0.146000,500
600M,zs,0.400000,psnr_d,contiguous,4,33.505154,33.232907,33.678681,1.000000,500
600M,zs,0.400000,drop_vs_d1,contiguous,4,-2.003378,-2.196645,-1.672930,0.196000,500
600M,zs,0.400000,psnr_d,contiguous,5,33.798213,33.397098,34.047405,1.000000,500
600M,zs,0.400000,drop_vs_d1,contiguous,5,-1.770250,-2.103416,-1.423327,0.294000,500
600M,zs,0.400000,gap_d1,-,1,1.462006,1.341506,1.612947,0.878000,500
600M,zs,0.600000,psnr_all,contiguous,0,33.488427,33.127692,33.861218,1.000000,500
600M,zs,0.600000,psnr_all,scattered,0,36.416836,36.083971,36.559525,1.000000,500
600M,zs,0.600000,gap_all,-,0,2.590978,2.407332,2.805292,0.994000,500
600M,zs,0.600000,psnr_d,contiguous,1,35.548242,35.292051,35.861150,1.000000,500
600M,zs,0.600000,psnr_d,scattered,1,36.459240,36.205324,36.702079,1.000000,500
600M,zs,0.600000,psnr_d,contiguous,2,33.724201,33.404312,33.934571,1.000000,500
600M,zs,0.600000,drop_vs_d1,contiguous,2,-1.858821,-2.011579,-1.695671,0.066000,500
600M,zs,0.600000,psnr_d,scattered,2,34.694830,34.353542,35.268556,1.000000,474
600M,zs,0.600000,drop_vs_d1,scattered,2,-1.448270,-1.776933,-1.227374,0.291139,474
600M,zs,0.600000,psnr_d,contiguous,3,33.245344,32.949774,33.491774,1.000000,500
600M,zs,0.600000,drop_vs_d1,contiguous,3,-2.151342,-2.327792,-1.971881,0.102000,500
600M,zs,0.600000,psnr_d,contiguous,4,33.027536,32.706736,33.269242,1.000000,500
600M,zs,0.600000,drop_vs_d1,contiguous,4,-2.433447,-2.619603,-2.219367,0.114000,500
600M,zs,0.600000,psnr_d,contiguous,5,33.117182,32.640767,33.539521,1.000000,500
600M,zs,0.600000,drop_vs_d1,contiguous,5,-2.309481,-2.555273,-2.016453,0.146000,500
600M,zs,0.600000,psnr_d,contiguous,6,33.551336,33.213586,33.904971,1.000000,500
600M,zs,0.600000,drop_vs_d1,contiguous,6,-2.136201,-2.387687,-1.802149,0.216000,500
600M,zs,0.600000,psnr_d,contiguous,7,32.916899,32.283867,33.849164,1.000000,174
600M,zs,0.600000,drop_vs_d1,contiguous,7,-2.605669,-3.098518,-2.220072,0.189655,174
600M,zs,0.600000,psnr_d,contiguous,8,33.026369,32.132766,33.690625,1.000000,112
600M,zs,0.600000,drop_vs_d1,contiguous,8,-2.892353,-3.615218,-1.926498,0.205357,112
600M,zs,0.600000,psnr_d,contiguous,9,32.543999,31.941284,33.666783,1.000000,112
600M,zs,0.600000,drop_vs_d1,contiguous,9,-3.042399,-3.711462,-1.806408,0.187500,112
600M,zs,0.600000,psnr_d,contiguous,10,33.132728,32.042187,34.018704,1.000000,112
600M,zs,0.600000,drop_vs_d1,contiguous,10,-1.960939,-2.822516,-1.515732,0.232143,112
600M,zs,0.600000,psnr_d,contiguous,11,33.243321,32.180536,34.503941,1.000000,112
600M,zs,0.600000,drop_vs_d1,contiguous,11,-2.007553,-2.916279,-1.317604,0.258929,112
600M,zs,0.600000,gap_d1,-,1,0.782753,0.642612,0.890681,0.744000,500
600M,zs,0.800000,psnr_all,contiguous,0,32.569484,32.333418,32.912498,1.000000,500
600M,zs,0.800000,psnr_all,scattered,0,34.903735,34.622482,35.125653,1.000000,500
600M,zs,0.800000,gap_all,-,0,1.994310,1.863469,2.146441,0.988000,500
600M,zs,0.800000,psnr_d,contiguous,1,35.383800,35.138181,35.585973,1.000000,500
600M,zs,0.800000,psnr_d,scattered,1,35.393662,35.147973,35.650392,1.000000,500
600M,zs,0.800000,psnr_d,contiguous,2,33.645435,33.363545,33.825808,1.000000,500
600M,zs,0.800000,drop_vs_d1,contiguous,2,-1.804816,-2.019772,-1.665689,0.112000,500
600M,zs,0.800000,psnr_d,scattered,2,33.700420,33.401443,33.948154,1.000000,500
600M,zs,0.800000,drop_vs_d1,scattered,2,-1.653511,-1.787140,-1.503982,0.096000,500
600M,zs,0.800000,psnr_d,contiguous,3,32.902674,32.544221,33.254720,1.000000,500
600M,zs,0.800000,drop_vs_d1,contiguous,3,-2.412571,-2.617563,-2.190266,0.106000,500
600M,zs,0.800000,psnr_d,scattered,3,34.179432,33.759854,35.049291,1.000000,421
600M,zs,0.800000,drop_vs_d1,scattered,3,-1.293172,-1.702737,-0.759718,0.377672,421
600M,zs,0.800000,psnr_d,contiguous,4,32.683973,32.361609,33.123121,1.000000,500
600M,zs,0.800000,drop_vs_d1,contiguous,4,-2.664660,-2.870270,-2.460419,0.102000,500
600M,zs,0.800000,psnr_d,scattered,4,35.429678,34.494130,36.630818,1.000000,91
600M,zs,0.800000,drop_vs_d1,scattered,4,0.126166,-0.852148,1.119491,0.505495,91
600M,zs,0.800000,psnr_d,contiguous,5,32.515324,32.137496,32.847667,1.000000,500
600M,zs,0.800000,drop_vs_d1,contiguous,5,-2.683818,-2.946130,-2.425142,0.084000,500
600M,zs,0.800000,psnr_d,contiguous,6,32.321761,32.058565,32.640382,1.000000,500
600M,zs,0.800000,drop_vs_d1,contiguous,6,-2.801432,-3.138149,-2.517828,0.102000,500
600M,zs,0.800000,psnr_d,contiguous,7,32.616298,32.311034,32.914519,1.000000,500
600M,zs,0.800000,drop_vs_d1,contiguous,7,-2.641922,-2.925032,-2.361251,0.118000,500
600M,zs,0.800000,psnr_d,contiguous,8,32.316396,31.886634,32.975613,1.000000,250
600M,zs,0.800000,drop_vs_d1,contiguous,8,-3.012639,-3.438917,-2.533985,0.132000,250
600M,zs,0.800000,psnr_d,contiguous,9,32.498145,32.046733,32.770111,1.000000,250
600M,zs,0.800000,drop_vs_d1,contiguous,9,-2.856493,-3.466636,-2.467544,0.120000,250
600M,zs,0.800000,psnr_d,contiguous,10,32.178552,31.742526,32.769488,1.000000,250
600M,zs,0.800000,drop_vs_d1,contiguous,10,-3.015439,-3.477138,-2.591603,0.120000,250
600M,zs,0.800000,psnr_d,contiguous,11,31.913159,31.567407,32.458467,1.000000,250
600M,zs,0.800000,drop_vs_d1,contiguous,11,-3.236722,-3.633131,-2.830328,0.120000,250
600M,zs,0.800000,psnr_d,contiguous,12,32.184612,31.603405,32.752270,1.000000,250
600M,zs,0.800000,drop_vs_d1,contiguous,12,-3.050820,-3.572799,-2.601735,0.132000,250
600M,zs,0.800000,psnr_d,contiguous,13,32.048251,31.684023,32.612554,1.000000,250
600M,zs,0.800000,drop_vs_d1,contiguous,13,-3.277821,-3.765695,-2.770241,0.144000,250
600M,zs,0.800000,gap_d1,-,1,-0.065680,-0.207067,0.052818,0.472000,500
600M,ft,0.200000,psnr_all,contiguous,0,34.440568,34.056602,34.854015,1.000000,500
600M,ft,0.200000,psnr_all,scattered,0,37.524314,37.287823,37.811095,1.000000,500
600M,ft,0.200000,gap_all,-,0,2.697724,2.573716,2.951358,0.954000,500
600M,ft,0.200000,psnr_d,contiguous,1,35.553047,35.302599,35.866118,1.000000,500
600M,ft,0.200000,psnr_d,scattered,1,37.524314,37.290530,37.802393,1.000000,500
600M,ft,0.200000,psnr_d,contiguous,2,33.995618,33.688393,34.369296,1.000000,500
600M,ft,0.200000,drop_vs_d1,contiguous,2,-1.409778,-1.658113,-1.302332,0.156000,500
600M,ft,0.200000,psnr_d,contiguous,3,34.075324,33.503805,34.541365,1.000000,500
600M,ft,0.200000,drop_vs_d1,contiguous,3,-1.358875,-1.593696,-1.063020,0.274000,500
600M,ft,0.200000,psnr_d,contiguous,4,34.512021,32.467952,35.855339,1.000000,94
600M,ft,0.200000,drop_vs_d1,contiguous,4,-1.063259,-2.237797,-0.717364,0.361702,94
600M,ft,0.200000,psnr_d,contiguous,5,35.070530,33.379365,36.964893,1.000000,94
600M,ft,0.200000,drop_vs_d1,contiguous,5,-0.828726,-1.924002,0.107438,0.404255,94
600M,ft,0.200000,gap_d1,-,1,1.768569,1.586147,1.946842,0.880000,500
600M,ft,0.400000,psnr_all,contiguous,0,33.601106,33.390244,33.953774,1.000000,500
600M,ft,0.400000,psnr_all,scattered,0,36.942361,36.664015,37.159250,1.000000,500
600M,ft,0.400000,gap_all,-,0,2.745828,2.567018,2.940671,0.970000,500
600M,ft,0.400000,psnr_d,contiguous,1,35.462858,35.226696,35.796952,1.000000,500
600M,ft,0.400000,psnr_d,scattered,1,36.952262,36.669387,37.169698,1.000000,500
600M,ft,0.400000,psnr_d,contiguous,2,33.654770,33.387513,34.026709,1.000000,500
600M,ft,0.400000,drop_vs_d1,contiguous,2,-1.573719,-1.706915,-1.471524,0.132000,500
600M,ft,0.400000,psnr_d,scattered,2,36.802806,36.301303,37.844644,1.000000,97
600M,ft,0.400000,drop_vs_d1,scattered,2,-0.067215,-0.820428,0.835565,0.494845,97
600M,ft,0.400000,psnr_d,contiguous,3,33.326972,32.879070,33.848226,1.000000,500
600M,ft,0.400000,drop_vs_d1,contiguous,3,-1.905764,-2.136546,-1.642727,0.150000,500
600M,ft,0.400000,psnr_d,contiguous,4,33.523226,33.110987,33.820272,1.000000,500
600M,ft,0.400000,drop_vs_d1,contiguous,4,-1.785922,-2.028810,-1.604886,0.220000,500
600M,ft,0.400000,psnr_d,contiguous,5,33.866940,33.339834,34.375545,1.000000,500
600M,ft,0.400000,drop_vs_d1,contiguous,5,-1.582908,-1.964038,-1.174303,0.306000,500
600M,ft,0.400000,gap_d1,-,1,1.274372,1.149567,1.378821,0.846000,500
600M,ft,0.600000,psnr_all,contiguous,0,33.369333,33.089875,33.631436,1.000000,500
600M,ft,0.600000,psnr_all,scattered,0,35.833072,35.542503,36.119298,1.000000,500
600M,ft,0.600000,gap_all,-,0,2.295098,2.171659,2.431602,0.984000,500
600M,ft,0.600000,psnr_d,contiguous,1,35.513910,35.098710,35.796520,1.000000,500
600M,ft,0.600000,psnr_d,scattered,1,35.941653,35.753155,36.180405,1.000000,500
600M,ft,0.600000,psnr_d,contiguous,2,33.450901,33.165503,33.833853,1.000000,500
600M,ft,0.600000,drop_vs_d1,contiguous,2,-1.731607,-1.858313,-1.553709,0.100000,500
600M,ft,0.600000,psnr_d,scattered,2,34.664348,33.991871,35.124400,1.000000,474
600M,ft,0.600000,drop_vs_d1,scattered,2,-1.335738,-1.652975,-1.071907,0.305907,474
600M,ft,0.600000,psnr_d,contiguous,3,33.106578,32.815889,33.420308,1.000000,500
600M,ft,0.600000,drop_vs_d1,contiguous,3,-1.993438,-2.234793,-1.891031,0.126000,500
600M,ft,0.600000,psnr_d,contiguous,4,32.933365,32.540290,33.268029,1.000000,500
600M,ft,0.600000,drop_vs_d1,contiguous,4,-2.357739,-2.602146,-2.089595,0.128000,500
600M,ft,0.600000,psnr_d,contiguous,5,33.124109,32.743865,33.511748,1.000000,500
600M,ft,0.600000,drop_vs_d1,contiguous,5,-2.120998,-2.453461,-1.788637,0.188000,500
600M,ft,0.600000,psnr_d,contiguous,6,33.712794,33.239582,34.149860,1.000000,500
600M,ft,0.600000,drop_vs_d1,contiguous,6,-1.739278,-2.098738,-1.357117,0.278000,500
600M,ft,0.600000,psnr_d,contiguous,7,33.558886,32.719395,34.305683,1.000000,174
600M,ft,0.600000,drop_vs_d1,contiguous,7,-2.384108,-2.892182,-1.848993,0.212644,174
600M,ft,0.600000,psnr_d,contiguous,8,33.027365,31.977133,34.208354,1.000000,112
600M,ft,0.600000,drop_vs_d1,contiguous,8,-2.525130,-3.323366,-1.852280,0.250000,112
600M,ft,0.600000,psnr_d,contiguous,9,32.817735,32.005815,34.270069,1.000000,112
600M,ft,0.600000,drop_vs_d1,contiguous,9,-2.662504,-3.370534,-1.844863,0.232143,112
600M,ft,0.600000,psnr_d,contiguous,10,33.513686,32.449901,34.429329,1.000000,112
600M,ft,0.600000,drop_vs_d1,contiguous,10,-2.005998,-2.849007,-1.239607,0.250000,112
600M,ft,0.600000,psnr_d,contiguous,11,34.001251,32.632157,34.930599,1.000000,112
600M,ft,0.600000,drop_vs_d1,contiguous,11,-1.468470,-2.311190,-0.970499,0.312500,112
600M,ft,0.600000,gap_d1,-,1,0.516299,0.416289,0.624447,0.672000,500
600M,ft,0.800000,psnr_all,contiguous,0,32.565835,32.342622,32.889392,1.000000,500
600M,ft,0.800000,psnr_all,scattered,0,34.488115,34.167432,34.696497,1.000000,500
600M,ft,0.800000,gap_all,-,0,1.579939,1.486054,1.700856,0.966000,500
600M,ft,0.800000,psnr_d,contiguous,1,35.213040,34.945694,35.460380,1.000000,500
600M,ft,0.800000,psnr_d,scattered,1,34.943547,34.717993,35.225504,1.000000,500
600M,ft,0.800000,psnr_d,contiguous,2,33.467221,33.161607,33.694130,1.000000,500
600M,ft,0.800000,drop_vs_d1,contiguous,2,-1.733560,-1.950123,-1.520234,0.128000,500
600M,ft,0.800000,psnr_d,scattered,2,33.416600,33.058002,33.737937,1.000000,500
600M,ft,0.800000,drop_vs_d1,scattered,2,-1.436349,-1.606917,-1.315941,0.112000,500
600M,ft,0.800000,psnr_d,contiguous,3,33.053390,32.794983,33.369045,1.000000,500
600M,ft,0.800000,drop_vs_d1,contiguous,3,-2.136710,-2.374064,-1.948992,0.138000,500
600M,ft,0.800000,psnr_d,scattered,3,34.387102,33.967391,35.041706,1.000000,421
600M,ft,0.800000,drop_vs_d1,scattered,3,-0.774451,-1.181667,-0.332664,0.422803,421
600M,ft,0.800000,psnr_d,contiguous,4,32.807320,32.388001,33.184178,1.000000,500
600M,ft,0.800000,drop_vs_d1,contiguous,4,-2.222678,-2.515771,-1.991813,0.138000,500
600M,ft,0.800000,psnr_d,scattered,4,35.475385,34.599343,36.606590,1.000000,91
600M,ft,0.800000,drop_vs_d1,scattered,4,0.377636,-0.877875,1.485810,0.516484,91
600M,ft,0.800000,psnr_d,contiguous,5,32.525601,32.194589,32.897483,1.000000,500
600M,ft,0.800000,drop_vs_d1,contiguous,5,-2.319997,-2.630386,-2.166958,0.146000,500
600M,ft,0.800000,psnr_d,contiguous,6,32.525874,32.168952,32.878510,1.000000,500
600M,ft,0.800000,drop_vs_d1,contiguous,6,-2.436645,-2.804530,-2.176742,0.152000,500
600M,ft,0.800000,psnr_d,contiguous,7,32.701012,32.384791,33.114799,1.000000,500
600M,ft,0.800000,drop_vs_d1,contiguous,7,-2.287022,-2.596219,-2.106370,0.178000,500
600M,ft,0.800000,psnr_d,contiguous,8,32.561086,32.253745,33.047565,1.000000,250
600M,ft,0.800000,drop_vs_d1,contiguous,8,-2.545977,-2.981634,-2.264263,0.184000,250
600M,ft,0.800000,psnr_d,contiguous,9,32.534665,32.169918,33.159734,1.000000,250
600M,ft,0.800000,drop_vs_d1,contiguous,9,-2.549152,-2.999005,-2.212270,0.164000,250
600M,ft,0.800000,psnr_d,contiguous,10,32.684012,32.180647,33.152377,1.000000,250
600M,ft,0.800000,drop_vs_d1,contiguous,10,-2.624370,-2.911809,-2.260086,0.156000,250
600M,ft,0.800000,psnr_d,contiguous,11,32.491208,32.107790,32.957607,1.000000,250
600M,ft,0.800000,drop_vs_d1,contiguous,11,-2.625909,-3.102683,-2.385708,0.168000,250
600M,ft,0.800000,psnr_d,contiguous,12,32.573522,32.051418,33.034645,1.000000,250
600M,ft,0.800000,drop_vs_d1,contiguous,12,-2.581135,-3.060177,-2.083899,0.152000,250
600M,ft,0.800000,psnr_d,contiguous,13,32.491096,31.979468,33.107927,1.000000,250
600M,ft,0.800000,drop_vs_d1,contiguous,13,-2.597684,-3.186448,-2.000826,0.152000,250
600M,ft,0.800000,gap_d1,-,1,-0.309765,-0.496684,-0.154208,0.418000,500
600M,ft-zs,0.200000,G_all,contiguous,0,0.026527,-0.042984,0.103275,0.516000,500
600M,ft-zs,0.200000,G_d,contiguous,1,0.060014,-0.017254,0.125124,0.530000,500
600M,ft-zs,0.200000,G_d,contiguous,2,0.121937,0.031550,0.177528,0.556000,500
600M,ft-zs,0.200000,G_d,contiguous,3,0.034766,-0.112730,0.189423,0.512000,500
600M,ft-zs,0.200000,G_d,contiguous,4,0.211869,0.007501,0.457093,0.617021,94
600M,ft-zs,0.200000,G_d,contiguous,5,-0.012925,-0.206637,0.497062,0.500000,94
600M,ft-zs,0.400000,G_all,contiguous,0,-0.051556,-0.099698,0.016610,0.466000,500
600M,ft-zs,0.400000,G_d,contiguous,1,-0.093357,-0.159246,-0.018168,0.454000,500
600M,ft-zs,0.400000,G_d,contiguous,2,0.026732,-0.052576,0.091088,0.518000,500
600M,ft-zs,0.400000,G_d,contiguous,3,0.014277,-0.075531,0.111089,0.508000,500
600M,ft-zs,0.400000,G_d,contiguous,4,0.073355,-0.068555,0.171459,0.528000,500
600M,ft-zs,0.400000,G_d,contiguous,5,0.067490,-0.008039,0.201302,0.540000,500
600M,ft-zs,0.600000,G_all,contiguous,0,-0.064830,-0.100076,-0.020197,0.448000,500
600M,ft-zs,0.600000,G_d,contiguous,1,-0.132362,-0.174410,-0.067860,0.404000,500
600M,ft-zs,0.600000,G_d,contiguous,2,-0.056447,-0.117948,0.015139,0.466000,500
600M,ft-zs,0.600000,G_d,contiguous,3,-0.041952,-0.143883,0.063943,0.480000,500
600M,ft-zs,0.600000,G_d,contiguous,4,0.029862,-0.075034,0.088367,0.516000,500
600M,ft-zs,0.600000,G_d,contiguous,5,0.083712,-0.034331,0.177164,0.538000,500
600M,ft-zs,0.600000,G_d,contiguous,6,0.132960,-0.008708,0.260022,0.542000,500
600M,ft-zs,0.600000,G_d,contiguous,7,0.140351,-0.013242,0.318499,0.568966,174
600M,ft-zs,0.600000,G_d,contiguous,8,0.292044,0.012116,0.553749,0.598214,112
600M,ft-zs,0.600000,G_d,contiguous,9,0.295904,0.020359,0.617155,0.589286,112
600M,ft-zs,0.600000,G_d,contiguous,10,0.368327,0.058580,0.592085,0.607143,112
600M,ft-zs,0.600000,G_d,contiguous,11,0.306079,0.070190,0.538465,0.625000,112
600M,ft-zs,0.800000,G_all,contiguous,0,0.126994,0.058409,0.173196,0.568000,500
600M,ft-zs,0.800000,G_d,contiguous,1,-0.147779,-0.244714,-0.065156,0.416000,500
600M,ft-zs,0.800000,G_d,contiguous,2,-0.040929,-0.130240,0.075022,0.490000,500
600M,ft-zs,0.800000,G_d,contiguous,3,0.085946,0.011236,0.175949,0.548000,500
600M,ft-zs,0.800000,G_d,contiguous,4,0.122601,0.024128,0.212986,0.562000,500
600M,ft-zs,0.800000,G_d,contiguous,5,0.136938,0.037478,0.237957,0.572000,500
600M,ft-zs,0.800000,G_d,contiguous,6,0.179534,0.069381,0.276998,0.586000,500
600M,ft-zs,0.800000,G_d,contiguous,7,0.257328,0.186158,0.349792,0.612000,500
600M,ft-zs,0.800000,G_d,contiguous,8,0.291031,0.118054,0.480878,0.612000,250
600M,ft-zs,0.800000,G_d,contiguous,9,0.220654,0.072290,0.444235,0.588000,250
600M,ft-zs,0.800000,G_d,contiguous,10,0.382507,0.173075,0.499582,0.636000,250
600M,ft-zs,0.800000,G_d,contiguous,11,0.427466,0.244655,0.603879,0.644000,250
600M,ft-zs,0.800000,G_d,contiguous,12,0.447121,0.245935,0.579739,0.664000,250
600M,ft-zs,0.800000,G_d,contiguous,13,0.308487,0.182739,0.435531,0.636000,250
600M,ft-zs,0.200000,G_all,scattered,0,-0.064600,-0.099073,-0.028681,0.438000,500
600M,ft-zs,0.200000,G_d,scattered,1,-0.064700,-0.101104,-0.027365,0.438000,500
600M,ft-zs,0.400000,G_all,scattered,0,-0.288587,-0.319826,-0.259120,0.220000,500
600M,ft-zs,0.400000,G_d,scattered,1,-0.289234,-0.318593,-0.259929,0.220000,500
600M,ft-zs,0.400000,G_d,scattered,2,-0.125602,-0.308334,0.158391,0.453608,97
600M,ft-zs,0.600000,G_all,scattered,0,-0.348467,-0.399250,-0.313104,0.170000,500
600M,ft-zs,0.600000,G_d,scattered,1,-0.358187,-0.400592,-0.323771,0.164000,500
600M,ft-zs,0.600000,G_d,scattered,2,-0.250415,-0.367858,-0.145998,0.394515,474
600M,ft-zs,0.800000,G_all,scattered,0,-0.300701,-0.352802,-0.252394,0.262000,500
600M,ft-zs,0.800000,G_d,scattered,1,-0.329395,-0.364697,-0.286731,0.210000,500
600M,ft-zs,0.800000,G_d,scattered,2,-0.170670,-0.220629,-0.120727,0.384000,500
600M,ft-zs,0.800000,G_d,scattered,3,-0.043724,-0.128448,0.110441,0.486936,421
600M,ft-zs,0.800000,G_d,scattered,4,-0.086170,-0.403354,0.206847,0.494505,91
