backbone,ratio,zs_contig_med,ft_contig_med,zs_scatt_med,ft_scatt_med,G_contiguous_med,G_contiguous_lo,G_contiguous_hi,G_contiguous_pos,G_scattered_med,G_scattered_lo,G_scattered_hi,G_scattered_pos,gap_zeroshot_med,gap_zeroshot_lo,gap_zeroshot_hi,gap_zeroshot_pos,gap_finetuned_med,gap_finetuned_lo,gap_finetuned_hi,gap_finetuned_pos
100M,0.2,33.86,33.8,36.42,36.25,-0.008,-0.043,0.027,0.486,-0.125,-0.142,-0.101,0.27,2.192,2.096,2.328,0.988,2.078,1.969,2.184,0.99
100M,0.4,33.02,32.93,35.81,35.6,0.028,-0.015,0.083,0.534,-0.187,-0.207,-0.161,0.218,2.49,2.368,2.604,0.992,2.216,2.106,2.36,0.988
100M,0.6,32.54,32.51,35.05,34.75,0.043,0.007,0.087,0.556,-0.204,-0.228,-0.172,0.194,2.196,2.078,2.308,0.994,1.883,1.79,2.05,0.992
100M,0.8,32.06,32.11,33.69,33.56,0.147,0.091,0.191,0.64,-0.122,-0.154,-0.097,0.308,1.6,1.523,1.668,0.988,1.237,1.157,1.329,0.984
300M,0.2,34.02,34.25,36.82,36.74,0.296,0.245,0.352,0.724,-0.021,-0.061,0.008,0.464,2.531,2.442,2.625,1.0,2.221,2.096,2.31,0.99
300M,0.4,33.22,33.38,36.32,36.09,0.15,0.116,0.203,0.642,-0.175,-0.195,-0.163,0.286,2.668,2.588,2.781,0.996,2.309,2.166,2.467,0.99
300M,0.6,32.9,32.89,35.47,35.19,0.109,0.061,0.159,0.588,-0.24,-0.276,-0.212,0.224,2.334,2.215,2.445,0.998,1.959,1.848,2.115,0.994
300M,0.8,32.39,32.5,34.15,33.97,0.146,0.102,0.223,0.644,-0.174,-0.209,-0.147,0.288,1.642,1.549,1.745,0.986,1.286,1.196,1.352,0.986
600M,0.2,34.52,34.48,37.7,37.71,0.022,-0.025,0.096,0.516,0.0,-0.034,0.031,0.502,2.882,2.745,2.985,0.998,2.866,2.714,2.968,0.998
600M,0.4,33.93,33.84,37.35,37.1,-0.001,-0.055,0.05,0.5,-0.227,-0.254,-0.192,0.226,2.998,2.793,3.175,0.996,2.745,2.646,2.865,0.99
600M,0.6,33.52,33.47,36.37,35.93,0.007,-0.03,0.049,0.508,-0.318,-0.349,-0.297,0.17,2.635,2.491,2.773,0.998,2.236,2.107,2.398,0.998
600M,0.8,32.53,32.7,34.86,34.58,0.151,0.099,0.213,0.62,-0.244,-0.291,-0.215,0.224,2.078,1.94,2.24,0.998,1.641,1.543,1.749,0.994
tiny,0.2,31.85,32.95,34.64,35.13,1.098,1.047,1.15,0.984,0.535,0.514,0.56,0.984,2.433,2.315,2.576,0.994,1.875,1.809,1.989,0.982
tiny,0.4,31.32,32.23,34.33,34.5,0.876,0.812,0.935,0.948,0.269,0.249,0.291,0.902,2.69,2.572,2.792,0.996,1.962,1.831,2.141,0.982
tiny,0.6,30.97,31.82,33.68,33.83,0.829,0.756,0.888,0.93,0.168,0.144,0.206,0.774,2.47,2.333,2.58,0.996,1.656,1.577,1.765,0.99
tiny,0.8,30.59,31.46,32.62,32.75,0.789,0.695,0.893,0.912,0.218,0.185,0.255,0.798,1.812,1.734,1.936,0.994,1.173,1.107,1.273,0.99
