backbone,ratio,zs_contig_med,ft_contig_med,zs_scatt_med,ft_scatt_med,G_contiguous_med,G_contiguous_lo,G_contiguous_hi,G_contiguous_pos,G_contiguous_seedmean,G_contiguous_seedsd,G_contiguous_seedmin,G_contiguous_seedmax,G_scattered_med,G_scattered_lo,G_scattered_hi,G_scattered_pos,G_scattered_seedmean,G_scattered_seedsd,G_scattered_seedmin,G_scattered_seedmax,gap_zeroshot_med,gap_zeroshot_lo,gap_zeroshot_hi,gap_zeroshot_pos,gap_zeroshot_seedmean,gap_zeroshot_seedsd,gap_zeroshot_seedmin,gap_zeroshot_seedmax,gap_finetuned_med,gap_finetuned_lo,gap_finetuned_hi,gap_finetuned_pos,gap_finetuned_seedmean,gap_finetuned_seedsd,gap_finetuned_seedmin,gap_finetuned_seedmax,dgap_med,dgap_lo,dgap_hi,dgap_pos,dgap_seedmean,dgap_seedsd,dgap_seedmin,dgap_seedmax
100M,0.2,33.86,33.79,36.42,36.26,0.015865,-0.014664,0.04439,0.516,0.010283,0.010619,-0.00961,0.02663,-0.140303,-0.164698,-0.123449,0.256,-0.139993,0.025312,-0.20391,-0.11507,2.19225,2.095437,2.32784,0.988,2.19225,0.0,2.19225,2.19225,2.077464,1.947084,2.220162,0.99,2.067912,0.022082,2.0224,2.093,-0.126804,-0.168568,-0.07843,0.338,-0.128624,0.026756,-0.19188,-0.09666
100M,0.4,33.02,32.98,35.81,35.63,0.029006,-0.004906,0.065284,0.54,0.035993,0.013235,0.00732,0.05062,-0.200767,-0.222338,-0.17012,0.188,-0.190574,0.020316,-0.24384,-0.17557,2.48989,2.36814,2.60054,0.992,2.48989,0.0,2.48989,2.48989,2.236878,2.123372,2.34543,0.984,2.244006,0.033361,2.19588,2.28626,-0.224556,-0.25844,-0.193877,0.236,-0.219166,0.018877,-0.26568,-0.19489
100M,0.6,32.54,32.5,35.05,34.75,0.05885,0.03199,0.095404,0.578,0.072708,0.016888,0.0478,0.10917,-0.209796,-0.232588,-0.190523,0.17,-0.20564,0.020227,-0.25812,-0.18881,2.19572,2.07716,2.30389,0.994,2.19572,0.0,2.19572,2.19572,1.89419,1.784602,2.02664,0.994,1.896876,0.018516,1.86712,1.93,-0.263832,-0.300358,-0.223843,0.182,-0.262947,0.017295,-0.3016,-0.24234
100M,0.8,32.06,32.21,33.69,33.58,0.141461,0.09601,0.183038,0.664,0.154654,0.01879,0.11357,0.18725,-0.117039,-0.148522,-0.097684,0.294,-0.123144,0.015221,-0.15433,-0.10062,1.5999,1.51482,1.67123,0.988,1.5999,0.0,1.5999,1.5999,1.251728,1.168992,1.351597,0.986,1.244078,0.020453,1.21603,1.28985,-0.262197,-0.320275,-0.231691,0.174,-0.279054,0.012336,-0.2967,-0.25428
300M,0.2,34.02,34.19,36.82,36.76,0.308074,0.263128,0.349823,0.762,0.314361,0.010505,0.29235,0.32802,-0.03766,-0.065833,-0.018097,0.43,-0.031684,0.016459,-0.06072,-0.00653,2.53101,2.44208,2.62537,1.0,2.53101,0.0,2.53101,2.53101,2.181688,2.063806,2.3186,0.992,2.18029,0.034078,2.12401,2.22542,-0.355595,-0.393492,-0.321136,0.152,-0.358947,0.025326,-0.40777,-0.33741
300M,0.4,33.22,33.38,36.32,36.08,0.158141,0.116633,0.193172,0.652,0.164176,0.017931,0.13822,0.20824,-0.183309,-0.204026,-0.156862,0.256,-0.176179,0.013143,-0.19996,-0.15176,2.66786,2.58762,2.78042,0.996,2.66786,0.0,2.66786,2.66786,2.347083,2.199354,2.460948,0.99,2.338999,0.017399,2.31566,2.36253,-0.340666,-0.380394,-0.29749,0.134,-0.348592,0.012891,-0.36897,-0.33125
300M,0.6,32.9,32.89,35.47,35.19,0.107954,0.065416,0.14336,0.6,0.105435,0.015196,0.07546,0.12274,-0.253183,-0.273042,-0.22243,0.202,-0.245396,0.009589,-0.26267,-0.22862,2.33416,2.21453,2.444904,0.998,2.33416,0.0,2.33416,2.33416,2.025074,1.874658,2.099892,0.994,1.987016,0.017485,1.96095,2.01653,-0.31471,-0.37007,-0.280531,0.166,-0.320081,0.012056,-0.3352,-0.29941
300M,0.8,32.39,32.52,34.15,33.98,0.181312,0.121076,0.229065,0.646,0.171073,0.025063,0.12635,0.1951,-0.187276,-0.217412,-0.155611,0.278,-0.180941,0.008713,-0.19456,-0.16549,1.64226,1.54896,1.74654,0.986,1.64226,0.0,1.64226,1.64226,1.268926,1.197407,1.363233,0.988,1.275273,0.013798,1.25401,1.2924,-0.307944,-0.346123,-0.270102,0.174,-0.316234,0.014487,-0.3335,-0.28433
600M,0.2,34.52,34.55,37.7,37.69,0.061758,-0.002888,0.093544,0.542,0.061629,0.022583,0.02089,0.0904,0.007792,-0.018483,0.041574,0.512,0.022191,0.044471,-0.07253,0.06284,2.88236,2.74476,2.9906,0.998,2.88236,0.0,2.88236,2.88236,2.819931,2.653496,3.005919,0.998,2.827476,0.026578,2.7623,2.85268,-0.006976,-0.037174,0.024486,0.49,-0.002865,0.032932,-0.06625,0.03953
600M,0.4,33.93,33.89,37.35,37.09,0.019304,-0.036958,0.080209,0.514,0.022266,0.031859,-0.03852,0.05858,-0.198679,-0.225894,-0.171059,0.242,-0.195943,0.042768,-0.29734,-0.16795,2.99795,2.79352,3.17475,0.996,2.99795,0.0,2.99795,2.99795,2.801641,2.669476,2.938948,0.992,2.793429,0.016499,2.76416,2.81975,-0.197526,-0.239844,-0.153926,0.266,-0.199611,0.026528,-0.23767,-0.15032
600M,0.6,33.52,33.45,36.37,35.97,0.055551,0.008542,0.092486,0.548,0.044578,0.03996,-0.04182,0.07708,-0.318847,-0.34594,-0.279263,0.182,-0.30713,0.026951,-0.36737,-0.27963,2.63459,2.494632,2.776408,0.998,2.63459,0.0,2.63459,2.63459,2.285843,2.128274,2.387669,0.996,2.269795,0.019909,2.24466,2.29831,-0.333959,-0.367284,-0.282987,0.16,-0.328455,0.01826,-0.36008,-0.3005
600M,0.8,32.53,32.71,34.86,34.58,0.172975,0.140605,0.224128,0.656,0.192057,0.047474,0.09911,0.25965,-0.231252,-0.271654,-0.209355,0.248,-0.236138,0.026366,-0.29296,-0.1992,2.07774,1.94072,2.2401,0.998,2.07774,0.0,2.07774,2.07774,1.662404,1.568352,1.736262,0.996,1.646456,0.025776,1.60968,1.68896,-0.428552,-0.467763,-0.375887,0.13,-0.420073,0.024153,-0.45129,-0.39269
tiny,0.2,31.85,32.93,34.64,35.11,1.054699,1.003593,1.13695,0.984,1.068683,0.045315,0.95995,1.11423,0.499445,0.479575,0.52714,0.984,0.50485,0.058097,0.35358,0.55312,2.43346,2.314618,2.5756,0.994,2.43346,0.0,2.43346,2.43346,1.877632,1.774565,1.962032,0.98,1.854636,0.021963,1.81978,1.89148,-0.545301,-0.582097,-0.489963,0.08,-0.547833,0.024928,-0.59308,-0.50508
tiny,0.4,31.32,32.25,34.33,34.51,0.863406,0.809012,0.922965,0.95,0.869426,0.031465,0.78882,0.9012,0.253482,0.231013,0.281577,0.884,0.25667,0.048005,0.13433,0.29934,2.69021,2.57246,2.7953,0.996,2.69021,0.0,2.69021,2.69021,1.950815,1.834536,2.084904,0.982,1.954565,0.022515,1.91482,1.98257,-0.609328,-0.65365,-0.551461,0.102,-0.607099,0.015758,-0.63579,-0.58878
tiny,0.6,30.97,31.85,33.68,33.8,0.803976,0.741683,0.885029,0.938,0.82258,0.036187,0.73519,0.85403,0.153022,0.132174,0.180261,0.76,0.159691,0.037144,0.06653,0.19706,2.46971,2.333,2.580076,0.996,2.46971,0.0,2.46971,2.46971,1.674464,1.605816,1.753715,0.99,1.677895,0.016543,1.64132,1.696,-0.626172,-0.70004,-0.580014,0.084,-0.641701,0.018897,-0.6855,-0.61899
tiny,0.8,30.59,31.5,32.62,32.76,0.777286,0.71139,0.85793,0.924,0.790545,0.037439,0.70017,0.83918,0.198105,0.170619,0.228008,0.796,0.203272,0.02869,0.13167,0.23282,1.81195,1.73438,1.927593,0.994,1.81195,0.0,1.81195,1.81195,1.202504,1.087316,1.283517,0.988,1.180832,0.012569,1.16048,1.19881,-0.539354,-0.602352,-0.496967,0.12,-0.552912,0.014392,-0.57685,-0.53325
