backbone,mask_ratio,geometry,n,zeroshot_mean_psnr,finetuned_mean_psnr,delta_mean_psnr,zeroshot_median_psnr,finetuned_median_psnr
tiny,0.2,block,2500,32.031,33.214,1.183,31.94,32.962
tiny,0.2,random,2500,34.646,35.227,0.581,34.56,35.092
tiny,0.4,block,2500,31.546,32.525,0.978,31.342,32.114
tiny,0.4,random,2500,34.406,34.73,0.325,34.292,34.528
tiny,0.6,block,2500,31.194,32.105,0.911,31.047,31.824
tiny,0.6,random,2500,33.841,34.05,0.208,33.684,33.828
tiny,0.8,block,2500,30.825,31.705,0.88,30.671,31.435
tiny,0.8,random,2500,32.803,33.069,0.266,32.563,32.79
100M,0.2,block,2500,34.122,34.126,0.003,33.935,33.854
100M,0.2,random,2500,36.519,36.398,-0.121,36.356,36.243
100M,0.4,block,2500,33.24,33.298,0.058,32.909,32.906
100M,0.4,random,2500,35.976,35.799,-0.178,35.843,35.571
100M,0.6,block,2500,32.75,32.84,0.09,32.509,32.534
100M,0.6,random,2500,35.206,34.998,-0.208,34.986,34.72
100M,0.8,block,2500,32.254,32.454,0.2,32.068,32.204
100M,0.8,random,2500,34.002,33.869,-0.133,33.691,33.509
300M,0.2,block,2500,34.171,34.563,0.392,33.966,34.264
300M,0.2,random,2500,36.901,36.923,0.022,36.761,36.716
300M,0.4,block,2500,33.484,33.716,0.231,33.196,33.304
300M,0.4,random,2500,36.432,36.298,-0.134,36.275,36.025
300M,0.6,block,2500,33.11,33.26,0.15,32.977,32.911
300M,0.6,random,2500,35.684,35.47,-0.214,35.447,35.173
300M,0.8,block,2500,32.645,32.86,0.215,32.487,32.551
300M,0.8,random,2500,34.455,34.318,-0.137,34.151,33.983
600M,0.2,block,2500,34.783,34.876,0.093,34.584,34.596
600M,0.2,random,2500,37.855,37.94,0.085,37.672,37.678
600M,0.4,block,2500,34.148,34.192,0.045,33.902,33.833
600M,0.4,random,2500,37.449,37.269,-0.18,37.274,37.068
600M,0.6,block,2500,33.69,33.757,0.067,33.488,33.439
600M,0.6,random,2500,36.597,36.303,-0.294,36.302,35.945
600M,0.8,block,2500,32.789,33.049,0.26,32.549,32.681
600M,0.8,random,2500,35.118,34.895,-0.223,34.873,34.54
