chip,complexity,rank,edge_density,spatial_std,entropy,edge_norm,std_norm,entropy_norm
chip_140_470_merged.tif,0.8268,1,0.2015,0.2441,15.5958,0.591,0.927,0.963
chip_217_425_merged.tif,0.8229,2,0.2348,0.2222,15.5878,0.779,0.760,0.930
chip_173_503_merged.tif,0.8228,3,0.2369,0.2200,15.5889,0.791,0.743,0.934
chip_243_589_merged.tif,0.8196,4,0.2083,0.2453,15.5791,0.629,0.936,0.894
chip_248_585_merged.tif,0.8089,5,0.2030,0.2399,15.5886,0.599,0.895,0.933
chip_200_441_merged.tif,0.8049,6,0.2036,0.2431,15.5790,0.602,0.919,0.893
chip_030_076_merged.tif,0.8030,7,0.2657,0.2016,15.5689,0.954,0.603,0.852
chip_178_497_merged.tif,0.7910,8,0.1907,0.2508,15.5723,0.530,0.978,0.866
chip_128_506_merged.tif,0.7910,9,0.2127,0.2306,15.5793,0.654,0.824,0.895
chip_163_519_merged.tif,0.7908,10,0.2238,0.2289,15.5672,0.717,0.811,0.845
chip_179_506_merged.tif,0.7869,11,0.2310,0.2148,15.5804,0.757,0.704,0.899
chip_245_593_merged.tif,0.7865,12,0.1947,0.2391,15.5851,0.552,0.889,0.919
chip_165_520_merged.tif,0.7864,13,0.2313,0.2197,15.5706,0.760,0.741,0.859
chip_144_496_merged.tif,0.7863,14,0.2191,0.2239,15.5795,0.690,0.773,0.895
chip_170_579_merged.tif,0.7826,15,0.2611,0.1851,15.5909,0.928,0.477,0.942
chip_319_529_merged.tif,0.7806,16,0.1928,0.2342,15.5925,0.541,0.851,0.949
chip_106_107_merged.tif,0.7784,17,0.2720,0.1897,15.5644,0.990,0.513,0.833
chip_316_543_merged.tif,0.7760,18,0.1744,0.2537,15.5784,0.437,1.000,0.891
chip_162_370_merged.tif,0.7753,19,0.2393,0.2129,15.5641,0.805,0.689,0.832
chip_276_083_merged.tif,0.7727,20,0.1778,0.2378,15.6005,0.457,0.879,0.982
chip_135_494_merged.tif,0.7723,21,0.2078,0.2349,15.5646,0.626,0.857,0.834
chip_164_475_merged.tif,0.7703,22,0.2301,0.2277,15.5458,0.753,0.802,0.756
chip_138_474_merged.tif,0.7698,23,0.2351,0.2041,15.5822,0.781,0.622,0.907
chip_244_594_merged.tif,0.7693,24,0.1973,0.2322,15.5816,0.567,0.836,0.904
chip_125_503_merged.tif,0.7687,25,0.2090,0.2286,15.5719,0.633,0.809,0.864
chip_160_591_merged.tif,0.7686,26,0.2568,0.1934,15.5712,0.904,0.541,0.861
chip_317_528_merged.tif,0.7675,27,0.2062,0.2200,15.5908,0.617,0.743,0.942
chip_151_501_merged.tif,0.7667,28,0.2383,0.2074,15.5695,0.799,0.647,0.854
chip_136_495_merged.tif,0.7664,29,0.2262,0.2248,15.5536,0.730,0.780,0.789
chip_175_400_merged.tif,0.7661,30,0.2455,0.1882,15.5945,0.840,0.501,0.957
chip_270_408_merged.tif,0.7655,31,0.1895,0.2394,15.5764,0.523,0.891,0.883
chip_264_434_merged.tif,0.7653,32,0.2493,0.1963,15.5738,0.861,0.563,0.872
chip_248_589_merged.tif,0.7650,33,0.2091,0.2284,15.5693,0.634,0.808,0.854
chip_133_473_merged.tif,0.7635,34,0.2196,0.2113,15.5855,0.693,0.677,0.920
chip_210_444_merged.tif,0.7632,35,0.1986,0.2298,15.5798,0.574,0.818,0.897
chip_039_111_merged.tif,0.7630,36,0.2521,0.1822,15.5945,0.877,0.455,0.957
chip_138_426_merged.tif,0.7622,37,0.2505,0.1977,15.5673,0.868,0.573,0.845
chip_121_466_merged.tif,0.7616,38,0.2057,0.2250,15.5778,0.614,0.782,0.889
chip_317_529_merged.tif,0.7597,39,0.2132,0.2261,15.5642,0.657,0.789,0.832
chip_208_417_merged.tif,0.7586,40,0.2690,0.1987,15.5376,0.973,0.581,0.723
chip_136_485_merged.tif,0.7584,41,0.2125,0.2191,15.5772,0.653,0.736,0.886
chip_107_106_merged.tif,0.7571,42,0.2207,0.2058,15.5896,0.699,0.635,0.937
chip_125_436_merged.tif,0.7569,43,0.1968,0.2208,15.5945,0.564,0.749,0.957
chip_163_537_merged.tif,0.7551,44,0.2292,0.2089,15.5708,0.747,0.658,0.859
chip_060_118_merged.tif,0.7548,45,0.2540,0.1793,15.5910,0.888,0.433,0.943
chip_220_257_merged.tif,0.7532,46,0.2313,0.1984,15.5859,0.759,0.578,0.922
chip_131_404_merged.tif,0.7528,47,0.2492,0.1806,15.5938,0.861,0.443,0.955
chip_122_507_merged.tif,0.7524,48,0.2008,0.2406,15.5491,0.587,0.900,0.770
chip_115_438_merged.tif,0.7518,49,0.2259,0.2105,15.5699,0.729,0.671,0.856
chip_123_507_merged.tif,0.7516,50,0.2001,0.2353,15.5593,0.582,0.860,0.812
chip_153_469_merged.tif,0.7515,51,0.1994,0.2320,15.5663,0.579,0.835,0.841
chip_154_484_merged.tif,0.7514,52,0.2183,0.2060,15.5884,0.685,0.637,0.932
chip_163_593_merged.tif,0.7504,53,0.2458,0.1952,15.5698,0.841,0.555,0.856
chip_086_203_merged.tif,0.7488,54,0.2373,0.2115,15.5502,0.793,0.679,0.775
chip_151_489_merged.tif,0.7482,55,0.2344,0.2011,15.5731,0.777,0.599,0.869
chip_137_437_merged.tif,0.7481,56,0.2456,0.2073,15.5461,0.840,0.647,0.758
chip_135_434_merged.tif,0.7479,57,0.2302,0.2162,15.5506,0.753,0.714,0.776
chip_071_257_merged.tif,0.7473,58,0.2551,0.1769,15.5887,0.894,0.415,0.933
chip_186_488_merged.tif,0.7472,59,0.2030,0.2266,15.5681,0.599,0.794,0.849
chip_054_264_merged.tif,0.7465,60,0.2438,0.1836,15.5912,0.830,0.466,0.944
chip_092_322_merged.tif,0.7465,61,0.2660,0.1877,15.5530,0.956,0.497,0.786
chip_264_583_merged.tif,0.7464,62,0.2179,0.2137,15.5709,0.684,0.695,0.860
chip_151_604_merged.tif,0.7458,63,0.2202,0.1963,15.5995,0.696,0.563,0.978
chip_135_472_merged.tif,0.7452,64,0.2318,0.2115,15.5550,0.762,0.679,0.795
chip_083_208_merged.tif,0.7439,65,0.2504,0.1891,15.5699,0.867,0.508,0.856
chip_169_398_merged.tif,0.7437,66,0.2485,0.1759,15.5969,0.857,0.407,0.967
chip_219_603_merged.tif,0.7437,67,0.2031,0.2352,15.5498,0.599,0.859,0.773
chip_152_404_merged.tif,0.7432,68,0.2252,0.2051,15.5745,0.725,0.630,0.875
chip_165_524_merged.tif,0.7426,69,0.2310,0.2058,15.5649,0.758,0.635,0.835
chip_266_434_merged.tif,0.7418,70,0.2226,0.2068,15.5740,0.710,0.643,0.873
chip_074_351_merged.tif,0.7413,71,0.2668,0.1912,15.5418,0.960,0.524,0.740
chip_138_494_merged.tif,0.7410,72,0.2277,0.2124,15.5561,0.739,0.685,0.799
chip_138_495_merged.tif,0.7407,73,0.2336,0.2139,15.5450,0.772,0.697,0.753
chip_246_583_merged.tif,0.7406,74,0.2279,0.2108,15.5585,0.740,0.673,0.809
chip_141_484_merged.tif,0.7393,75,0.2035,0.2243,15.5660,0.602,0.776,0.840
chip_057_118_merged.tif,0.7381,76,0.2312,0.1911,15.5885,0.758,0.523,0.933
chip_280_560_merged.tif,0.7378,77,0.1875,0.2269,15.5821,0.511,0.796,0.906
chip_166_524_merged.tif,0.7377,78,0.2244,0.1997,15.5816,0.720,0.589,0.904
chip_313_236_merged.tif,0.7364,79,0.2430,0.1794,15.5926,0.826,0.434,0.950
chip_152_479_merged.tif,0.7364,80,0.2006,0.2232,15.5698,0.586,0.768,0.855
chip_155_408_merged.tif,0.7362,81,0.2409,0.1999,15.5577,0.813,0.590,0.805
chip_148_483_merged.tif,0.7359,82,0.2029,0.2246,15.5638,0.599,0.778,0.831
chip_253_587_merged.tif,0.7359,83,0.2026,0.2142,15.5834,0.597,0.699,0.911
chip_142_498_merged.tif,0.7353,84,0.2237,0.2124,15.5574,0.716,0.686,0.804
chip_116_208_merged.tif,0.7347,85,0.2251,0.2073,15.5644,0.724,0.647,0.833
chip_159_406_merged.tif,0.7334,86,0.2256,0.1964,15.5831,0.727,0.563,0.910
chip_179_579_merged.tif,0.7333,87,0.2463,0.1802,15.5844,0.844,0.440,0.916
chip_257_445_merged.tif,0.7333,88,0.2344,0.2016,15.5613,0.777,0.603,0.820
chip_330_499_merged.tif,0.7332,89,0.2165,0.2002,15.5883,0.675,0.593,0.932
chip_188_404_merged.tif,0.7330,90,0.2453,0.1974,15.5538,0.838,0.571,0.790
chip_171_346_merged.tif,0.7326,91,0.2193,0.2075,15.5705,0.692,0.648,0.858
chip_036_147_merged.tif,0.7320,92,0.2382,0.2069,15.5452,0.799,0.643,0.754
chip_236_600_merged.tif,0.7313,93,0.1938,0.2201,15.5813,0.547,0.744,0.903
chip_246_444_merged.tif,0.7312,94,0.2338,0.1962,15.5704,0.773,0.562,0.858
chip_234_445_merged.tif,0.7303,95,0.2111,0.2103,15.5748,0.645,0.670,0.876
chip_240_588_merged.tif,0.7300,96,0.2017,0.2290,15.5530,0.592,0.812,0.786
chip_322_417_merged.tif,0.7300,97,0.2072,0.2378,15.5294,0.623,0.879,0.689
chip_119_323_merged.tif,0.7300,98,0.2407,0.1863,15.5785,0.812,0.486,0.891
chip_185_368_merged.tif,0.7298,99,0.2194,0.2010,15.5804,0.692,0.598,0.899
chip_118_448_merged.tif,0.7298,100,0.2474,0.2039,15.5366,0.850,0.620,0.719
chip_202_388_merged.tif,0.7293,101,0.2366,0.2159,15.5288,0.789,0.712,0.686
chip_183_520_merged.tif,0.7276,102,0.2281,0.1975,15.5734,0.741,0.572,0.870
chip_202_439_merged.tif,0.7272,103,0.1956,0.2239,15.5688,0.557,0.773,0.851
chip_151_592_merged.tif,0.7271,104,0.2329,0.1805,15.5979,0.768,0.442,0.971
chip_139_488_merged.tif,0.7270,105,0.2274,0.2106,15.5495,0.737,0.672,0.772
chip_092_320_merged.tif,0.7267,106,0.2475,0.1926,15.5550,0.851,0.534,0.795
chip_136_435_merged.tif,0.7263,107,0.2173,0.2120,15.5603,0.680,0.683,0.816
chip_152_490_merged.tif,0.7262,108,0.2274,0.1955,15.5768,0.737,0.557,0.884
chip_079_220_merged.tif,0.7254,109,0.2214,0.1941,15.5872,0.703,0.546,0.927
chip_107_105_merged.tif,0.7251,110,0.1981,0.2191,15.5727,0.572,0.737,0.867
chip_419_323_merged.tif,0.7241,111,0.2590,0.1755,15.5690,0.916,0.404,0.852
chip_236_595_merged.tif,0.7230,112,0.1983,0.2162,15.5762,0.573,0.715,0.882
chip_147_489_merged.tif,0.7226,113,0.2208,0.2134,15.5504,0.700,0.693,0.775
chip_327_511_merged.tif,0.7217,114,0.1901,0.2093,15.5994,0.526,0.662,0.977
chip_236_367_merged.tif,0.7215,115,0.2071,0.2056,15.5826,0.622,0.634,0.908
chip_182_579_merged.tif,0.7210,116,0.2337,0.1771,15.5986,0.773,0.416,0.974
chip_296_540_merged.tif,0.7202,117,0.1885,0.2163,15.5875,0.517,0.715,0.928
chip_119_505_merged.tif,0.7198,118,0.1733,0.2438,15.5572,0.431,0.925,0.803
chip_317_545_merged.tif,0.7196,119,0.1698,0.2308,15.5859,0.411,0.826,0.922
chip_095_323_merged.tif,0.7190,120,0.2447,0.1949,15.5490,0.835,0.552,0.770
chip_142_427_merged.tif,0.7187,121,0.2362,0.2060,15.5400,0.787,0.637,0.732
chip_091_324_merged.tif,0.7177,122,0.2738,0.1896,15.5178,1.000,0.512,0.641
chip_141_493_merged.tif,0.7173,123,0.2391,0.1971,15.5516,0.803,0.569,0.780
chip_243_452_merged.tif,0.7171,124,0.2276,0.2149,15.5342,0.739,0.704,0.709
chip_254_443_merged.tif,0.7163,125,0.1956,0.2291,15.5513,0.557,0.813,0.779
chip_083_175_merged.tif,0.7157,126,0.2371,0.1874,15.5709,0.792,0.495,0.860
chip_139_491_merged.tif,0.7148,127,0.2297,0.2019,15.5537,0.750,0.605,0.789
chip_202_016_merged.tif,0.7144,128,0.2506,0.1766,15.5714,0.869,0.412,0.862
chip_065_348_merged.tif,0.7143,129,0.2210,0.2187,15.5342,0.701,0.733,0.708
chip_105_103_merged.tif,0.7135,130,0.2338,0.2059,15.5397,0.773,0.636,0.731
chip_039_108_merged.tif,0.7127,131,0.2428,0.1666,15.5993,0.825,0.336,0.977
chip_147_393_merged.tif,0.7118,132,0.2383,0.1907,15.5602,0.799,0.520,0.816
chip_060_117_merged.tif,0.7114,133,0.2291,0.1764,15.5991,0.747,0.411,0.977
chip_225_357_merged.tif,0.7103,134,0.2130,0.2026,15.5719,0.655,0.611,0.864
chip_270_475_merged.tif,0.7099,135,0.2043,0.1983,15.5917,0.606,0.578,0.946
chip_225_371_merged.tif,0.7099,136,0.2031,0.2161,15.5604,0.600,0.713,0.817
chip_236_448_merged.tif,0.7099,137,0.1833,0.2193,15.5816,0.487,0.738,0.904
chip_084_207_merged.tif,0.7098,138,0.2461,0.1926,15.5446,0.843,0.535,0.752
chip_146_489_merged.tif,0.7092,139,0.2146,0.2109,15.5536,0.665,0.674,0.788
chip_131_472_merged.tif,0.7090,140,0.2002,0.2109,15.5734,0.583,0.674,0.870
chip_292_552_merged.tif,0.7090,141,0.2023,0.2061,15.5793,0.595,0.637,0.895
chip_063_116_merged.tif,0.7087,142,0.2393,0.1728,15.5898,0.804,0.384,0.938
chip_124_441_merged.tif,0.7079,143,0.2271,0.1968,15.5616,0.735,0.567,0.822
chip_370_343_merged.tif,0.7078,144,0.1777,0.2279,15.5718,0.456,0.803,0.864
chip_267_566_merged.tif,0.7075,145,0.2006,0.2099,15.5735,0.585,0.666,0.871
chip_152_478_merged.tif,0.7074,146,0.1776,0.2244,15.5783,0.455,0.777,0.890
chip_232_372_merged.tif,0.7071,147,0.1895,0.2163,15.5765,0.523,0.715,0.883
chip_141_491_merged.tif,0.7066,148,0.2277,0.1944,15.5643,0.739,0.548,0.833
chip_200_415_merged.tif,0.7063,149,0.2204,0.2047,15.5551,0.698,0.627,0.795
chip_315_516_merged.tif,0.7060,150,0.1823,0.2124,15.5928,0.482,0.686,0.951
chip_136_471_merged.tif,0.7058,151,0.2512,0.1920,15.5360,0.872,0.530,0.716
chip_141_475_merged.tif,0.7051,152,0.2023,0.2189,15.5529,0.595,0.735,0.786
chip_250_585_merged.tif,0.7042,153,0.2042,0.2089,15.5680,0.606,0.659,0.848
chip_155_483_merged.tif,0.7039,154,0.1995,0.2077,15.5765,0.579,0.649,0.883
chip_224_440_merged.tif,0.7031,155,0.1950,0.2101,15.5776,0.554,0.668,0.888
chip_244_446_merged.tif,0.7015,156,0.2143,0.2038,15.5617,0.663,0.620,0.822
chip_167_437_merged.tif,0.7009,157,0.2085,0.2008,15.5747,0.630,0.597,0.876
chip_166_587_merged.tif,0.7008,158,0.2337,0.1921,15.5561,0.773,0.531,0.799
chip_151_248_merged.tif,0.7007,159,0.2142,0.2065,15.5562,0.662,0.640,0.800
chip_223_491_merged.tif,0.7004,160,0.2483,0.1945,15.5312,0.856,0.549,0.696
chip_329_512_merged.tif,0.6999,161,0.1876,0.2008,15.6027,0.512,0.597,0.991
chip_238_458_merged.tif,0.6993,162,0.2167,0.1867,15.5884,0.676,0.489,0.932
chip_157_480_merged.tif,0.6989,163,0.2294,0.1996,15.5467,0.748,0.588,0.760
chip_123_393_merged.tif,0.6984,164,0.2547,0.1937,15.5226,0.892,0.543,0.661
chip_204_506_merged.tif,0.6981,165,0.2358,0.1871,15.5604,0.785,0.493,0.817
chip_123_434_merged.tif,0.6979,166,0.1972,0.2068,15.5769,0.566,0.643,0.885
chip_191_403_merged.tif,0.6977,167,0.2306,0.2055,15.5333,0.755,0.633,0.705
chip_111_421_merged.tif,0.6976,168,0.1815,0.2341,15.5477,0.477,0.851,0.764
chip_147_486_merged.tif,0.6967,169,0.1935,0.2153,15.5655,0.545,0.707,0.838
chip_333_509_merged.tif,0.6967,170,0.1867,0.2160,15.5734,0.507,0.713,0.870
chip_130_445_merged.tif,0.6961,171,0.2485,0.1922,15.5322,0.857,0.531,0.700
chip_272_450_merged.tif,0.6955,172,0.1857,0.2167,15.5726,0.501,0.718,0.867
chip_032_111_merged.tif,0.6945,173,0.2244,0.1863,15.5749,0.720,0.487,0.877
chip_142_497_merged.tif,0.6941,174,0.2355,0.1923,15.5483,0.783,0.533,0.767
chip_114_505_merged.tif,0.6933,175,0.1783,0.2360,15.5455,0.459,0.865,0.755
chip_379_328_merged.tif,0.6926,176,0.2456,0.1635,15.5866,0.840,0.313,0.925
chip_194_329_merged.tif,0.6919,177,0.1997,0.1913,15.5978,0.580,0.525,0.971
chip_066_347_merged.tif,0.6915,178,0.2411,0.1814,15.5591,0.815,0.449,0.811
chip_097_328_merged.tif,0.6915,179,0.2159,0.1967,15.5652,0.672,0.566,0.837
chip_155_479_merged.tif,0.6915,180,0.1911,0.2116,15.5716,0.532,0.680,0.863
chip_109_416_merged.tif,0.6907,181,0.1787,0.2401,15.5355,0.461,0.897,0.714
chip_163_371_merged.tif,0.6895,182,0.2083,0.2007,15.5668,0.629,0.596,0.843
chip_075_347_merged.tif,0.6892,183,0.2613,0.1962,15.5022,0.929,0.562,0.577
chip_181_413_merged.tif,0.6880,184,0.2194,0.1903,15.5698,0.692,0.517,0.856
chip_147_440_merged.tif,0.6873,185,0.2318,0.1992,15.5358,0.762,0.585,0.715
chip_105_104_merged.tif,0.6865,186,0.2008,0.2190,15.5412,0.586,0.735,0.738
chip_055_200_merged.tif,0.6864,187,0.2384,0.1641,15.5908,0.800,0.317,0.942
chip_332_499_merged.tif,0.6863,188,0.1879,0.2020,15.5900,0.514,0.606,0.939
chip_147_479_merged.tif,0.6855,189,0.2133,0.1945,15.5685,0.657,0.549,0.850
chip_171_586_merged.tif,0.6845,190,0.2206,0.1923,15.5618,0.698,0.532,0.822
chip_322_543_merged.tif,0.6845,191,0.1827,0.2146,15.5727,0.484,0.702,0.867
chip_333_515_merged.tif,0.6841,192,0.2034,0.1923,15.5852,0.601,0.532,0.919
chip_124_433_merged.tif,0.6834,193,0.2006,0.2093,15.5572,0.585,0.662,0.803
chip_146_494_merged.tif,0.6834,194,0.2035,0.2080,15.5555,0.602,0.652,0.797
chip_173_586_merged.tif,0.6821,195,0.2186,0.1847,15.5770,0.687,0.474,0.885
chip_250_589_merged.tif,0.6820,196,0.2049,0.2021,15.5635,0.610,0.607,0.830
chip_094_329_merged.tif,0.6819,197,0.2333,0.1961,15.5355,0.770,0.561,0.714
chip_151_240_merged.tif,0.6816,198,0.1931,0.2007,15.5819,0.543,0.596,0.905
chip_146_495_merged.tif,0.6812,199,0.2118,0.2014,15.5546,0.649,0.602,0.793
chip_139_390_merged.tif,0.6807,200,0.2352,0.1914,15.5408,0.781,0.525,0.736
chip_064_354_merged.tif,0.6798,201,0.2208,0.2104,15.5247,0.700,0.670,0.669
chip_327_516_merged.tif,0.6794,202,0.1946,0.1934,15.5918,0.551,0.541,0.946
chip_206_391_merged.tif,0.6793,203,0.2641,0.2048,15.4753,0.945,0.627,0.466
chip_253_595_merged.tif,0.6788,204,0.1931,0.2121,15.5588,0.543,0.683,0.810
chip_270_477_merged.tif,0.6788,205,0.2169,0.1838,15.5784,0.678,0.468,0.891
chip_201_457_merged.tif,0.6776,206,0.1903,0.2266,15.5351,0.527,0.794,0.712
chip_233_478_merged.tif,0.6770,207,0.1550,0.2291,15.5783,0.327,0.813,0.891
chip_237_598_merged.tif,0.6765,208,0.1698,0.2298,15.5565,0.411,0.818,0.800
chip_159_403_merged.tif,0.6761,209,0.2249,0.2066,15.5234,0.723,0.641,0.664
chip_329_493_merged.tif,0.6753,210,0.2043,0.1867,15.5879,0.607,0.489,0.930
chip_248_445_merged.tif,0.6752,211,0.2341,0.1965,15.5288,0.775,0.564,0.686
chip_234_591_merged.tif,0.6734,212,0.1990,0.2119,15.5472,0.577,0.682,0.762
chip_155_475_merged.tif,0.6725,213,0.1961,0.2331,15.5114,0.560,0.843,0.614
chip_236_450_merged.tif,0.6719,214,0.2153,0.2007,15.5445,0.669,0.596,0.751
chip_117_438_merged.tif,0.6717,215,0.2099,0.1931,15.5658,0.638,0.538,0.839
chip_241_475_merged.tif,0.6699,216,0.2222,0.1973,15.5398,0.708,0.570,0.732
chip_214_429_merged.tif,0.6697,217,0.2084,0.1888,15.5742,0.630,0.506,0.874
chip_093_331_merged.tif,0.6695,218,0.2117,0.1876,15.5718,0.648,0.496,0.864
chip_092_214_merged.tif,0.6694,219,0.2132,0.1743,15.5942,0.657,0.395,0.956
chip_207_334_merged.tif,0.6691,220,0.1966,0.1866,15.5941,0.563,0.489,0.956
chip_010_063_merged.tif,0.6682,221,0.2307,0.2075,15.5081,0.756,0.648,0.601
chip_139_473_merged.tif,0.6678,222,0.2123,0.2105,15.5274,0.652,0.671,0.681
chip_116_447_merged.tif,0.6677,223,0.2310,0.2007,15.5198,0.758,0.596,0.649
chip_109_334_merged.tif,0.6671,224,0.2142,0.1863,15.5692,0.662,0.486,0.853
chip_224_439_merged.tif,0.6671,225,0.1675,0.2168,15.5767,0.398,0.719,0.884
chip_093_213_merged.tif,0.6671,226,0.2140,0.1706,15.5982,0.661,0.367,0.973
chip_215_310_merged.tif,0.6670,227,0.1687,0.2052,15.5966,0.405,0.630,0.966
chip_365_309_merged.tif,0.6664,228,0.2180,0.1763,15.5819,0.684,0.410,0.905
chip_331_495_merged.tif,0.6661,229,0.1964,0.1923,15.5816,0.562,0.532,0.904
chip_341_534_merged.tif,0.6657,230,0.2028,0.2055,15.5482,0.598,0.633,0.766
chip_185_399_merged.tif,0.6654,231,0.2281,0.2044,15.5154,0.741,0.625,0.631
chip_354_327_merged.tif,0.6642,232,0.2207,0.1864,15.5578,0.699,0.487,0.806
chip_325_314_merged.tif,0.6636,233,0.2462,0.1541,15.5821,0.843,0.241,0.906
chip_174_360_merged.tif,0.6636,234,0.2338,0.1985,15.5171,0.774,0.579,0.638
chip_131_429_merged.tif,0.6635,235,0.2307,0.2037,15.5117,0.756,0.619,0.616
chip_314_519_merged.tif,0.6633,236,0.1647,0.2164,15.5785,0.382,0.716,0.891
chip_267_453_merged.tif,0.6629,237,0.1718,0.2157,15.5698,0.423,0.711,0.855
chip_239_336_merged.tif,0.6628,238,0.2094,0.1886,15.5682,0.635,0.504,0.849
chip_185_408_merged.tif,0.6627,239,0.2350,0.1857,15.5383,0.780,0.482,0.726
chip_156_008_merged.tif,0.6627,240,0.2392,0.1945,15.5162,0.804,0.549,0.634
chip_179_603_merged.tif,0.6626,241,0.1979,0.2144,15.5361,0.570,0.701,0.716
chip_222_369_merged.tif,0.6618,242,0.1849,0.2122,15.5575,0.496,0.684,0.805
chip_370_342_merged.tif,0.6616,243,0.1714,0.2182,15.5649,0.420,0.729,0.835
chip_324_316_merged.tif,0.6616,244,0.2341,0.1653,15.5766,0.775,0.326,0.883
chip_396_322_merged.tif,0.6615,245,0.2319,0.1577,15.5935,0.763,0.268,0.953
chip_064_352_merged.tif,0.6611,246,0.2473,0.1968,15.4998,0.850,0.567,0.567
chip_089_360_merged.tif,0.6600,247,0.2026,0.2112,15.5338,0.597,0.676,0.707
chip_214_329_merged.tif,0.6599,248,0.2014,0.1816,15.5901,0.590,0.451,0.939
chip_038_107_merged.tif,0.6598,249,0.2416,0.1703,15.5557,0.818,0.364,0.797
chip_182_606_merged.tif,0.6592,250,0.2188,0.2016,15.5287,0.689,0.603,0.686
chip_268_410_merged.tif,0.6575,251,0.1529,0.2225,15.5792,0.316,0.762,0.894
chip_137_275_merged.tif,0.6566,252,0.1951,0.1797,15.5997,0.554,0.437,0.979
chip_357_370_merged.tif,0.6566,253,0.2031,0.2031,15.5455,0.600,0.615,0.755
chip_125_433_merged.tif,0.6563,254,0.1829,0.2035,15.5723,0.485,0.617,0.866
chip_194_433_merged.tif,0.6560,255,0.1933,0.2213,15.5250,0.544,0.753,0.671
chip_366_348_merged.tif,0.6554,256,0.1774,0.1954,15.5943,0.454,0.555,0.956
chip_115_478_merged.tif,0.6550,257,0.2154,0.1844,15.5621,0.669,0.472,0.824
chip_087_335_merged.tif,0.6544,258,0.2011,0.2009,15.5508,0.588,0.598,0.777
chip_148_478_merged.tif,0.6541,259,0.2283,0.2021,15.5112,0.742,0.607,0.614
chip_183_606_merged.tif,0.6538,260,0.1866,0.2133,15.5473,0.506,0.692,0.763
chip_181_606_merged.tif,0.6535,261,0.1910,0.2103,15.5467,0.531,0.669,0.760
chip_136_276_merged.tif,0.6534,262,0.1948,0.1858,15.5866,0.552,0.483,0.925
chip_322_533_merged.tif,0.6526,263,0.1664,0.2184,15.5647,0.392,0.732,0.834
chip_143_489_merged.tif,0.6526,264,0.2203,0.2006,15.5237,0.697,0.595,0.665
chip_124_479_merged.tif,0.6521,265,0.2168,0.1899,15.5479,0.677,0.514,0.765
chip_252_446_merged.tif,0.6510,266,0.1866,0.2244,15.5248,0.506,0.777,0.670
chip_133_303_merged.tif,0.6501,267,0.2159,0.1649,15.5939,0.672,0.323,0.955
chip_101_342_merged.tif,0.6499,268,0.2227,0.1957,15.5275,0.711,0.558,0.681
chip_125_445_merged.tif,0.6497,269,0.2338,0.1991,15.5058,0.773,0.584,0.591
chip_363_321_merged.tif,0.6496,270,0.2370,0.1675,15.5598,0.791,0.343,0.814
chip_124_123_merged.tif,0.6484,271,0.1917,0.1888,15.5817,0.535,0.506,0.904
chip_234_371_merged.tif,0.6480,272,0.1809,0.2002,15.5752,0.474,0.593,0.878
chip_205_329_merged.tif,0.6471,273,0.2008,0.1791,15.5861,0.587,0.432,0.923
chip_127_445_merged.tif,0.6470,274,0.2367,0.1840,15.5279,0.790,0.469,0.683
chip_320_544_merged.tif,0.6463,275,0.1820,0.2117,15.5511,0.480,0.680,0.778
chip_125_124_merged.tif,0.6463,276,0.2004,0.1773,15.5895,0.584,0.418,0.937
chip_274_465_merged.tif,0.6459,277,0.1712,0.1992,15.5888,0.419,0.585,0.934
chip_246_592_merged.tif,0.6452,278,0.1969,0.2158,15.5222,0.565,0.712,0.659
chip_233_332_merged.tif,0.6451,279,0.1929,0.1786,15.5965,0.542,0.428,0.965
chip_100_341_merged.tif,0.6449,280,0.2134,0.1856,15.5553,0.658,0.481,0.796
chip_326_499_merged.tif,0.6444,281,0.1800,0.1939,15.5854,0.469,0.544,0.920
chip_194_315_merged.tif,0.6429,282,0.1869,0.2089,15.5472,0.508,0.659,0.762
chip_219_333_merged.tif,0.6429,283,0.1974,0.1769,15.5919,0.567,0.415,0.946
chip_224_326_merged.tif,0.6418,284,0.2068,0.1659,15.5985,0.620,0.331,0.974
chip_193_311_merged.tif,0.6416,285,0.2011,0.1752,15.5890,0.588,0.402,0.935
chip_151_418_merged.tif,0.6405,286,0.2240,0.2019,15.5074,0.718,0.606,0.598
chip_308_517_merged.tif,0.6405,287,0.1870,0.1838,15.5916,0.509,0.467,0.945
chip_231_331_merged.tif,0.6403,288,0.1884,0.1868,15.5841,0.516,0.490,0.915
chip_055_202_merged.tif,0.6387,289,0.2356,0.1698,15.5496,0.783,0.361,0.772
chip_123_448_merged.tif,0.6386,290,0.2366,0.1941,15.5032,0.789,0.546,0.581
chip_198_027_merged.tif,0.6376,291,0.2098,0.1651,15.5929,0.637,0.325,0.951
chip_220_306_merged.tif,0.6373,292,0.1660,0.1950,15.5974,0.390,0.553,0.970
chip_131_477_merged.tif,0.6355,293,0.2192,0.1960,15.5213,0.691,0.560,0.655
chip_311_380_merged.tif,0.6354,294,0.1765,0.1981,15.5759,0.449,0.577,0.881
chip_113_329_merged.tif,0.6353,295,0.1908,0.2027,15.5478,0.530,0.611,0.765
chip_193_583_merged.tif,0.6346,296,0.2234,0.1671,15.5683,0.714,0.340,0.849
chip_155_474_merged.tif,0.6345,297,0.1944,0.2181,15.5138,0.551,0.729,0.624
chip_218_306_merged.tif,0.6328,298,0.1661,0.1945,15.5950,0.390,0.549,0.959
chip_183_237_merged.tif,0.6324,299,0.2485,0.1935,15.4834,0.856,0.542,0.499
chip_064_120_merged.tif,0.6321,300,0.2096,0.1628,15.5934,0.637,0.307,0.953
chip_204_329_merged.tif,0.6311,301,0.1757,0.1894,15.5900,0.445,0.510,0.939
chip_207_424_merged.tif,0.6306,302,0.2249,0.2036,15.4959,0.723,0.618,0.551
chip_176_027_merged.tif,0.6304,303,0.1957,0.1764,15.5860,0.558,0.411,0.922
chip_193_314_merged.tif,0.6304,304,0.1808,0.1948,15.5725,0.474,0.551,0.866
chip_218_437_merged.tif,0.6302,305,0.2020,0.1681,15.5925,0.594,0.348,0.949
chip_230_458_merged.tif,0.6297,306,0.2232,0.1950,15.5135,0.713,0.553,0.623
chip_107_334_merged.tif,0.6295,307,0.2156,0.1884,15.5359,0.670,0.502,0.716
chip_215_309_merged.tif,0.6294,308,0.1611,0.1952,15.5981,0.362,0.554,0.972
chip_051_235_merged.tif,0.6285,309,0.2039,0.1833,15.5606,0.604,0.464,0.818
chip_218_423_merged.tif,0.6277,310,0.1642,0.2051,15.5743,0.379,0.630,0.874
chip_275_405_merged.tif,0.6276,311,0.1705,0.2153,15.5468,0.415,0.707,0.760
chip_351_539_merged.tif,0.6272,312,0.1959,0.1899,15.5584,0.559,0.514,0.809
chip_128_478_merged.tif,0.6269,313,0.1914,0.2139,15.5201,0.533,0.697,0.650
chip_237_472_merged.tif,0.6261,314,0.1778,0.1976,15.5683,0.457,0.572,0.849
chip_234_444_merged.tif,0.6259,315,0.1567,0.2198,15.5560,0.337,0.742,0.798
chip_421_329_merged.tif,0.6228,316,0.2267,0.1568,15.5741,0.733,0.262,0.873
chip_087_268_merged.tif,0.6220,317,0.2106,0.1591,15.5914,0.642,0.279,0.945
chip_237_335_merged.tif,0.6218,318,0.1857,0.1806,15.5858,0.501,0.443,0.921
chip_251_418_merged.tif,0.6208,319,0.1476,0.2284,15.5490,0.286,0.807,0.770
chip_097_356_merged.tif,0.6208,320,0.2375,0.1875,15.5012,0.794,0.496,0.573
chip_145_469_merged.tif,0.6203,321,0.2397,0.1772,15.5168,0.807,0.417,0.637
chip_325_316_merged.tif,0.6201,322,0.2175,0.1498,15.5976,0.681,0.209,0.970
chip_151_484_merged.tif,0.6200,323,0.2104,0.2116,15.4932,0.641,0.679,0.540
chip_239_283_merged.tif,0.6195,324,0.1657,0.1918,15.5908,0.388,0.529,0.942
chip_091_336_merged.tif,0.6194,325,0.1981,0.1918,15.5462,0.572,0.529,0.758
chip_097_316_merged.tif,0.6193,326,0.2126,0.1661,15.5739,0.653,0.332,0.872
chip_232_596_merged.tif,0.6189,327,0.1613,0.2106,15.5616,0.363,0.672,0.822
chip_106_288_merged.tif,0.6185,328,0.2186,0.1489,15.5968,0.687,0.201,0.967
chip_081_176_merged.tif,0.6184,329,0.2418,0.1546,15.5542,0.819,0.245,0.791
chip_104_333_merged.tif,0.6180,330,0.2006,0.1835,15.5572,0.585,0.465,0.804
chip_257_483_merged.tif,0.6176,331,0.1884,0.1882,15.5650,0.516,0.501,0.836
chip_197_366_merged.tif,0.6176,332,0.2290,0.1839,15.5171,0.746,0.468,0.638
chip_110_340_merged.tif,0.6173,333,0.2235,0.1715,15.5474,0.715,0.374,0.763
chip_373_294_merged.tif,0.6172,334,0.2022,0.1655,15.5877,0.594,0.328,0.930
chip_114_441_merged.tif,0.6166,335,0.2195,0.1952,15.5086,0.692,0.554,0.603
chip_069_353_merged.tif,0.6165,336,0.2424,0.1816,15.5022,0.822,0.451,0.576
chip_152_433_merged.tif,0.6161,337,0.2157,0.2017,15.5013,0.671,0.604,0.573
chip_269_420_merged.tif,0.6139,338,0.2014,0.2080,15.5079,0.590,0.652,0.600
chip_220_333_merged.tif,0.6138,339,0.1963,0.1691,15.5866,0.561,0.356,0.925
chip_321_314_merged.tif,0.6137,340,0.2200,0.1466,15.5956,0.695,0.184,0.962
chip_370_348_merged.tif,0.6135,341,0.1941,0.1833,15.5632,0.549,0.463,0.828
chip_144_474_merged.tif,0.6111,342,0.1717,0.2123,15.5385,0.422,0.685,0.726
chip_194_385_merged.tif,0.6106,343,0.2314,0.1804,15.5153,0.760,0.441,0.631
chip_223_311_merged.tif,0.6103,344,0.1792,0.1764,15.5940,0.465,0.411,0.955
chip_237_289_merged.tif,0.6102,345,0.1772,0.1809,15.5883,0.453,0.446,0.932
chip_082_339_merged.tif,0.6101,346,0.2086,0.1831,15.5412,0.631,0.462,0.737
chip_214_311_merged.tif,0.6096,347,0.1489,0.2001,15.5914,0.293,0.592,0.944
chip_110_429_merged.tif,0.6083,348,0.1809,0.2120,15.5245,0.474,0.682,0.669
chip_180_460_merged.tif,0.6081,349,0.2348,0.2042,15.4648,0.779,0.623,0.423
chip_211_435_merged.tif,0.6066,350,0.2200,0.1711,15.5452,0.695,0.371,0.754
chip_108_438_merged.tif,0.6066,351,0.1833,0.2048,15.5332,0.487,0.628,0.704
chip_310_469_merged.tif,0.6065,352,0.1976,0.1692,15.5793,0.569,0.356,0.895
chip_129_311_merged.tif,0.6054,353,0.1965,0.1762,15.5671,0.562,0.409,0.845
chip_037_102_merged.tif,0.6051,354,0.2011,0.1562,15.5976,0.588,0.257,0.970
chip_221_316_merged.tif,0.6039,355,0.2096,0.1455,15.6048,0.636,0.175,1.000
chip_308_293_merged.tif,0.6039,356,0.1877,0.1634,15.6017,0.513,0.312,0.987
chip_126_124_merged.tif,0.6033,357,0.1569,0.1984,15.5790,0.338,0.579,0.893
chip_233_331_merged.tif,0.6021,358,0.1906,0.1661,15.5914,0.529,0.333,0.945
chip_223_483_merged.tif,0.6019,359,0.2211,0.1817,15.5207,0.702,0.451,0.653
chip_080_231_merged.tif,0.6012,360,0.1711,0.1897,15.5739,0.419,0.513,0.872
chip_181_605_merged.tif,0.6008,361,0.1945,0.2037,15.5156,0.551,0.619,0.632
chip_283_431_merged.tif,0.6008,362,0.2089,0.1860,15.5287,0.633,0.484,0.686
chip_085_592_merged.tif,0.5992,363,0.1997,0.2072,15.5010,0.580,0.645,0.572
chip_126_357_merged.tif,0.5984,364,0.2004,0.1888,15.5333,0.584,0.506,0.705
chip_133_340_merged.tif,0.5969,365,0.2498,0.1772,15.4860,0.864,0.417,0.510
chip_067_282_merged.tif,0.5967,366,0.2240,0.1612,15.5507,0.718,0.296,0.777
chip_104_334_merged.tif,0.5949,367,0.2064,0.1813,15.5365,0.618,0.448,0.718
chip_314_342_merged.tif,0.5948,368,0.2020,0.1789,15.5468,0.593,0.430,0.761
chip_281_402_merged.tif,0.5945,369,0.2102,0.1767,15.5394,0.640,0.413,0.730
chip_318_539_merged.tif,0.5944,370,0.2092,0.2010,15.4958,0.634,0.599,0.550
chip_060_083_merged.tif,0.5944,371,0.2085,0.1653,15.5627,0.630,0.327,0.826
chip_108_405_merged.tif,0.5942,372,0.2390,0.1989,15.4587,0.803,0.583,0.397
chip_273_474_merged.tif,0.5930,373,0.2129,0.1719,15.5436,0.655,0.377,0.747
chip_250_446_merged.tif,0.5908,374,0.1773,0.2006,15.5378,0.454,0.595,0.723
chip_209_312_merged.tif,0.5905,375,0.1699,0.1735,15.5978,0.412,0.389,0.971
chip_109_424_merged.tif,0.5904,376,0.2104,0.2062,15.4818,0.641,0.638,0.493
chip_280_308_merged.tif,0.5898,377,0.1762,0.1687,15.5975,0.447,0.352,0.970
chip_144_472_merged.tif,0.5891,378,0.1906,0.2067,15.5069,0.529,0.642,0.596
chip_108_401_merged.tif,0.5890,379,0.2219,0.1907,15.4935,0.706,0.520,0.541
chip_093_355_merged.tif,0.5877,380,0.2297,0.1965,15.4713,0.750,0.564,0.449
chip_075_350_merged.tif,0.5876,381,0.2437,0.1718,15.4976,0.829,0.376,0.558
chip_230_303_merged.tif,0.5860,382,0.1469,0.1911,15.5935,0.282,0.523,0.953
chip_185_305_merged.tif,0.5835,383,0.1845,0.1999,15.5239,0.495,0.590,0.666
chip_032_183_merged.tif,0.5830,384,0.1610,0.1839,15.5853,0.361,0.468,0.919
chip_172_154_merged.tif,0.5825,385,0.2218,0.1899,15.4904,0.705,0.514,0.528
chip_302_301_merged.tif,0.5819,386,0.1740,0.1655,15.6006,0.435,0.328,0.983
chip_162_406_merged.tif,0.5816,387,0.2061,0.2021,15.4889,0.616,0.607,0.522
chip_113_420_merged.tif,0.5811,388,0.1728,0.2204,15.5003,0.428,0.747,0.569
chip_120_559_merged.tif,0.5809,389,0.1907,0.1842,15.5424,0.529,0.471,0.743
chip_047_106_merged.tif,0.5806,390,0.2202,0.1432,15.5775,0.696,0.158,0.887
chip_123_560_merged.tif,0.5800,391,0.2158,0.1731,15.5280,0.671,0.386,0.683
chip_214_307_merged.tif,0.5790,392,0.1337,0.1977,15.5942,0.207,0.574,0.956
chip_197_591_merged.tif,0.5774,393,0.1683,0.2000,15.5414,0.403,0.591,0.738
chip_194_261_merged.tif,0.5769,394,0.1920,0.1505,15.6001,0.537,0.214,0.980
chip_107_410_merged.tif,0.5760,395,0.2269,0.1881,15.4820,0.734,0.501,0.493
chip_341_499_merged.tif,0.5757,396,0.2132,0.2099,15.4603,0.657,0.666,0.404
chip_196_274_merged.tif,0.5749,397,0.1688,0.1703,15.5937,0.406,0.365,0.954
chip_181_264_merged.tif,0.5748,398,0.1841,0.1557,15.5999,0.492,0.253,0.980
chip_366_355_merged.tif,0.5740,399,0.1641,0.1969,15.5506,0.379,0.567,0.776
chip_180_284_merged.tif,0.5731,400,0.1822,0.1832,15.5502,0.481,0.463,0.775
chip_181_353_merged.tif,0.5726,401,0.2088,0.1909,15.4991,0.632,0.522,0.564
chip_105_427_merged.tif,0.5725,402,0.1752,0.2187,15.4940,0.442,0.733,0.543
chip_240_276_merged.tif,0.5703,403,0.1719,0.1749,15.5778,0.423,0.399,0.888
chip_146_340_merged.tif,0.5687,404,0.1955,0.1853,15.5250,0.556,0.479,0.671
chip_291_134_merged.tif,0.5684,405,0.2001,0.1570,15.5708,0.583,0.263,0.859
chip_106_409_merged.tif,0.5674,406,0.2410,0.1867,15.4590,0.814,0.489,0.398
chip_251_259_merged.tif,0.5669,407,0.1649,0.1885,15.5598,0.383,0.503,0.814
chip_194_296_merged.tif,0.5656,408,0.1832,0.1587,15.5888,0.487,0.276,0.934
chip_268_269_merged.tif,0.5648,409,0.1949,0.1440,15.5993,0.553,0.164,0.977
chip_285_307_merged.tif,0.5641,410,0.1531,0.1780,15.5934,0.317,0.423,0.953
chip_222_314_merged.tif,0.5640,411,0.1839,0.1523,15.5985,0.491,0.227,0.974
chip_230_302_merged.tif,0.5627,412,0.1505,0.1804,15.5913,0.302,0.442,0.944
chip_226_328_merged.tif,0.5626,413,0.1448,0.1914,15.5788,0.269,0.526,0.893
chip_234_295_merged.tif,0.5625,414,0.1518,0.1842,15.5824,0.309,0.471,0.908
chip_174_408_merged.tif,0.5619,415,0.2172,0.2025,15.4585,0.680,0.610,0.396
chip_177_428_merged.tif,0.5601,416,0.2233,0.2110,15.4332,0.714,0.674,0.292
chip_298_351_merged.tif,0.5594,417,0.2209,0.1626,15.5253,0.700,0.306,0.672
chip_206_401_merged.tif,0.5590,418,0.2390,0.1933,15.4434,0.803,0.540,0.334
chip_081_345_merged.tif,0.5586,419,0.1899,0.1805,15.5342,0.525,0.442,0.709
chip_111_595_merged.tif,0.5571,420,0.2196,0.1768,15.4992,0.693,0.414,0.564
chip_167_340_merged.tif,0.5565,421,0.2043,0.1942,15.4875,0.607,0.547,0.516
chip_253_263_merged.tif,0.5559,422,0.1544,0.1766,15.5883,0.324,0.412,0.932
chip_202_367_merged.tif,0.5555,423,0.2094,0.1830,15.5005,0.635,0.461,0.570
chip_166_411_merged.tif,0.5540,424,0.2102,0.2050,15.4577,0.640,0.629,0.393
chip_227_293_merged.tif,0.5531,425,0.1830,0.1610,15.5757,0.486,0.293,0.880
chip_202_324_merged.tif,0.5500,426,0.1748,0.1630,15.5810,0.440,0.309,0.902
chip_230_490_merged.tif,0.5495,427,0.2136,0.1799,15.4962,0.659,0.438,0.552
chip_091_253_merged.tif,0.5471,428,0.1912,0.1490,15.5822,0.532,0.202,0.907
chip_058_191_merged.tif,0.5454,429,0.1598,0.1649,15.5947,0.355,0.324,0.958
chip_232_293_merged.tif,0.5442,430,0.1343,0.1911,15.5805,0.210,0.523,0.899
chip_231_287_merged.tif,0.5435,431,0.1649,0.1585,15.5981,0.384,0.275,0.972
chip_134_316_merged.tif,0.5428,432,0.1632,0.1821,15.5564,0.374,0.454,0.800
chip_116_346_merged.tif,0.5424,433,0.2136,0.1679,15.5132,0.659,0.346,0.622
chip_204_390_merged.tif,0.5411,434,0.2441,0.1912,15.4274,0.832,0.524,0.268
chip_154_346_merged.tif,0.5410,435,0.1813,0.2098,15.4792,0.476,0.665,0.482
chip_186_265_merged.tif,0.5405,436,0.1545,0.1710,15.5871,0.325,0.370,0.927
chip_131_445_merged.tif,0.5396,437,0.2288,0.1831,15.4621,0.745,0.462,0.411
chip_165_403_merged.tif,0.5386,438,0.2151,0.1879,15.4714,0.668,0.498,0.450
chip_134_364_merged.tif,0.5360,439,0.2149,0.1807,15.4831,0.666,0.444,0.498
chip_242_336_merged.tif,0.5356,440,0.1751,0.1487,15.5965,0.441,0.200,0.966
chip_148_469_merged.tif,0.5347,441,0.2263,0.1891,15.4510,0.731,0.508,0.365
chip_351_393_merged.tif,0.5335,442,0.1575,0.1942,15.5352,0.341,0.546,0.713
chip_253_260_merged.tif,0.5320,443,0.1631,0.1655,15.5794,0.373,0.328,0.895
chip_099_310_merged.tif,0.5313,444,0.1988,0.1731,15.5159,0.575,0.386,0.633
chip_152_240_merged.tif,0.5262,445,0.1825,0.1995,15.4856,0.483,0.587,0.508
chip_228_314_merged.tif,0.5243,446,0.1488,0.2024,15.5252,0.292,0.609,0.671
chip_250_270_merged.tif,0.5239,447,0.1448,0.1674,15.5950,0.270,0.342,0.960
chip_103_320_merged.tif,0.5217,448,0.1783,0.1774,15.5289,0.459,0.419,0.687
chip_236_284_merged.tif,0.5214,449,0.1646,0.1562,15.5867,0.382,0.257,0.925
chip_116_448_merged.tif,0.5209,450,0.2196,0.1839,15.4596,0.693,0.469,0.401
chip_175_432_merged.tif,0.5188,451,0.2031,0.1990,15.4530,0.599,0.583,0.374
chip_130_159_merged.tif,0.5169,452,0.1436,0.1662,15.5939,0.263,0.333,0.955
chip_106_413_merged.tif,0.5152,453,0.2251,0.1947,15.4281,0.724,0.550,0.271
chip_220_184_merged.tif,0.5105,454,0.1757,0.1444,15.5853,0.445,0.167,0.919
chip_216_454_merged.tif,0.5104,455,0.2004,0.1837,15.4788,0.584,0.467,0.480
chip_210_466_merged.tif,0.5082,456,0.2234,0.1810,15.4507,0.714,0.446,0.364
chip_169_407_merged.tif,0.4998,457,0.2158,0.1958,15.4276,0.672,0.559,0.269
chip_318_344_merged.tif,0.4972,458,0.1892,0.1531,15.5411,0.521,0.233,0.737
chip_257_265_merged.tif,0.4966,459,0.1718,0.1420,15.5850,0.423,0.149,0.918
chip_213_456_merged.tif,0.4915,460,0.1904,0.1891,15.4688,0.528,0.508,0.439
chip_244_335_merged.tif,0.4915,461,0.1649,0.1406,15.5933,0.383,0.139,0.952
chip_042_092_merged.tif,0.4895,462,0.1224,0.1825,15.5728,0.143,0.457,0.868
chip_119_126_merged.tif,0.4892,463,0.1482,0.1734,15.5539,0.289,0.389,0.790
chip_213_391_merged.tif,0.4889,464,0.2170,0.1850,15.4380,0.678,0.477,0.312
chip_260_484_merged.tif,0.4886,465,0.1901,0.2005,15.4460,0.526,0.595,0.345
chip_145_372_merged.tif,0.4874,466,0.1966,0.1620,15.5075,0.563,0.301,0.598
chip_194_257_merged.tif,0.4862,467,0.1522,0.1481,15.5931,0.312,0.195,0.952
chip_105_319_merged.tif,0.4790,468,0.1665,0.1721,15.5239,0.393,0.378,0.666
chip_217_287_merged.tif,0.4773,469,0.1632,0.1396,15.5873,0.374,0.130,0.928
chip_177_265_merged.tif,0.4760,470,0.1707,0.1357,15.5831,0.416,0.101,0.911
chip_252_279_merged.tif,0.4754,471,0.1596,0.1558,15.5609,0.353,0.254,0.819
chip_249_270_merged.tif,0.4744,472,0.1353,0.1598,15.5860,0.216,0.285,0.922
chip_213_282_merged.tif,0.4738,473,0.1201,0.1743,15.5797,0.130,0.395,0.897
chip_284_263_merged.tif,0.4713,474,0.1684,0.1267,15.5996,0.403,0.032,0.978
chip_312_433_merged.tif,0.4707,475,0.1987,0.2022,15.4180,0.575,0.608,0.229
chip_053_176_merged.tif,0.4575,476,0.1632,0.1605,15.5343,0.374,0.290,0.709
chip_145_156_merged.tif,0.4559,477,0.2050,0.1875,15.4259,0.610,0.496,0.262
chip_299_453_merged.tif,0.4548,478,0.1595,0.1779,15.5051,0.353,0.423,0.589
chip_059_190_merged.tif,0.4515,479,0.1451,0.1453,15.5829,0.271,0.174,0.909
chip_377_349_merged.tif,0.4492,480,0.1658,0.1735,15.5007,0.388,0.389,0.570
chip_239_277_merged.tif,0.4463,481,0.1392,0.1589,15.5619,0.238,0.278,0.823
chip_148_413_merged.tif,0.4429,482,0.2060,0.1838,15.4218,0.616,0.468,0.245
chip_311_469_merged.tif,0.4340,483,0.1954,0.1908,15.4169,0.556,0.521,0.225
chip_171_431_merged.tif,0.4325,484,0.1968,0.2079,15.3823,0.564,0.651,0.082
chip_218_293_merged.tif,0.4308,485,0.1358,0.1463,15.5786,0.219,0.182,0.892
chip_167_411_merged.tif,0.4301,486,0.1789,0.1875,15.4429,0.463,0.496,0.332
chip_196_291_merged.tif,0.4249,487,0.1559,0.1559,15.5291,0.332,0.255,0.687
chip_252_264_merged.tif,0.4207,488,0.1580,0.1441,15.5449,0.345,0.165,0.753
chip_257_268_merged.tif,0.4141,489,0.1399,0.1325,15.5863,0.242,0.077,0.924
chip_230_282_merged.tif,0.4098,490,0.1271,0.1620,15.5462,0.170,0.301,0.758
chip_064_067_merged.tif,0.4095,491,0.0972,0.1814,15.5513,0.000,0.449,0.779
chip_239_281_merged.tif,0.4026,492,0.1330,0.1726,15.5134,0.203,0.382,0.623
chip_282_263_merged.tif,0.3948,493,0.1400,0.1263,15.5836,0.243,0.030,0.912
chip_213_290_merged.tif,0.3877,494,0.1215,0.1388,15.5808,0.138,0.125,0.901
chip_279_265_merged.tif,0.3736,495,0.1720,0.1225,15.5315,0.423,0.000,0.698
chip_233_289_merged.tif,0.3619,496,0.1243,0.1443,15.5481,0.153,0.166,0.766
chip_281_270_merged.tif,0.3600,497,0.1191,0.1324,15.5756,0.124,0.076,0.880
chip_271_267_merged.tif,0.3595,498,0.1397,0.1307,15.5504,0.241,0.063,0.775
chip_282_562_merged.tif,0.3593,499,0.1760,0.2053,15.3624,0.446,0.631,0.000
chip_105_452_merged.tif,0.3114,500,0.1958,0.1523,15.3985,0.558,0.227,0.149
