backbone,mask_ratio,mask_type,summer_masked,total_tokens,tokens_encoded,global_ratio,time_mean,time_min,time_max,time_std,enc_mean,enc_min,enc_max,enc_std,dec_mean,dec_min,dec_max,dec_std,power_mean,power_min,power_max,power_std,energy_mean,energy_min,energy_max,energy_std
600M,0.8,block,208,768,561,0.2708,44.8051,44.5935,44.9425,0.0632,40.079,39.8997,40.1143,0.0478,4.7261,4.6938,4.8435,0.03,348.2439,348.2439,348.2439,0.0,15603.0949,15529.4305,15650.957,21.9981
600M,0.8,random,208,768,561,0.2708,44.6144,44.306,44.7615,0.1212,39.906,39.6318,40.0027,0.1062,4.7084,4.6641,4.7757,0.0265,343.539,343.539,343.539,0.0,15326.7737,15220.8239,15377.3365,41.638
600M,0.6,block,154,768,615,0.2005,45.6443,45.3635,45.836,0.1406,40.9059,40.6747,41.0707,0.1243,4.7384,4.6884,4.7759,0.0251,347.6972,347.6972,347.6972,0.0,15870.3822,15772.7524,15937.0333,48.8936
600M,0.6,random,154,768,615,0.2005,45.8118,45.6529,46.1114,0.1635,41.0561,40.9226,41.3287,0.1446,4.7558,4.7165,5.0223,0.0645,347.5564,347.5564,347.5564,0.0,15922.199,15866.9516,16026.3256,56.8236
600M,0.4,block,100,768,669,0.1302,54.6364,54.602,54.7352,0.0305,49.8959,49.8739,49.9405,0.0152,4.7404,4.7242,4.8087,0.0208,348.22,348.22,348.22,0.0,19025.4697,19013.5066,19059.8817,10.6071
600M,0.4,random,100,768,669,0.1302,55.044,55.0202,55.1231,0.0232,50.282,50.2644,50.3159,0.0136,4.762,4.7467,4.8072,0.0149,343.1041,343.1041,343.1041,0.0,18885.8112,18877.6483,18912.9593,7.9706
600M,0.2,block,50,768,719,0.0651,55.6392,55.5761,55.8569,0.0741,50.8424,50.8079,51.0383,0.0461,4.7968,4.7522,5.034,0.0586,348.0853,348.0853,348.0853,0.0,19367.1927,19345.2203,19442.9525,25.7883
600M,0.2,random,50,768,719,0.0651,56.0957,55.8246,56.3654,0.199,51.2727,51.0303,51.495,0.1782,4.8231,4.7798,4.952,0.0381,347.9503,347.9503,347.9503,0.0,19518.5324,19424.1811,19612.3539,69.2274
600M,0.1,block,26,768,743,0.0339,56.7039,56.3583,56.8534,0.1134,51.8636,51.5665,51.9583,0.0903,4.8403,4.7876,4.9347,0.0355,347.8012,347.8012,347.8012,0.0,19721.6817,19601.4968,19773.694,39.431
600M,0.1,random,26,768,743,0.0339,56.7707,56.69,56.9576,0.0672,51.9159,51.8772,52.0125,0.0284,4.8548,4.8128,5.0661,0.0626,348.4033,348.4033,348.4033,0.0,19779.1087,19750.977,19844.2059,23.4042
300M,0.8,block,156,588,432,0.2653,19.4323,19.308,19.4625,0.0408,16.5292,16.4089,16.5507,0.0375,2.9031,2.89,2.9169,0.008,348.7973,348.7973,348.7973,0.0,6777.932,6734.5706,6788.4517,14.2195
300M,0.8,random,156,588,432,0.2653,19.4503,19.4306,19.4713,0.0102,16.5425,16.5336,16.5602,0.0072,2.9077,2.892,2.9255,0.0093,349.0709,349.0709,349.0709,0.0,6789.531,6782.6453,6796.8683,3.5665
300M,0.6,block,117,588,471,0.199,20.2194,20.1905,20.2829,0.0226,17.2952,17.2793,17.3128,0.0083,2.9242,2.9004,2.9793,0.0189,348.683,348.683,348.683,0.0,7050.1705,7040.0863,7072.3031,7.8744
300M,0.6,random,117,588,471,0.199,20.2117,20.1949,20.2413,0.0112,17.2944,17.2761,17.3055,0.0075,2.9173,2.903,2.9374,0.008,349.0743,349.0743,349.0743,0.0,7055.3684,7049.5122,7065.7219,3.8938
300M,0.4,block,78,588,511,0.1327,20.5423,20.4387,20.7121,0.0781,17.6053,17.5103,17.7017,0.0621,2.937,2.907,3.015,0.0231,348.1507,348.1508,348.1508,0.0,7151.8146,7115.7463,7210.9202,27.1995
300M,0.4,random,78,588,511,0.1327,20.5751,20.4481,20.6811,0.0568,17.6309,17.5092,17.6814,0.0496,2.9442,2.9061,3.0504,0.0281,348.7159,348.7159,348.7159,0.0,7174.8508,7130.5943,7211.8369,19.8228
300M,0.2,block,39,588,550,0.0663,21.6217,21.5126,21.7174,0.0793,18.6415,18.5512,18.7262,0.0721,2.9803,2.9614,3.0012,0.011,348.7698,348.7698,348.7698,0.0,7541.0106,7502.9617,7574.3658,27.6423
300M,0.2,random,39,588,550,0.0663,21.6079,21.5244,21.716,0.0731,18.6247,18.5451,18.7302,0.0671,2.9831,2.9593,3.0063,0.0112,348.492,348.492,348.492,0.0,7530.1658,7501.0667,7567.8681,25.4869
300M,0.1,block,20,588,569,0.034,21.7315,21.5919,21.8474,0.0707,18.7332,18.6212,18.8393,0.059,2.9983,2.9707,3.056,0.0194,348.6546,348.6546,348.6546,0.0,7576.7926,7528.1149,7617.1833,24.6553
300M,0.1,random,20,588,569,0.034,21.7714,21.7089,21.9255,0.0458,18.7697,18.7244,18.8985,0.0402,3.0017,2.9824,3.027,0.0123,348.4605,348.4605,348.4605,0.0,7586.4727,7564.7041,7640.1625,15.96
100M,0.8,block,156,588,432,0.2653,8.7882,8.7724,8.8136,0.0098,5.8705,5.8512,5.8849,0.009,2.9178,2.9022,2.9318,0.0087,347.973,347.973,347.973,0.0,3058.0585,3052.5527,3066.897,3.4033
100M,0.8,random,156,588,432,0.2653,8.8082,8.772,8.8671,0.0223,5.89,5.8711,5.9316,0.016,2.9181,2.9009,2.9355,0.0095,348.304,348.304,348.304,0.0,3067.9232,3055.3226,3088.4502,7.7697
100M,0.6,block,117,588,471,0.199,9.11,9.0922,9.1519,0.0139,6.1745,6.1628,6.1956,0.0073,2.9356,2.9235,2.9562,0.0091,348.5485,348.5485,348.5485,0.0,3175.2929,3169.0747,3189.8683,4.8362
100M,0.6,random,117,588,471,0.199,9.1075,9.0804,9.1313,0.0138,6.1726,6.1457,6.194,0.0105,2.9349,2.92,2.9498,0.0079,347.576,347.576,347.576,0.0,3165.5529,3156.1311,3173.8228,4.7895
100M,0.4,block,78,588,511,0.1327,9.2184,9.1792,9.2814,0.0257,6.2774,6.2522,6.3179,0.0182,2.9411,2.9264,2.9635,0.0108,348.3848,348.3848,348.3848,0.0,3211.5567,3197.8978,3233.5072,8.9423
100M,0.4,random,78,588,511,0.1327,9.2292,9.183,9.2844,0.0283,6.2861,6.2608,6.3195,0.0179,2.9432,2.9222,2.9705,0.0119,348.557,348.557,348.557,0.0,3216.9066,3200.7875,3236.1484,9.8652
100M,0.2,block,39,588,550,0.0663,10.1887,10.1397,10.5604,0.0904,7.2391,7.2071,7.4318,0.0457,2.9495,2.9237,3.1285,0.0475,348.5972,348.5972,348.5972,0.0,3551.7431,3534.6666,3681.3096,31.5262
100M,0.2,random,39,588,550,0.0663,10.1927,10.1355,10.2444,0.0337,7.2479,7.2069,7.2833,0.0251,2.9448,2.9268,2.9631,0.0117,348.447,348.447,348.447,0.0,3551.6289,3531.6696,3569.6364,11.7494
100M,0.1,block,20,588,569,0.034,10.2098,10.1686,10.2716,0.034,7.2668,7.2385,7.3132,0.0276,2.943,2.9255,2.9614,0.0098,348.5507,348.5507,348.5507,0.0,3558.649,3544.2569,3580.1581,11.851
100M,0.1,random,20,588,569,0.034,10.2528,10.2225,10.2963,0.0186,7.2973,7.2768,7.3475,0.0148,2.9555,2.9335,2.9882,0.0112,348.728,348.728,348.728,0.0,3575.433,3564.8768,3590.6203,6.5032
tiny,0.8,block,156,588,432,0.2653,4.9057,4.8781,4.9341,0.0167,2.0313,2.0046,2.0581,0.0154,2.8744,2.8672,2.8894,0.0046,346.65,346.65,346.65,0.0,1700.5761,1690.9879,1710.4225,5.7741
tiny,0.8,random,156,588,432,0.2653,4.9039,4.875,4.9288,0.0148,2.0265,2.0012,2.0559,0.0148,2.8774,2.8644,2.8907,0.0065,348.163,348.163,348.163,0.0,1707.3442,1697.2945,1716.0381,5.1639
tiny,0.6,block,117,588,471,0.199,5.037,5.0107,5.0756,0.0186,2.16,2.1383,2.2029,0.0174,2.8771,2.8668,2.886,0.005,345.339,345.339,345.339,0.0,1739.4889,1730.4012,1752.8033,6.4103
tiny,0.6,random,117,588,471,0.199,5.0273,5.0034,5.0639,0.0168,2.1534,2.1306,2.1861,0.0147,2.8739,2.8651,2.8831,0.0045,347.059,347.059,347.059,0.0,1744.7759,1736.4801,1757.4701,5.8417
tiny,0.4,block,78,588,511,0.1327,5.0734,5.0436,5.1086,0.0185,2.1966,2.1681,2.2313,0.0169,2.8767,2.8698,2.8862,0.0045,346.8367,346.8367,346.8367,0.0,1759.6254,1749.311,1771.8353,6.4105
tiny,0.4,random,78,588,511,0.1327,5.0677,5.0397,5.1062,0.0196,2.1893,2.1662,2.2195,0.015,2.8784,2.8645,2.9292,0.0129,348.103,348.103,348.103,0.0,1764.0662,1754.3275,1777.4725,6.8301
tiny,0.2,block,39,588,550,0.0663,5.2075,5.1698,5.241,0.0203,2.3296,2.3031,2.357,0.0174,2.8778,2.8648,2.8871,0.0055,348.505,348.505,348.505,0.0,1814.8311,1801.6913,1826.5113,7.0741
tiny,0.2,random,39,588,550,0.0663,5.1981,5.1767,5.2238,0.0123,2.3209,2.3046,2.3415,0.011,2.8772,2.864,2.8849,0.0053,348.793,348.793,348.793,0.0,1813.0783,1805.5814,1822.0236,4.2804
tiny,0.1,block,20,588,569,0.034,5.2224,5.1835,5.2734,0.0278,2.3372,2.3,2.3839,0.0239,2.8851,2.8694,2.9087,0.0121,347.466,347.466,347.466,0.0,1814.5936,1801.0894,1832.3333,9.6586
tiny,0.1,random,20,588,569,0.034,5.2011,5.175,5.2194,0.012,2.3285,2.3132,2.3394,0.0088,2.8726,2.8619,2.8825,0.0053,347.336,347.336,347.336,0.0,1806.5324,1797.4776,1812.8937,4.182
