backbone,mask_ratio,mask_type,summer_masked,total_tokens,tokens_encoded,global_ratio,power_std,time_mean_mean,time_min_mean,time_max_mean,time_std_mean,enc_mean_mean,enc_min_mean,enc_max_mean,enc_std_mean,dec_mean_mean,dec_min_mean,dec_max_mean,dec_std_mean,power_mean_mean,power_min_mean,power_max_mean,energy_mean_mean,energy_min_mean,energy_max_mean,energy_std_mean
tiny,0.1,random,20,588,569,0.034,0.0,5.15075,5.12135,5.1835,0.01595,2.31175,2.2911,2.3331999999999997,0.01185,2.83905,2.82895,2.8522999999999996,0.00635,345.27915,345.27915,345.27915,1778.5568,1768.41745,1789.8382000000001,5.5103
tiny,0.1,block,20,588,569,0.034,0.0,5.1744,5.13935,5.210649999999999,0.0215,2.3221,2.2914,2.35485,0.0187,2.8522499999999997,2.84065,2.87325,0.00875,344.70000000000005,344.70000000000005,344.70000000000005,1783.7492,1771.6493500000001,1796.2836,7.428100000000001
tiny,0.2,random,39,588,550,0.0663,0.0,5.16085,5.1381,5.21025,0.01625,2.31115,2.29435,2.32895,0.01105,2.8497000000000003,2.83825,2.88255,0.0095,346.024,346.024,346.024,1785.8946,1778.0086000000001,1802.90075,5.6027000000000005
tiny,0.2,block,39,588,550,0.0663,0.0,5.17575,5.14725,5.21695,0.0174,2.31835,2.2971000000000004,2.3419,0.01295,2.8573500000000003,2.8465999999999996,2.87665,0.00665,346.477,346.477,346.477,1793.34185,1783.4486,1807.6041,6.03935
tiny,0.4,random,78,588,511,0.1327,0.0,5.03975,5.01215,5.076700000000001,0.01755,2.18365,2.1629,2.2159500000000003,0.0141,2.8561,2.84445,2.88635,0.009049999999999999,348.0045,348.0045,348.0045,1753.85115,1744.24865,1766.7169,6.10675
tiny,0.4,block,78,588,511,0.1327,0.0,5.045400000000001,5.0183,5.0733999999999995,0.0158,2.18995,2.16575,2.2190000000000003,0.0149,2.8554,2.84715,2.8698,0.00535,347.17835,347.17835,347.17835,1751.63625,1742.2375499999998,1761.3509,5.48015
tiny,0.6,random,117,588,471,0.199,0.0,5.0024,4.98175,5.0289,0.01325,2.1473500000000003,2.1264,2.1702000000000004,0.0114,2.85505,2.8455500000000002,2.864,0.00455,347.5115,347.5115,347.5115,1738.3815,1731.2085,1747.5884,4.6146
tiny,0.6,block,117,588,471,0.199,0.0,5.00765,4.9802,5.0423,0.0175,2.15325,2.1290500000000003,2.18755,0.0162,2.8545,2.84595,2.8637,0.00485,346.7205,346.7205,346.7205,1736.23085,1726.70425,1748.2273500000001,6.0666
tiny,0.8,random,156,588,432,0.2653,0.0,4.89335,4.8644,4.9203,0.01595,2.02825,2.00385,2.05945,0.015050000000000001,2.8651,2.8544,2.87445,0.00515,347.09614999999997,347.09614999999997,347.09614999999997,1698.4672500000001,1688.41795,1707.8365,5.5351
tiny,0.8,block,156,588,432,0.2653,0.0,4.9037500000000005,4.8613,4.94605,0.02535,2.0374999999999996,2.00245,2.0766999999999998,0.021400000000000002,2.86625,2.8556999999999997,2.8824500000000004,0.00685,345.56399999999996,345.56399999999996,345.56399999999996,1694.56815,1679.89835,1709.17605,8.75065
100M,0.1,random,20,588,569,0.034,0.0,10.2048,10.1668,10.26125,0.0283,7.2702,7.24165,7.3164,0.0211,2.9345999999999997,2.9137,2.9686,0.012150000000000001,348.517,348.517,348.517,3556.5514000000003,3543.32395,3576.24075,9.87305
100M,0.1,block,20,588,569,0.034,0.0,10.17835,10.1394,10.2464,0.03345,7.25215,7.223050000000001,7.30625,0.0263,2.92625,2.91115,2.95625,0.0112,348.74985000000004,348.74985000000004,348.74985000000004,3549.7054,3536.0933,3573.4158500000003,11.66415
100M,0.2,random,39,588,550,0.0663,0.0,10.16685,10.11645,10.21945,0.0342,7.23855,7.199949999999999,7.2786,0.02555,2.9283,2.9122000000000003,2.94635,0.01065,348.31925,348.31925,348.31925,3541.31275,3523.7525,3559.6345499999998,11.9153
100M,0.2,block,39,588,550,0.0663,0.0,10.183150000000001,10.11825,10.38515,0.059699999999999996,7.24815,7.20175,7.3582,0.033549999999999996,2.935,2.91205,3.03425,0.0284,348.4511,348.4511,348.4511,3548.3341,3525.7248,3618.72635,20.80725
100M,0.4,random,78,588,511,0.1327,0.0,9.2195,9.16715,9.266449999999999,0.02805,6.2866,6.2536000000000005,6.3156,0.019299999999999998,2.93295,2.9103000000000003,2.9608999999999996,0.012,348.3876,348.3876,348.3876,3211.9651999999996,3193.72095,3228.32955,9.78145
100M,0.4,block,78,588,511,0.1327,0.0,9.2195,9.1878,9.26715,0.02065,6.28815,6.2668,6.31775,0.0138,2.9314,2.9185,2.9557,0.01,348.4859,348.4859,348.4859,3212.86285,3201.8219,3229.4821,7.18985
100M,0.6,random,117,588,471,0.199,0.0,9.096250000000001,9.0658,9.13725,0.02055,6.17375,6.148149999999999,6.2051,0.0155,2.9225,2.90695,2.9407500000000004,0.009000000000000001,348.07785,348.07785,348.07785,3166.1988,3155.5994499999997,3180.4809,7.14745
100M,0.6,block,117,588,471,0.199,0.0,9.1131,9.074,9.149750000000001,0.0219,6.186450000000001,6.15795,6.2090499999999995,0.015000000000000001,2.9267000000000003,2.91215,2.9429499999999997,0.0088,348.53725,348.53725,348.53725,3176.2594,3162.6259,3189.0254999999997,7.63325
100M,0.8,random,156,588,432,0.2653,0.0,8.820799999999998,8.791450000000001,8.8647,0.01645,5.9098,5.891500000000001,5.94315,0.01255,2.9109499999999997,2.8988,2.9231,0.006699999999999999,347.8173,347.8173,347.8173,3068.014,3057.8127999999997,3083.2913,5.7191
100M,0.8,block,156,588,432,0.2653,0.0,8.8103,8.79295,8.838,0.0102,5.899,5.8819,5.9135,0.008199999999999999,2.91135,2.8983499999999998,2.92755,0.0084,347.40250000000003,347.40250000000003,347.40250000000003,3060.71265,3054.6864,3070.3257,3.53195
300M,0.1,random,20,588,569,0.034,0.0,21.710549999999998,21.615949999999998,21.823700000000002,0.0586,18.72715,18.65095,18.818649999999998,0.0514,2.9834,2.96395,3.0067500000000003,0.0114,348.68155,348.68155,348.68155,7570.0514,7537.067999999999,7609.501850000001,20.44305
300M,0.1,block,20,588,569,0.034,0.0,21.641350000000003,21.55525,21.7491,0.0484,18.662750000000003,18.59695,18.723550000000003,0.034249999999999996,2.97865,2.95425,3.0528500000000003,0.0207,348.7208,348.7208,348.7208,7546.7901,7516.754,7584.3588,16.8712
300M,0.2,random,39,588,550,0.0663,0.0,21.607,21.5006,21.700499999999998,0.07339999999999999,18.63245,18.536,18.7237,0.06625,2.9745,2.95345,2.9924,0.010499999999999999,348.7722,348.7722,348.7722,7535.9109,7498.7901,7568.5409500000005,25.601399999999998
300M,0.2,block,39,588,550,0.0663,0.0,21.62825,21.49495,21.78655,0.08754999999999999,18.65335,18.5438,18.76945,0.07555,2.9749499999999998,2.9511,3.0221,0.01575,348.5896,348.5896,348.5896,7539.384,7492.9227,7594.546899999999,30.506999999999998
300M,0.4,random,78,588,511,0.1327,0.0,20.5997,20.49635,20.700000000000003,0.0632,17.6676,17.575499999999998,17.73455,0.0554,2.9321,2.9038,2.9955999999999996,0.0196,348.67155,348.67155,348.67155,7182.5146,7146.49705,7217.49675,22.0447
300M,0.4,block,78,588,511,0.1327,0.0,20.6216,20.49485,20.8463,0.08775,17.6842,17.5774,17.813299999999998,0.0638,2.9374000000000002,2.9067,3.0541,0.03285,348.43895,348.43899999999996,348.43899999999996,7185.39585,7141.21065,7263.69195,30.57425
300M,0.6,random,117,588,471,0.199,0.0,20.33015,20.2407,20.374699999999997,0.0417,17.4082,17.3318,17.4406,0.03505,2.9219,2.901,2.9395,0.00945,348.82730000000004,348.82730000000004,348.82730000000004,7091.666450000001,7060.49315,7107.227,14.5389
300M,0.6,block,117,588,471,0.199,0.0,20.314500000000002,20.25995,20.403750000000002,0.0493,17.3923,17.3493,17.4515,0.0374,2.92225,2.90305,2.96535,0.015349999999999999,348.64315,348.6431,348.6431,7082.51845,7063.49565,7113.6247,17.1755
300M,0.8,random,156,588,432,0.2653,0.0,19.57495,19.55075,19.597299999999997,0.01125,16.66505,16.65,16.67975,0.0079,2.90985,2.89655,2.9263,0.0085,348.80449999999996,348.80449999999996,348.80449999999996,6827.8001,6819.3467,6835.5886,3.92145
300M,0.8,block,156,588,432,0.2653,0.0,19.5646,19.49225,19.591749999999998,0.025300000000000003,16.65795,16.58655,16.673949999999998,0.022949999999999998,2.90665,2.8962000000000003,2.9213,0.007,348.64695,348.64695,348.64695,6821.112999999999,6795.886,6830.58265,8.81735
600M,0.1,random,26,768,743,0.0339,0.0,56.771950000000004,56.690349999999995,57.052350000000004,0.09945000000000001,51.954499999999996,51.90245,52.1764,0.0765,4.8174,4.785500000000001,4.9704,0.044950000000000004,348.5433,348.5433,348.5433,19787.48,19759.034399999997,19885.216500000002,34.6674
600M,0.1,block,26,768,743,0.0339,0.0,56.82705,56.5019,56.97005,0.14155,52.01375,51.72595,52.12765,0.12505,4.81325,4.7712,4.86875,0.02395,348.0127,348.0127,348.0127,19776.5583,19663.40935,19826.3355,49.267849999999996
600M,0.2,random,50,768,719,0.0651,0.0,56.405249999999995,56.195899999999995,56.72475,0.17870000000000003,51.588750000000005,51.40085,51.8707,0.1626,4.816549999999999,4.784549999999999,4.8953,0.027200000000000002,348.27195,348.27195,348.27195,19644.47065,19571.57615,19755.7466,62.217650000000006
600M,0.2,block,50,768,719,0.0651,0.0,56.238150000000005,56.08195,56.48255,0.13515,51.429199999999994,51.29965,51.64965,0.11435000000000001,4.809,4.77145,4.9497,0.0401,347.90205000000003,347.90205000000003,347.90205000000003,19565.264049999998,19510.930099999998,19650.28235,47.0078
600M,0.4,random,100,768,669,0.1302,0.0,55.6006,55.50695,55.92685,0.12254999999999999,50.811,50.7297,51.04475,0.0967,4.7896,4.7620000000000005,4.948449999999999,0.04025,345.94335,345.94335,345.94335,19236.2368,19203.64735,19349.8041,42.679100000000005
600M,0.4,block,100,768,669,0.1302,0.0,55.409400000000005,55.301649999999995,55.61685,0.09985,50.6275,50.542249999999996,50.801,0.08335,4.78185,4.753349999999999,4.93335,0.039150000000000004,348.6711,348.6711,348.6711,19319.997300000003,19282.40495,19392.38775,34.84175
600M,0.6,random,154,768,615,0.2005,0.0,46.49405,46.391400000000004,46.67345,0.09695000000000001,41.69925,41.6182,41.85325,0.08265,4.79485,4.76265,4.96435,0.0422,348.0852,348.0852,348.0852,16184.250900000001,16148.5507,16246.6424,33.70745
600M,0.6,block,154,768,615,0.2005,0.0,46.407399999999996,46.2512,46.533249999999995,0.08310000000000001,41.622749999999996,41.49015,41.734300000000005,0.07429999999999999,4.7846,4.74895,4.81635,0.0191,348.20525,348.20525,348.20525,16159.67425,16105.356649999998,16203.4671,28.91125
600M,0.8,random,208,768,561,0.2708,0.0,45.4482,45.174350000000004,45.59725,0.1412,40.6898,40.44585,40.80435,0.12535,4.75845,4.7197,4.8027999999999995,0.022449999999999998,346.1388,346.1388,346.1388,15733.55315,15638.8511,15785.15685,48.92825
600M,0.8,block,208,768,561,0.2708,0.0,45.5616,45.322050000000004,45.74605,0.11475,40.7899,40.5839,40.906800000000004,0.09635,4.771649999999999,4.7378,4.87565,0.029249999999999998,348.42255,348.42255,348.42255,15874.81675,15791.355599999999,15939.1052,39.991150000000005
