chip,mask_ratio,trial,block_psnr,random_psnr
chip_217_425,0.2,0,31.57259406237511,33.55615085579369
chip_217_425,0.2,1,29.709030364888633,33.9364135868665
chip_217_425,0.2,2,30.83861990990765,33.13007544439167
chip_217_425,0.2,3,33.04102236341831,33.6700397971329
chip_217_425,0.2,4,30.437116421851783,33.45144280006582
chip_217_425,0.2,5,32.1048878746668,33.39431438827445
chip_217_425,0.2,6,30.750123624368303,32.849570157548705
chip_217_425,0.2,7,29.140457884736715,32.984475044020755
chip_217_425,0.2,8,30.87265053311592,34.086803729596376
chip_217_425,0.2,9,30.981889189046456,33.515362023059346
chip_217_425,0.2,10,31.953735371730993,33.32529633065411
chip_217_425,0.2,11,31.150671104129863,33.55089089079249
chip_217_425,0.2,12,30.58559947150751,34.33053022711567
chip_217_425,0.2,13,32.97629409081084,33.27193181346632
chip_217_425,0.2,14,31.09596236380424,33.28274284056266
chip_217_425,0.2,15,31.148913015097975,33.576408461410416
chip_217_425,0.2,16,30.981543757017228,33.41833120841548
chip_217_425,0.2,17,30.37292325303303,33.294382320378894
chip_217_425,0.2,18,30.476042775719026,33.77330717637643
chip_217_425,0.2,19,31.095786999703687,34.196838889610525
chip_217_425,0.2,20,30.65078958649152,33.48542974285349
chip_217_425,0.2,21,30.871868087627917,33.71839559630721
chip_217_425,0.2,22,30.43691402462983,33.18370857485345
chip_217_425,0.2,23,31.107958250091578,33.332110220977206
chip_217_425,0.2,24,30.955741123713864,33.64731325751095
chip_217_425,0.2,25,30.782973209194132,33.61719977624405
chip_217_425,0.2,26,30.63502290693384,33.04458091439694
chip_217_425,0.2,27,30.7714558274655,33.70123476461913
chip_217_425,0.2,28,30.55721933616441,33.457635712412866
chip_217_425,0.2,29,30.26332931196287,33.79203031622296
chip_217_425,0.2,30,31.45138115988334,34.159622041906054
chip_217_425,0.2,31,32.96987280658166,34.13508027289542
chip_217_425,0.2,32,31.28886128145062,33.33301304924328
chip_217_425,0.2,33,31.069649892370286,32.70175379773879
chip_217_425,0.2,34,31.33235329216365,33.167454510900406
chip_217_425,0.2,35,31.49130667589266,33.5000267006493
chip_217_425,0.2,36,30.263340861549032,33.71316853737858
chip_217_425,0.2,37,30.77107208805424,33.17858396385991
chip_217_425,0.2,38,31.330574370803596,33.56419822178918
chip_217_425,0.2,39,31.537441768578425,32.9811034861914
chip_217_425,0.2,40,29.72879002606541,33.742520772312126
chip_217_425,0.2,41,30.633973788355867,33.13543501617879
chip_217_425,0.2,42,32.105807365149204,33.90488502127456
chip_217_425,0.2,43,31.090346423313502,33.2870838508699
chip_217_425,0.2,44,31.069683201887507,33.6572384441306
chip_217_425,0.2,45,31.10768224515716,33.690128272797374
chip_217_425,0.2,46,30.66034901152978,33.71547394850275
chip_217_425,0.2,47,30.955286258190263,33.34592445843026
chip_217_425,0.2,48,30.263608122179512,33.057606233077664
chip_217_425,0.2,49,30.771598643944913,34.016272519225026
chip_217_425,0.4,0,32.111755093433366,33.009872551798544
chip_217_425,0.4,1,30.32307716300992,33.36752621444526
chip_217_425,0.4,2,30.131651010507376,33.168489960062985
chip_217_425,0.4,3,30.304543766325583,33.13714813494635
chip_217_425,0.4,4,30.557208414987485,33.56622474986917
chip_217_425,0.4,5,30.303686185331493,33.8841748115179
chip_217_425,0.4,6,31.332052345975576,33.70446153377663
chip_217_425,0.4,7,29.493841076165936,32.35721152648014
chip_217_425,0.4,8,30.545147807501355,33.091153172782526
chip_217_425,0.4,9,29.841570956614063,33.147044769638796
chip_217_425,0.4,10,31.397283577369755,33.505663398479804
chip_217_425,0.4,11,31.055597655239062,33.16385385669258
chip_217_425,0.4,12,30.795634137860922,33.1359881992533
chip_217_425,0.4,13,30.606957961253034,32.66436794338012
chip_217_425,0.4,14,30.132574579727326,32.849175043408046
chip_217_425,0.4,15,30.718093537962126,33.35477300026862
chip_217_425,0.4,16,31.16445805982964,33.1536649188193
chip_217_425,0.4,17,30.993880018317984,33.67211456583315
chip_217_425,0.4,18,30.786999323256335,32.720495037785106
chip_217_425,0.4,19,31.776464446262672,33.564794448523315
chip_217_425,0.4,20,30.43016902780122,33.20787319746329
chip_217_425,0.4,21,30.530929852201353,33.75328737442084
chip_217_425,0.4,22,30.618156589554083,33.1034130257932
chip_217_425,0.4,23,30.745551031662725,33.610901542123706
chip_217_425,0.4,24,30.857716031257727,33.45452051118267
chip_217_425,0.4,25,30.629660905734827,33.542144033924465
chip_217_425,0.4,26,30.303934522066925,33.02217396595941
chip_217_425,0.4,27,30.132426024018958,32.99998492408429
chip_217_425,0.4,28,30.807600719828244,33.26624784862456
chip_217_425,0.4,29,31.165165450629377,33.293306706969844
chip_217_425,0.4,30,31.300417744661125,32.54072655329936
chip_217_425,0.4,31,30.807215295641207,33.69424478997597
chip_217_425,0.4,32,30.862511303916303,32.716504712214444
chip_217_425,0.4,33,29.84173523849438,33.011588678526806
chip_217_425,0.4,34,30.448499101860826,33.077256774257236
chip_217_425,0.4,35,30.430373343933294,32.89130274846742
chip_217_425,0.4,36,30.717842124333394,32.798341154446284
chip_217_425,0.4,37,29.8776963787714,33.598315910946354
chip_217_425,0.4,38,31.16465605153057,32.78997540651456
chip_217_425,0.4,39,31.54133732291202,33.27345173115483
chip_217_425,0.4,40,30.128969499146955,32.35114930044058
chip_217_425,0.4,41,30.304199141027674,33.10381956348814
chip_217_425,0.4,42,30.787595698083283,32.72697311459871
chip_217_425,0.4,43,31.332229269575905,32.43899748801316
chip_217_425,0.4,44,31.635255340735853,33.003002199749815
chip_217_425,0.4,45,30.401922656500343,33.45727592574307
chip_217_425,0.4,46,30.718460693618333,33.54769150560915
chip_217_425,0.4,47,29.866562891933967,33.11399979493517
chip_217_425,0.4,48,30.618124820445637,33.43491119905255
chip_217_425,0.4,49,30.807688404040093,33.32797937210424
chip_217_425,0.6,0,30.081776348421712,32.39337853205862
chip_217_425,0.6,1,31.622424660591403,32.03759962647404
chip_217_425,0.6,2,31.059577568041185,32.56306225138656
chip_217_425,0.6,3,29.9734001660955,32.5775835380185
chip_217_425,0.6,4,31.622678464123815,32.20788799926794
chip_217_425,0.6,5,29.99556605233336,31.96403822999034
chip_217_425,0.6,6,30.54615619044872,32.07567290472707
chip_217_425,0.6,7,29.995658481017614,32.539637638478496
chip_217_425,0.6,8,31.059700496754985,32.05106518022742
chip_217_425,0.6,9,30.54605241766673,32.66691456296966
chip_217_425,0.6,10,30.08198809894809,32.48126711915763
chip_217_425,0.6,11,31.21479612352349,32.238865028904364
chip_217_425,0.6,12,31.21456473671488,32.3135385472364
chip_217_425,0.6,13,30.401675030751484,31.64977365838118
chip_217_425,0.6,14,29.99588476282062,32.96396419452789
chip_217_425,0.6,15,30.37995479655391,32.22317997051328
chip_217_425,0.6,16,30.37995148569237,32.23269047188917
chip_217_425,0.6,17,30.081953064084956,32.64325122126226
chip_217_425,0.6,18,30.714367367157507,32.95940908158923
chip_217_425,0.6,19,30.54626168576322,31.44820509218809
chip_217_425,0.6,20,29.973386096169968,32.69313101588126
chip_217_425,0.6,21,31.21483190264209,32.522069489124235
chip_217_425,0.6,22,30.379966108683213,31.956404386828243
chip_217_425,0.6,23,30.402038293964996,31.926992824182875
chip_217_425,0.6,24,29.595488176128523,32.22194687088276
chip_217_425,0.6,25,30.900476151802696,32.473245016161314
chip_217_425,0.6,26,29.996026194934863,32.457070194625224
chip_217_425,0.6,27,30.995840644749947,32.08586246168628
chip_217_425,0.6,28,30.372633479954242,32.19400687894794
chip_217_425,0.6,29,31.05982375160968,32.668911619147245
chip_217_425,0.6,30,30.545841726414196,32.19962112276294
chip_217_425,0.6,31,30.37256351862936,32.38300976825877
chip_217_425,0.6,32,29.995988310881202,31.72581942645877
chip_217_425,0.6,33,30.043187559708684,32.725353517858856
chip_217_425,0.6,34,30.082313215349494,32.4546232009747
chip_217_425,0.6,35,30.89984168264191,32.67601247988875
chip_217_425,0.6,36,30.900136201651836,32.95778037996557
chip_217_425,0.6,37,30.714274693361872,32.21626202082154
chip_217_425,0.6,38,30.838544784165073,32.88680106024138
chip_217_425,0.6,39,31.21450254525278,32.22428136879942
chip_217_425,0.6,40,29.995785763081074,32.34398517842032
chip_217_425,0.6,41,31.62268507570204,32.2037895448299
chip_217_425,0.6,42,31.62276074225851,32.09756189673885
chip_217_425,0.6,43,31.05966210132372,32.51651783592879
chip_217_425,0.6,44,30.380150417770086,32.63970257805334
chip_217_425,0.6,45,31.622351203581267,32.16340694765745
chip_217_425,0.6,46,30.40222104626032,32.45538665384886
chip_217_425,0.6,47,30.900366668153815,32.51416566079173
chip_217_425,0.6,48,30.995964644077553,32.679758191857054
chip_217_425,0.6,49,30.996240316805693,32.40211613278167
chip_217_425,0.8,0,28.273903301816603,31.235949122327487
chip_217_425,0.8,1,30.60080856363158,31.274512630767553
chip_217_425,0.8,2,29.885596804729264,31.54462374902141
chip_217_425,0.8,3,30.601100904412405,30.785577202849694
chip_217_425,0.8,4,29.88513935120691,31.428423101965212
chip_217_425,0.8,5,30.127038450869044,31.17786020578514
chip_217_425,0.8,6,28.274657656300597,31.035526724373547
chip_217_425,0.8,7,30.601040518606766,31.376801701342686
chip_217_425,0.8,8,30.127292507669438,31.599861728039592
chip_217_425,0.8,9,30.601278873232893,31.166517416445764
chip_217_425,0.8,10,28.27462095494206,31.28378672064799
chip_217_425,0.8,11,28.274030037804113,31.429376478108452
chip_217_425,0.8,12,29.88554559117545,31.348833035519036
chip_217_425,0.8,13,30.60126696970736,30.9947194064616
chip_217_425,0.8,14,28.27472562259839,31.110294554648924
chip_217_425,0.8,15,30.127093113474935,31.457072332535848
chip_217_425,0.8,16,29.88520877861841,30.9316313057884
chip_217_425,0.8,17,28.274732079452004,31.362629481005627
chip_217_425,0.8,18,29.884841466045753,31.315536103511683
chip_217_425,0.8,19,30.601084065978338,31.769814114335514
chip_217_425,0.8,20,30.12690309880596,30.943664614834915
chip_217_425,0.8,21,30.126675352451336,31.229095112294495
chip_217_425,0.8,22,30.127068124769735,31.414012385063526
chip_217_425,0.8,23,30.127119924433124,31.28949839995636
chip_217_425,0.8,24,29.885156092467,31.62015210887656
chip_217_425,0.8,25,28.274109886773104,31.5468285951252
chip_217_425,0.8,26,28.274746012695143,31.05608958529075
chip_217_425,0.8,27,29.885181696871964,31.332706140337272
chip_217_425,0.8,28,29.885624873952466,31.133010587806893
chip_217_425,0.8,29,30.601052421511632,31.18686484744991
chip_217_425,0.8,30,29.885130980601065,31.344677000437148
chip_217_425,0.8,31,28.274785093981507,31.566085689515667
chip_217_425,0.8,32,30.600759213107516,30.976282010446752
chip_217_425,0.8,33,30.601408362472085,31.533480255203155
chip_217_425,0.8,34,30.12685728829394,31.902066668206995
chip_217_425,0.8,35,28.274509153640956,30.99394357857347
chip_217_425,0.8,36,30.6010111969559,31.25919056069009
chip_217_425,0.8,37,30.12707281014101,31.371152636296546
chip_217_425,0.8,38,29.88495273976488,31.227933145402996
chip_217_425,0.8,39,29.885507673837203,31.077654104486257
chip_217_425,0.8,40,29.8851600315964,31.357022303381896
chip_217_425,0.8,41,30.12668081822397,31.510702327118057
chip_217_425,0.8,42,30.601075937102497,31.461799265949608
chip_217_425,0.8,43,29.885038412623928,31.31692441024144
chip_217_425,0.8,44,30.127147516465822,31.063830793899868
chip_217_425,0.8,45,30.126786230898986,31.163408755347298
chip_217_425,0.8,46,29.88507287919337,31.09122579172515
chip_217_425,0.8,47,28.274382403671293,31.144005860240146
chip_217_425,0.8,48,30.601212097779836,31.4243305997401
chip_217_425,0.8,49,28.27432191839445,30.890229005481356
chip_268_410,0.2,0,34.22283323187497,37.10986410646236
chip_268_410,0.2,1,31.09186576929437,36.40437408952312
chip_268_410,0.2,2,30.551420895116912,36.576773814977
chip_268_410,0.2,3,32.65867112931296,35.84755469561373
chip_268_410,0.2,4,31.96641421111434,36.13736490931138
chip_268_410,0.2,5,31.565238120337234,36.592248242833
chip_268_410,0.2,6,31.215051599579738,35.46676795346507
chip_268_410,0.2,7,31.668785732603936,36.29329958238579
chip_268_410,0.2,8,29.91903389793508,35.817722106226455
chip_268_410,0.2,9,31.6581252232087,35.575116765862944
chip_268_410,0.2,10,32.50618030211713,36.136262960971465
chip_268_410,0.2,11,29.521108874556433,36.59965088472599
chip_268_410,0.2,12,32.000196979261595,36.46981102119282
chip_268_410,0.2,13,30.526454641303367,37.13011077326606
chip_268_410,0.2,14,31.486483459436275,35.77984567014426
chip_268_410,0.2,15,27.737671453983012,36.44496279042109
chip_268_410,0.2,16,28.30697570804205,36.42485810051664
chip_268_410,0.2,17,29.984036997422805,35.90444792000403
chip_268_410,0.2,18,29.601049582545244,35.86715083461966
chip_268_410,0.2,19,31.5653501291904,36.10111730631139
chip_268_410,0.2,20,30.746920772853148,36.16917027742079
chip_268_410,0.2,21,31.66837702763711,36.55115927342931
chip_268_410,0.2,22,29.562436231837893,36.55547287871624
chip_268_410,0.2,23,28.998218039067744,36.499534383637005
chip_268_410,0.2,24,29.861228900097537,37.11534756242753
chip_268_410,0.2,25,32.10300434809233,36.17981223894433
chip_268_410,0.2,26,30.773932683077977,36.016191219156546
chip_268_410,0.2,27,32.65763288424817,36.7134352688115
chip_268_410,0.2,28,32.73909140763933,35.16030997543001
chip_268_410,0.2,29,30.962872104578963,37.04796518634363
chip_268_410,0.2,30,31.62868004055251,36.190674349143045
chip_268_410,0.2,31,32.001679702228714,36.133270364929224
chip_268_410,0.2,32,33.24046045241859,36.098023495890196
chip_268_410,0.2,33,31.174797090949454,35.939678969921275
chip_268_410,0.2,34,33.05012932702572,37.051811274752495
chip_268_410,0.2,35,32.6409979774432,36.756887797461204
chip_268_410,0.2,36,29.52213775547254,37.373900889196534
chip_268_410,0.2,37,29.629747094935478,36.61397303454422
chip_268_410,0.2,38,31.796570811493574,36.74731144734317
chip_268_410,0.2,39,32.14536545349749,37.05027710890062
chip_268_410,0.2,40,31.684072756412945,35.67417023905824
chip_268_410,0.2,41,29.75048650223954,36.54694154911492
chip_268_410,0.2,42,31.798191747989843,36.47665138274349
chip_268_410,0.2,43,29.984852613509712,35.71006884268014
chip_268_410,0.2,44,32.33141860309506,35.58392580784449
chip_268_410,0.2,45,30.745924117999657,36.45878243087612
chip_268_410,0.2,46,28.319562912252096,35.8752802904093
chip_268_410,0.2,47,29.723744417454107,36.51995795378014
chip_268_410,0.2,48,32.152681286671026,36.87392746269296
chip_268_410,0.2,49,30.12272331782569,35.743946305179705
chip_268_410,0.4,0,29.292694166057792,33.150053745387005
chip_268_410,0.4,1,30.011887190547295,33.58330492562164
chip_268_410,0.4,2,29.76909789016181,35.67457219155984
chip_268_410,0.4,3,29.34595207389505,33.40227020189982
chip_268_410,0.4,4,29.241858049041582,36.14119690105025
chip_268_410,0.4,5,28.86696176998808,35.77777647018509
chip_268_410,0.4,6,30.18142343455811,35.215073853037204
chip_268_410,0.4,7,28.710330371836775,35.02494577736804
chip_268_410,0.4,8,30.22426332619707,35.89271051711316
chip_268_410,0.4,9,31.664956328089076,35.992719902776074
chip_268_410,0.4,10,29.232430698499034,35.31740729473896
chip_268_410,0.4,11,29.707580462485346,34.57665031883939
chip_268_410,0.4,12,28.86577400346383,35.88913224594683
chip_268_410,0.4,13,30.2397680213501,36.12494368715788
chip_268_410,0.4,14,28.003187643097206,36.723387061510884
chip_268_410,0.4,15,29.217740755586064,35.55992454691604
chip_268_410,0.4,16,28.96634883997406,36.134933153932856
chip_268_410,0.4,17,31.170046280490006,35.21535651739214
chip_268_410,0.4,18,30.01291595667777,35.93068379741859
chip_268_410,0.4,19,31.323324366101257,35.729252982762155
chip_268_410,0.4,20,29.70455221509903,35.34271626852393
chip_268_410,0.4,21,29.232085837020417,35.36599187176789
chip_268_410,0.4,22,30.514846434986968,35.73034618937545
chip_268_410,0.4,23,29.47153162421859,36.91215039417791
chip_268_410,0.4,24,30.224103349301636,36.02011487776635
chip_268_410,0.4,25,29.769645407306335,35.66656396760188
chip_268_410,0.4,26,30.11491126602376,35.79784817202602
chip_268_410,0.4,27,29.707300654427613,35.86992033097242
chip_268_410,0.4,28,30.18932711256848,35.25664355885657
chip_268_410,0.4,29,29.81672104814907,34.49521778842511
chip_268_410,0.4,30,31.322878005800682,34.4984543023852
chip_268_410,0.4,31,29.292562280982324,35.20350629048373
chip_268_410,0.4,32,30.011275826475703,36.24345505957358
chip_268_410,0.4,33,29.582801888392773,35.8987101934351
chip_268_410,0.4,34,30.252844492998253,35.86057078720652
chip_268_410,0.4,35,30.115045466123437,35.43835194598209
chip_268_410,0.4,36,30.012350079797567,36.17284691419293
chip_268_410,0.4,37,28.710574951706356,35.601728977980834
chip_268_410,0.4,38,31.17073770074398,36.12877224576064
chip_268_410,0.4,39,29.65993076512921,35.86776091922093
chip_268_410,0.4,40,31.707310090566434,35.870261208964145
chip_268_410,0.4,41,29.76934335341033,35.66773286619414
chip_268_410,0.4,42,29.43240348426238,36.35392576701914
chip_268_410,0.4,43,28.865913403167752,35.78799049184502
chip_268_410,0.4,44,31.321835991351588,35.294844644673645
chip_268_410,0.4,45,28.002486655224498,36.156638845367205
chip_268_410,0.4,46,30.2232104084949,35.929397392571765
chip_268_410,0.4,47,28.92138404362129,36.02892607849139
chip_268_410,0.4,48,29.707471278480195,36.12214751959606
chip_268_410,0.4,49,28.00173950630001,35.988624165293096
chip_268_410,0.6,0,29.197573332360722,34.305701162442205
chip_268_410,0.6,1,30.045385391461018,33.30662220367398
chip_268_410,0.6,2,30.42929772182226,34.85226587887461
chip_268_410,0.6,3,30.13858413774399,33.98401927800849
chip_268_410,0.6,4,30.429301070517646,33.96957704744438
chip_268_410,0.6,5,28.930570171228037,33.915864232001326
chip_268_410,0.6,6,28.72712412656489,33.95501394439946
chip_268_410,0.6,7,28.535409115191538,33.87672449568261
chip_268_410,0.6,8,29.328494216746748,35.22946646921524
chip_268_410,0.6,9,28.800855791350912,33.69176340991047
chip_268_410,0.6,10,30.290619756995973,33.12741839353173
chip_268_410,0.6,11,29.197562404765762,34.045412148196064
chip_268_410,0.6,12,29.19859350241549,34.37236417381709
chip_268_410,0.6,13,29.709207676682734,34.953126920864015
chip_268_410,0.6,14,29.708984974233154,33.59707176510999
chip_268_410,0.6,15,30.13865303949272,35.175586434102875
chip_268_410,0.6,16,29.710176636188287,32.58994270967157
chip_268_410,0.6,17,30.429403765096726,34.44007520055016
chip_268_410,0.6,18,28.727957316934955,35.35449070120745
chip_268_410,0.6,19,28.800598786106306,34.33572372270965
chip_268_410,0.6,20,29.709082375597937,33.99647795940846
chip_268_410,0.6,21,29.441408587193916,34.56642429861208
chip_268_410,0.6,22,28.536078556876333,34.15481937976
chip_268_410,0.6,23,29.442039470814866,33.067986238510244
chip_268_410,0.6,24,30.290972767202092,33.30851684674383
chip_268_410,0.6,25,28.684516317974833,34.507959921058806
chip_268_410,0.6,26,28.800017319925143,33.52027746439602
chip_268_410,0.6,27,30.290641109784225,32.77560691416286
chip_268_410,0.6,28,30.866590573218346,35.21231243846594
chip_268_410,0.6,29,29.197751119787565,34.99072379878034
chip_268_410,0.6,30,28.684610431346517,34.82808401969643
chip_268_410,0.6,31,28.590934374082735,33.42114266624745
chip_268_410,0.6,32,28.68477662859075,33.93966749118001
chip_268_410,0.6,33,30.180235130388738,33.06488509286359
chip_268_410,0.6,34,28.590504932310775,33.19267421596318
chip_268_410,0.6,35,28.53459690160576,34.79597889721979
chip_268_410,0.6,36,29.676063481464112,33.75764767994701
chip_268_410,0.6,37,30.42944088085452,34.62451431037898
chip_268_410,0.6,38,28.590939125590925,32.77572187294116
chip_268_410,0.6,39,30.13849592422197,35.012361241374926
chip_268_410,0.6,40,29.327932450342068,34.62788608836994
chip_268_410,0.6,41,30.290688680930472,33.275067293921495
chip_268_410,0.6,42,28.800405850372478,34.89513246461969
chip_268_410,0.6,43,28.930489939989247,34.406643800748796
chip_268_410,0.6,44,30.290284342795758,34.35991866323454
chip_268_410,0.6,45,29.673314099701326,34.37790201608222
chip_268_410,0.6,46,30.29072706257601,34.853270845526126
chip_268_410,0.6,47,29.32723261791191,32.403288044269026
chip_268_410,0.6,48,30.045033908839002,33.93389095396503
chip_268_410,0.6,49,28.930655542055565,34.54876076827483
chip_268_410,0.8,0,29.20477976157315,31.960469547444017
chip_268_410,0.8,1,29.434769195677973,31.956207257414817
chip_268_410,0.8,2,28.55028636745098,31.055109648635423
chip_268_410,0.8,3,28.549665780157753,32.66459438398882
chip_268_410,0.8,4,28.549563322990316,32.38307365658137
chip_268_410,0.8,5,29.43555716467296,32.4828246027179
chip_268_410,0.8,6,28.550333440117136,31.26760870729271
chip_268_410,0.8,7,29.43540577474569,31.78416673982546
chip_268_410,0.8,8,29.20436005419552,32.46091100271926
chip_268_410,0.8,9,29.434543263619272,31.798333259717516
chip_268_410,0.8,10,28.24875649215009,32.839528075929806
chip_268_410,0.8,11,28.54977005000412,31.769150362726094
chip_268_410,0.8,12,29.204399202717095,32.11505001927593
chip_268_410,0.8,13,28.549864184654528,31.65739279232878
chip_268_410,0.8,14,28.54983015112235,31.97584589146497
chip_268_410,0.8,15,28.550279849737418,32.245208616386506
chip_268_410,0.8,16,28.249145326719333,30.7621544947689
chip_268_410,0.8,17,28.249835585382762,31.876657677549023
chip_268_410,0.8,18,28.54966867650857,32.887693553681785
chip_268_410,0.8,19,28.250038325363207,30.621761123095595
chip_268_410,0.8,20,29.43496450987663,31.56743677687524
chip_268_410,0.8,21,29.43485353482256,31.26588114110759
chip_268_410,0.8,22,29.43555094914684,33.12550973917072
chip_268_410,0.8,23,28.249506153099055,32.69874147622238
chip_268_410,0.8,24,29.204797022223307,30.753129496717435
chip_268_410,0.8,25,29.2045469599941,32.210780585522826
chip_268_410,0.8,26,29.435694796459167,32.564314913228564
chip_268_410,0.8,27,29.434301808950323,31.105290610814556
chip_268_410,0.8,28,28.249394658601474,32.4992657016873
chip_268_410,0.8,29,29.205040783608062,31.945789987717713
chip_268_410,0.8,30,28.249101407951883,30.728131843778538
chip_268_410,0.8,31,28.550267900621293,32.18457978605663
chip_268_410,0.8,32,29.203958065600414,31.345711070241702
chip_268_410,0.8,33,28.550297954521465,31.768984345699568
chip_268_410,0.8,34,28.24982984122119,32.342803145083614
chip_268_410,0.8,35,28.550153480446717,31.498135720548333
chip_268_410,0.8,36,28.55033706111259,30.650271602785292
chip_268_410,0.8,37,29.435111889132028,33.444816124429856
chip_268_410,0.8,38,28.550446778706462,32.345293334969924
chip_268_410,0.8,39,28.248940601485923,32.66406261741751
chip_268_410,0.8,40,28.24901188260904,32.48396296207558
chip_268_410,0.8,41,28.55005608083794,30.67711971959625
chip_268_410,0.8,42,28.249915328645862,33.02123668045313
chip_268_410,0.8,43,28.54990944242429,32.10777425051567
chip_268_410,0.8,44,29.205009207527795,32.03626619197291
chip_268_410,0.8,45,29.434905026895017,31.369385127759838
chip_268_410,0.8,46,29.20520498292635,31.144584568684223
chip_268_410,0.8,47,28.54984246109256,32.3339810181858
chip_268_410,0.8,48,29.20511193588377,31.241636211273022
chip_268_410,0.8,49,29.4348064822557,31.173929788757082
chip_105_452,0.2,0,38.434322494121425,35.487262839003336
chip_105_452,0.2,1,38.22621387652587,36.85348058768299
chip_105_452,0.2,2,37.17480647899552,36.58221667943291
chip_105_452,0.2,3,37.47782498943436,33.33204161805808
chip_105_452,0.2,4,37.55940838532315,39.615343805609854
chip_105_452,0.2,5,38.67196058946006,36.44972294840627
chip_105_452,0.2,6,38.11274826941611,38.22709780227663
chip_105_452,0.2,7,38.723212268613175,32.483413897061716
chip_105_452,0.2,8,37.89377202710743,36.48410805595886
chip_105_452,0.2,9,36.78945627509555,31.95349753586118
chip_105_452,0.2,10,38.65258453914678,35.573348524713595
chip_105_452,0.2,11,36.81967388972606,38.55489312535316
chip_105_452,0.2,12,34.03070166508146,39.23214355916192
chip_105_452,0.2,13,37.89419891087579,38.677659934246094
chip_105_452,0.2,14,38.65222541329638,31.95332114933631
chip_105_452,0.2,15,35.34101852729535,38.1698485545181
chip_105_452,0.2,16,26.42027521115383,29.212834040470128
chip_105_452,0.2,17,37.415168756866784,36.776143187565864
chip_105_452,0.2,18,37.17304563999672,34.02155889635346
chip_105_452,0.2,19,39.46046130940879,32.805408618041305
chip_105_452,0.2,20,29.56342511285504,36.531707053734145
chip_105_452,0.2,21,38.11225843538673,39.74287116733323
chip_105_452,0.2,22,36.808749028332976,38.19138776212074
chip_105_452,0.2,23,38.65188624040708,36.06225787065639
chip_105_452,0.2,24,34.921142085168,35.726840107569195
chip_105_452,0.2,25,38.672993611241154,37.16643131947984
chip_105_452,0.2,26,38.2261491856038,35.8006656083281
chip_105_452,0.2,27,38.64124171371081,35.46298932171193
chip_105_452,0.2,28,38.67195360727371,38.659931586108726
chip_105_452,0.2,29,31.818624745961394,36.79647314731825
chip_105_452,0.2,30,38.12438055288752,36.16510262394398
chip_105_452,0.2,31,38.59297269998922,38.40496291454065
chip_105_452,0.2,32,35.49623806655197,35.80231059838043
chip_105_452,0.2,33,39.08434753562831,37.542214034065594
chip_105_452,0.2,34,37.8657581134958,34.58679180923749
chip_105_452,0.2,35,37.86631835680175,37.70752576517492
chip_105_452,0.2,36,37.74053114238862,36.24857017780111
chip_105_452,0.2,37,39.055166670279164,35.89973085994258
chip_105_452,0.2,38,38.23258014178867,37.239609967632994
chip_105_452,0.2,39,37.17399734729503,36.71967607319917
chip_105_452,0.2,40,38.74159725154572,37.97761716398456
chip_105_452,0.2,41,37.869294773549605,33.45263275768869
chip_105_452,0.2,42,38.15280190441177,29.904600250995284
chip_105_452,0.2,43,38.25872676514414,34.89364463224526
chip_105_452,0.2,44,37.65922461210564,35.88310316228921
chip_105_452,0.2,45,38.65306326532746,38.46689525160532
chip_105_452,0.2,46,36.14616091234228,36.492285646722635
chip_105_452,0.2,47,37.80044723761623,36.81245018765765
chip_105_452,0.2,48,34.03164181901367,31.578853297011165
chip_105_452,0.2,49,38.115355508745296,37.19587644688537
chip_105_452,0.4,0,35.44147287770055,34.363236741894575
chip_105_452,0.4,1,28.308112173132137,36.58250927094124
chip_105_452,0.4,2,34.66009431314032,35.30076442593442
chip_105_452,0.4,3,36.99639705164188,34.47097698576755
chip_105_452,0.4,4,37.7703348048559,35.710212878323084
chip_105_452,0.4,5,36.91165626799881,38.78204183249223
chip_105_452,0.4,6,37.814341367351155,34.44028777349372
chip_105_452,0.4,7,36.52754197620848,34.08859593017996
chip_105_452,0.4,8,37.011454903746404,37.433026031367966
chip_105_452,0.4,9,37.515507725326536,35.75964922198236
chip_105_452,0.4,10,28.648823393229303,36.71217229471545
chip_105_452,0.4,11,36.911381294989035,33.3490646424665
chip_105_452,0.4,12,28.401592869075433,37.08514773558937
chip_105_452,0.4,13,37.499788567940335,35.317881617997536
chip_105_452,0.4,14,37.428907663210644,29.27104227941879
chip_105_452,0.4,15,36.73597937124522,37.915964405454986
chip_105_452,0.4,16,37.411586456054515,36.1125390408168
chip_105_452,0.4,17,37.91278739337871,36.2407315499389
chip_105_452,0.4,18,26.956632851097808,36.14498545192042
chip_105_452,0.4,19,36.526947696870465,34.05595909394963
chip_105_452,0.4,20,33.302712632327186,36.393812958727175
chip_105_452,0.4,21,37.22502583846956,31.708161872680765
chip_105_452,0.4,22,37.739333430904026,35.70948992406769
chip_105_452,0.4,23,34.6602658156383,37.42052873702526
chip_105_452,0.4,24,28.401446959934393,38.71006993383901
chip_105_452,0.4,25,38.0435884653479,35.25538860493275
chip_105_452,0.4,26,28.308428957135966,33.474137191519276
chip_105_452,0.4,27,37.739286866165635,34.34063050815833
chip_105_452,0.4,28,28.30870808867835,38.52739564980692
chip_105_452,0.4,29,37.67323898177624,36.54916538643276
chip_105_452,0.4,30,35.44156579694965,38.43786005972963
chip_105_452,0.4,31,36.69862969837339,36.2335991477355
chip_105_452,0.4,32,37.81579384378754,33.61176725831775
chip_105_452,0.4,33,37.74453154085379,32.61797573292528
chip_105_452,0.4,34,37.74480789041413,36.96562059202377
chip_105_452,0.4,35,37.04622012687156,35.60632838164548
chip_105_452,0.4,36,37.498538904087496,37.604938269668686
chip_105_452,0.4,37,37.428591968577265,34.23014217359815
chip_105_452,0.4,38,37.91402961535813,32.136557541376774
chip_105_452,0.4,39,37.51621397090518,34.05501301857973
chip_105_452,0.4,40,35.636558790121875,30.064152797480848
chip_105_452,0.4,41,37.673009309548945,35.231399379969254
chip_105_452,0.4,42,37.91368325846695,37.658143464643764
chip_105_452,0.4,43,37.69202255027318,34.374260208324785
chip_105_452,0.4,44,38.0430697211652,37.81636755485674
chip_105_452,0.4,45,37.769782268910134,33.55452185173955
chip_105_452,0.4,46,26.825630202157683,36.71747005530729
chip_105_452,0.4,47,37.364490413684706,37.72783397337099
chip_105_452,0.4,48,27.652461269395122,33.934333755330755
chip_105_452,0.4,49,28.433033656680955,34.5838922901585
chip_105_452,0.6,0,29.659819032544554,34.10322942190546
chip_105_452,0.6,1,27.296558740960197,31.863330797019476
chip_105_452,0.6,2,29.29096193636537,34.49776315467926
chip_105_452,0.6,3,35.435281415444514,33.28998062969226
chip_105_452,0.6,4,29.837182008348442,33.534811085243234
chip_105_452,0.6,5,35.453264711834066,30.231594510967767
chip_105_452,0.6,6,36.014203204438886,36.912965576939236
chip_105_452,0.6,7,29.49813090894056,34.00328355663481
chip_105_452,0.6,8,35.19317236687645,33.84442840506067
chip_105_452,0.6,9,35.45292487322946,33.24516602866623
chip_105_452,0.6,10,29.659235638793426,33.38608644657572
chip_105_452,0.6,11,36.01437232953124,31.447137511985556
chip_105_452,0.6,12,35.19233668706453,35.08081292164182
chip_105_452,0.6,13,29.659596510939306,30.908779441451124
chip_105_452,0.6,14,35.98626749080345,34.60804369939187
chip_105_452,0.6,15,35.98581807664449,32.4252558485801
chip_105_452,0.6,16,28.483742682766806,32.95590263567109
chip_105_452,0.6,17,36.427140755698275,30.287942840988336
chip_105_452,0.6,18,35.77586834337835,34.727063546167244
chip_105_452,0.6,19,35.98622435305173,29.80900819895759
chip_105_452,0.6,20,36.014708074975545,31.32758732622763
chip_105_452,0.6,21,36.427566336449345,35.19413568735914
chip_105_452,0.6,22,29.837286710679372,36.26234683490916
chip_105_452,0.6,23,28.483594700587012,34.43715855614696
chip_105_452,0.6,24,35.986349253066706,33.81736030069601
chip_105_452,0.6,25,35.98570272113572,34.67979219734354
chip_105_452,0.6,26,35.775784714713225,29.397082588826393
chip_105_452,0.6,27,36.50427112394299,34.72237153166609
chip_105_452,0.6,28,35.21744746089574,33.77015232770525
chip_105_452,0.6,29,35.21781349003914,36.5176537795842
chip_105_452,0.6,30,36.42713353811954,34.15628308747836
chip_105_452,0.6,31,35.77624779880879,33.103878455204395
chip_105_452,0.6,32,29.659203386136546,34.28585381962812
chip_105_452,0.6,33,29.498166491437093,32.93229894952549
chip_105_452,0.6,34,35.7756547350703,36.63769047015962
chip_105_452,0.6,35,36.426772119323886,35.06102908314936
chip_105_452,0.6,36,29.49821738842622,34.15564232557195
chip_105_452,0.6,37,36.50526787539291,33.8365178190078
chip_105_452,0.6,38,35.19278668066189,34.55842600066401
chip_105_452,0.6,39,36.42671910266003,34.80195277512121
chip_105_452,0.6,40,35.1920780767454,34.730113615878075
chip_105_452,0.6,41,34.06339594936294,35.673796797366535
chip_105_452,0.6,42,28.483368636341694,29.862363160082875
chip_105_452,0.6,43,27.296556841858273,33.43172116225957
chip_105_452,0.6,44,35.19219254855733,35.66451542549879
chip_105_452,0.6,45,36.01426227126002,35.01074615826035
chip_105_452,0.6,46,28.483549415481797,29.314692444852703
chip_105_452,0.6,47,35.19341516200671,34.0234651389768
chip_105_452,0.6,48,28.483781551211607,32.993568329505244
chip_105_452,0.6,49,36.42775318318188,34.50242207235707
chip_105_452,0.8,0,29.485365265646507,31.48915868217876
chip_105_452,0.8,1,29.485620803960003,30.565121679933796
chip_105_452,0.8,2,28.009899037797922,33.054172336022766
chip_105_452,0.8,3,29.48459335281294,31.891951818545863
chip_105_452,0.8,4,28.0098725002297,29.387448690979326
chip_105_452,0.8,5,30.04869828633148,32.71637902523704
chip_105_452,0.8,6,29.174569543867264,29.816549470290845
chip_105_452,0.8,7,28.009951793686238,30.09017700321284
chip_105_452,0.8,8,30.048277006730352,30.080365457058264
chip_105_452,0.8,9,29.48531900987885,28.48861286105478
chip_105_452,0.8,10,29.174352987807588,30.358247387909564
chip_105_452,0.8,11,30.04844060560551,30.655323111334766
chip_105_452,0.8,12,29.174475896678477,29.924290844687636
chip_105_452,0.8,13,29.17441444180823,33.94303256837114
chip_105_452,0.8,14,30.048335799366704,32.93501960231259
chip_105_452,0.8,15,28.009997196236544,29.15500608186331
chip_105_452,0.8,16,29.174445378164826,33.662709962478246
chip_105_452,0.8,17,29.174690368446875,30.365656395160947
chip_105_452,0.8,18,29.485331584213533,32.34494153398073
chip_105_452,0.8,19,29.17446544510856,32.74570385961278
chip_105_452,0.8,20,28.010096955619904,32.79244194181274
chip_105_452,0.8,21,28.01005251125261,30.37197577783134
chip_105_452,0.8,22,30.048669143101634,30.697877866108673
chip_105_452,0.8,23,29.174485094080808,29.121913599429227
chip_105_452,0.8,24,30.048941154185826,32.09089012189108
chip_105_452,0.8,25,29.174458756117012,30.54069715329068
chip_105_452,0.8,26,29.17443074607681,30.268356552412033
chip_105_452,0.8,27,29.485828748692207,28.95002071118915
chip_105_452,0.8,28,28.009881772373664,32.4009432192443
chip_105_452,0.8,29,28.009956589707862,31.279018070108545
chip_105_452,0.8,30,29.48511782547516,34.01467906755935
chip_105_452,0.8,31,29.485176652986198,29.912579050725423
chip_105_452,0.8,32,30.048898715244626,31.02260371531301
chip_105_452,0.8,33,30.04914057163084,30.04675123276695
chip_105_452,0.8,34,28.009992080432497,33.69889838820623
chip_105_452,0.8,35,29.174549058372165,30.363694999863196
chip_105_452,0.8,36,29.485547599004846,33.56359374982684
chip_105_452,0.8,37,30.04864000006735,33.05050028981664
chip_105_452,0.8,38,29.48519955551515,29.403536324632157
chip_105_452,0.8,39,29.484639600852386,30.8586468755996
chip_105_452,0.8,40,29.485386372810982,31.769287132092245
chip_105_452,0.8,41,29.174453739380116,33.30093647151137
chip_105_452,0.8,42,28.00986738457254,30.647401788879893
chip_105_452,0.8,43,30.048629774487633,32.06345202934932
chip_105_452,0.8,44,30.048761175020125,29.608159428183075
chip_105_452,0.8,45,28.009873139687272,29.93027254039067
chip_105_452,0.8,46,28.010025653006526,30.412690690423343
chip_105_452,0.8,47,30.048863434994733,32.62604872881977
chip_105_452,0.8,48,29.48464139690269,33.2677480747326
chip_105_452,0.8,49,30.048638977508297,32.814325602072316
