backbone,ratio,block_psnr_median,random_psnr_median,delta_median,ci_lo,ci_hi,delta_mean,block_mae_median,random_mae_median,frac_trials_block_mae_worse
tiny,0.2,31.9403,34.5599,2.6195999999999984,2.450800000000008,2.771507500000003,2.6147526800000023,0.0164255,0.011834500000000001,0.9628
tiny,0.4,31.34225,34.291650000000004,2.9494000000000042,2.741094999999999,3.1383575000000024,2.8590770799999916,0.01718,0.012006,0.9868
tiny,0.6,31.046799999999998,33.684349999999995,2.6375499999999974,2.448997499999998,2.8514537499999997,2.6472842400000047,0.017928,0.0127905,0.9936
tiny,0.8,30.67105,32.5626,1.8915500000000023,1.7231450000000037,2.071501250000004,1.9788550399999956,0.018624,0.0145015,0.9924
100M,0.2,33.9353,36.355850000000004,2.4205500000000058,2.258398750000002,2.630202500000002,2.396528359999998,0.012677,0.009485500000000001,0.9428
100M,0.4,32.90945,35.8425,2.9330500000000015,2.7231987499999986,3.1326049999999968,2.7366051599999963,0.0139245,0.009989,0.9812
100M,0.6,32.508799999999994,34.985600000000005,2.4768000000000114,2.3035487499999943,2.647357499999996,2.456140160000004,0.0147435,0.010918500000000001,0.9924
100M,0.8,32.068,33.691050000000004,1.6230500000000063,1.468697500000005,1.799402500000002,1.7486492399999989,0.015424,0.0125175,0.9864
300M,0.2,33.9657,36.76115,2.7954500000000024,2.6452000000000027,2.9398049999999984,2.7296169999999975,0.012836,0.009093500000000001,0.9748
300M,0.4,33.19605,36.27515,3.079099999999997,2.8793000000000006,3.2781999999999982,2.947995640000002,0.013780500000000001,0.009498,0.9904
300M,0.6,32.977050000000006,35.447,2.469949999999997,2.3143474999999976,2.664901249999996,2.5736752799999962,0.01401,0.0103365,0.9944
300M,0.8,32.486549999999994,34.1506,1.6640500000000031,1.521350000000005,1.8341999999999958,1.8096405600000054,0.014824500000000001,0.0119335,0.9912
600M,0.2,34.5835,37.6719,3.0884,2.9238462500000013,3.275854999999998,3.0724398400000013,0.011765,0.008216999999999999,0.9664
600M,0.4,33.901849999999996,37.273849999999996,3.372,3.1816999999999993,3.5760025000000004,3.3011417600000073,0.0125335,0.008400999999999999,0.9912
600M,0.6,33.48845,36.301950000000005,2.8135000000000048,2.6101474999999974,3.012051250000002,2.9068267600000013,0.013099,0.009230499999999999,0.9984
600M,0.8,32.548500000000004,34.8725,2.323999999999998,2.1164487500000004,2.4831550000000018,2.3294277200000053,0.014637,0.0109135,0.9972
